transaction_id,sender_account,receiver_account,amount,timestamp,currency,description
TXN-CYC3-00001,CYC3_ACC_A,CYC3_ACC_B,25000.00,2026-09-03T12:00:00+00:00,USD,Consulting Service Agreement
TXN-CYC3-00002,CYC3_ACC_B,CYC3_ACC_C,25000.00,2026-09-03T17:00:00+00:00,USD,Consulting Service Agreement
TXN-CYC3-00003,CYC3_ACC_C,CYC3_ACC_A,25000.00,2026-09-03T22:00:00+00:00,USD,Consulting Service Agreement
TXN-CYC4-00004,CYC4_ACC_W,CYC4_ACC_X,48000.00,2026-09-04T18:00:00+00:00,USD,Cross-Border Trade Invoice
TXN-CYC4-00005,CYC4_ACC_X,CYC4_ACC_Y,48000.00,2026-09-05T00:00:00+00:00,USD,Cross-Border Trade Invoice
TXN-CYC4-00006,CYC4_ACC_Y,CYC4_ACC_Z,48000.00,2026-09-05T06:00:00+00:00,USD,Cross-Border Trade Invoice
TXN-CYC4-00007,CYC4_ACC_Z,CYC4_ACC_W,48000.00,2026-09-05T12:00:00+00:00,USD,Cross-Border Trade Invoice
TXN-CYC5-00008,CYC5_ACC_ALPHA,CYC5_ACC_BETA,75000.00,2026-09-05T10:00:00+00:00,USD,Equipment Lease
TXN-CYC5-00009,CYC5_ACC_BETA,CYC5_ACC_GAMMA,75000.00,2026-09-05T14:00:00+00:00,USD,Equipment Lease
TXN-CYC5-00010,CYC5_ACC_GAMMA,CYC5_ACC_DELTA,75000.00,2026-09-05T18:00:00+00:00,USD,Equipment Lease
TXN-CYC5-00011,CYC5_ACC_DELTA,CYC5_ACC_EPSILON,75000.00,2026-09-05T22:00:00+00:00,USD,Equipment Lease
TXN-CYC5-00012,CYC5_ACC_EPSILON,CYC5_ACC_ALPHA,75000.00,2026-09-06T02:00:00+00:00,USD,Equipment Lease
TXN-SMURF-IN-00013,SMURF_MULE_01,SMURF_AGGREGATOR_01,9615.63,2026-09-06T17:00:00+00:00,USD,P2P Transfer
TXN-SMURF-IN-00014,SMURF_MULE_02,SMURF_AGGREGATOR_01,9216.26,2026-09-06T17:45:00+00:00,USD,P2P Transfer
TXN-SMURF-IN-00015,SMURF_MULE_03,SMURF_AGGREGATOR_01,9378.77,2026-09-06T18:30:00+00:00,USD,P2P Transfer
TXN-SMURF-IN-00016,SMURF_MULE_04,SMURF_AGGREGATOR_01,9345.09,2026-09-06T19:15:00+00:00,USD,P2P Transfer
TXN-SMURF-IN-00017,SMURF_MULE_05,SMURF_AGGREGATOR_01,9678.71,2026-09-06T20:00:00+00:00,USD,P2P Transfer
TXN-SMURF-IN-00018,SMURF_MULE_06,SMURF_AGGREGATOR_01,9639.85,2026-09-06T20:45:00+00:00,USD,P2P Transfer
TXN-SMURF-IN-00019,SMURF_MULE_07,SMURF_AGGREGATOR_01,9779.92,2026-09-06T21:30:00+00:00,USD,P2P Transfer
TXN-SMURF-IN-00020,SMURF_MULE_08,SMURF_AGGREGATOR_01,9256.51,2026-09-06T22:15:00+00:00,USD,P2P Transfer
TXN-SMURF-IN-00021,SMURF_MULE_09,SMURF_AGGREGATOR_01,9474.25,2026-09-06T23:00:00+00:00,USD,P2P Transfer
TXN-SMURF-IN-00022,SMURF_MULE_10,SMURF_AGGREGATOR_01,9219.37,2026-09-06T23:45:00+00:00,USD,P2P Transfer
TXN-SMURF-IN-00023,SMURF_MULE_11,SMURF_AGGREGATOR_01,9342.11,2026-09-07T00:30:00+00:00,USD,P2P Transfer
TXN-SMURF-IN-00024,SMURF_MULE_12,SMURF_AGGREGATOR_01,9528.48,2026-09-07T01:15:00+00:00,USD,P2P Transfer
TXN-SMURF-IN-00025,SMURF_MULE_13,SMURF_AGGREGATOR_01,9217.25,2026-09-07T02:00:00+00:00,USD,P2P Transfer
TXN-SMURF-IN-00026,SMURF_MULE_14,SMURF_AGGREGATOR_01,9329.24,2026-09-07T02:45:00+00:00,USD,P2P Transfer
TXN-SMURF-OUT-00027,SMURF_DISPERSER_01,CASHOUT_MULE_01,4792.45,2026-09-07T22:00:00+00:00,USD,Digital Assets Settlement
TXN-SMURF-OUT-00028,SMURF_DISPERSER_01,CASHOUT_MULE_02,4745.22,2026-09-07T22:30:00+00:00,USD,Digital Assets Settlement
TXN-SMURF-OUT-00029,SMURF_DISPERSER_01,CASHOUT_MULE_03,4599.20,2026-09-07T23:00:00+00:00,USD,Digital Assets Settlement
TXN-SMURF-OUT-00030,SMURF_DISPERSER_01,CASHOUT_MULE_04,4765.17,2026-09-07T23:30:00+00:00,USD,Digital Assets Settlement
TXN-SMURF-OUT-00031,SMURF_DISPERSER_01,CASHOUT_MULE_05,4864.24,2026-09-08T00:00:00+00:00,USD,Digital Assets Settlement
TXN-SMURF-OUT-00032,SMURF_DISPERSER_01,CASHOUT_MULE_06,4502.92,2026-09-08T00:30:00+00:00,USD,Digital Assets Settlement
TXN-SMURF-OUT-00033,SMURF_DISPERSER_01,CASHOUT_MULE_07,4862.62,2026-09-08T01:00:00+00:00,USD,Digital Assets Settlement
TXN-SMURF-OUT-00034,SMURF_DISPERSER_01,CASHOUT_MULE_08,4814.16,2026-09-08T01:30:00+00:00,USD,Digital Assets Settlement
TXN-SMURF-OUT-00035,SMURF_DISPERSER_01,CASHOUT_MULE_09,4653.11,2026-09-08T02:00:00+00:00,USD,Digital Assets Settlement
TXN-SMURF-OUT-00036,SMURF_DISPERSER_01,CASHOUT_MULE_10,4569.97,2026-09-08T02:30:00+00:00,USD,Digital Assets Settlement
TXN-SMURF-OUT-00037,SMURF_DISPERSER_01,CASHOUT_MULE_11,4930.75,2026-09-08T03:00:00+00:00,USD,Digital Assets Settlement
TXN-SMURF-OUT-00038,SMURF_DISPERSER_01,CASHOUT_MULE_12,4651.47,2026-09-08T03:30:00+00:00,USD,Digital Assets Settlement
TXN-SHELL-00039,DIRTY_ORIGIN_99,SHELL_HOLDING_LTD_1,119400.00,2026-09-08T11:00:00+00:00,USD,Offshore Advisory Transfer
TXN-SHELL-00040,SHELL_HOLDING_LTD_1,SHELL_OFFSHORE_CORP_2,118803.00,2026-09-08T17:00:00+00:00,USD,Offshore Advisory Transfer
TXN-SHELL-00041,SHELL_OFFSHORE_CORP_2,SHELL_SERVICES_INC_3,118208.99,2026-09-08T23:00:00+00:00,USD,Offshore Advisory Transfer
TXN-SHELL-00042,SHELL_SERVICES_INC_3,CLEAN_VAULT_FINAL,117617.95,2026-09-09T05:00:00+00:00,USD,Offshore Advisory Transfer
TXN-MERCHANT-00043,RETAIL_CUSTOMER_000,MERCHANT_NEXUS_RETAIL,63.13,2026-09-01T18:24:00+00:00,USD,E-Commerce Checkout
TXN-MERCHANT-00044,RETAIL_CUSTOMER_001,MERCHANT_NEXUS_RETAIL,140.58,2026-09-02T08:14:00+00:00,USD,E-Commerce Checkout
TXN-MERCHANT-00045,RETAIL_CUSTOMER_002,MERCHANT_NEXUS_RETAIL,230.52,2026-09-02T12:58:00+00:00,USD,E-Commerce Checkout
TXN-MERCHANT-00046,RETAIL_CUSTOMER_003,MERCHANT_NEXUS_RETAIL,193.19,2026-09-02T23:47:00+00:00,USD,E-Commerce Checkout
TXN-MERCHANT-00047,RETAIL_CUSTOMER_004,MERCHANT_NEXUS_RETAIL,401.27,2026-09-03T15:42:00+00:00,USD,E-Commerce Checkout
TXN-MERCHANT-00048,RETAIL_CUSTOMER_005,MERCHANT_NEXUS_RETAIL,416.18,2026-09-04T02:56:00+00:00,USD,E-Commerce Checkout
TXN-MERCHANT-00049,RETAIL_CUSTOMER_006,MERCHANT_NEXUS_RETAIL,343.66,2026-09-04T11:48:00+00:00,USD,E-Commerce Checkout
TXN-MERCHANT-00050,RETAIL_CUSTOMER_007,MERCHANT_NEXUS_RETAIL,123.68,2026-09-04T12:54:00+00:00,USD,E-Commerce Checkout
TXN-MERCHANT-00051,RETAIL_CUSTOMER_008,MERCHANT_NEXUS_RETAIL,413.23,2026-09-05T01:53:00+00:00,USD,E-Commerce Checkout
TXN-MERCHANT-00052,RETAIL_CUSTOMER_009,MERCHANT_NEXUS_RETAIL,146.78,2026-09-05T08:48:00+00:00,USD,E-Commerce Checkout
TXN-MERCHANT-00053,RETAIL_CUSTOMER_010,MERCHANT_NEXUS_RETAIL,186.87,2026-09-06T03:53:00+00:00,USD,E-Commerce Checkout
TXN-MERCHANT-00054,RETAIL_CUSTOMER_011,MERCHANT_NEXUS_RETAIL,115.19,2026-09-06T07:58:00+00:00,USD,E-Commerce Checkout
TXN-MERCHANT-00055,RETAIL_CUSTOMER_012,MERCHANT_NEXUS_RETAIL,450.77,2026-09-06T16:56:00+00:00,USD,E-Commerce Checkout
TXN-MERCHANT-00056,RETAIL_CUSTOMER_013,MERCHANT_NEXUS_RETAIL,299.61,2026-09-07T07:52:00+00:00,USD,E-Commerce Checkout
TXN-MERCHANT-00057,RETAIL_CUSTOMER_014,MERCHANT_NEXUS_RETAIL,354.99,2026-09-07T09:58:00+00:00,USD,E-Commerce Checkout
TXN-MERCHANT-00058,RETAIL_CUSTOMER_015,MERCHANT_NEXUS_RETAIL,193.62,2026-09-07T19:29:00+00:00,USD,E-Commerce Checkout
TXN-MERCHANT-00059,RETAIL_CUSTOMER_016,MERCHANT_NEXUS_RETAIL,275.53,2026-09-08T13:20:00+00:00,USD,E-Commerce Checkout
TXN-MERCHANT-00060,RETAIL_CUSTOMER_017,MERCHANT_NEXUS_RETAIL,407.48,2026-09-08T22:32:00+00:00,USD,E-Commerce Checkout
TXN-MERCHANT-00061,RETAIL_CUSTOMER_018,MERCHANT_NEXUS_RETAIL,124.21,2026-09-09T09:51:00+00:00,USD,E-Commerce Checkout
TXN-MERCHANT-00062,RETAIL_CUSTOMER_019,MERCHANT_NEXUS_RETAIL,164.08,2026-09-09T08:15:00+00:00,USD,E-Commerce Checkout
TXN-MERCHANT-00063,RETAIL_CUSTOMER_020,MERCHANT_NEXUS_RETAIL,115.87,2026-09-09T21:04:00+00:00,USD,E-Commerce Checkout
TXN-MERCHANT-00064,RETAIL_CUSTOMER_021,MERCHANT_NEXUS_RETAIL,349.82,2026-09-10T12:32:00+00:00,USD,E-Commerce Checkout
TXN-MERCHANT-00065,RETAIL_CUSTOMER_022,MERCHANT_NEXUS_RETAIL,248.90,2026-09-10T15:53:00+00:00,USD,E-Commerce Checkout
TXN-MERCHANT-00066,RETAIL_CUSTOMER_023,MERCHANT_NEXUS_RETAIL,84.44,2026-09-11T08:17:00+00:00,USD,E-Commerce Checkout
TXN-MERCHANT-00067,RETAIL_CUSTOMER_024,MERCHANT_NEXUS_RETAIL,362.31,2026-09-11T09:39:00+00:00,USD,E-Commerce Checkout
TXN-MERCHANT-00068,RETAIL_CUSTOMER_025,MERCHANT_NEXUS_RETAIL,363.25,2026-09-12T01:16:00+00:00,USD,E-Commerce Checkout
TXN-MERCHANT-00069,RETAIL_CUSTOMER_026,MERCHANT_NEXUS_RETAIL,287.80,2026-09-12T09:33:00+00:00,USD,E-Commerce Checkout
TXN-MERCHANT-00070,RETAIL_CUSTOMER_027,MERCHANT_NEXUS_RETAIL,478.77,2026-09-12T17:26:00+00:00,USD,E-Commerce Checkout
TXN-MERCHANT-00071,RETAIL_CUSTOMER_028,MERCHANT_NEXUS_RETAIL,246.26,2026-09-13T00:20:00+00:00,USD,E-Commerce Checkout
TXN-MERCHANT-00072,RETAIL_CUSTOMER_029,MERCHANT_NEXUS_RETAIL,415.90,2026-09-13T19:27:00+00:00,USD,E-Commerce Checkout
TXN-MERCHANT-00073,RETAIL_CUSTOMER_030,MERCHANT_NEXUS_RETAIL,92.33,2026-09-13T19:40:00+00:00,USD,E-Commerce Checkout
TXN-MERCHANT-00074,RETAIL_CUSTOMER_031,MERCHANT_NEXUS_RETAIL,293.74,2026-09-14T13:03:00+00:00,USD,E-Commerce Checkout
TXN-MERCHANT-00075,RETAIL_CUSTOMER_032,MERCHANT_NEXUS_RETAIL,293.50,2026-09-14T18:36:00+00:00,USD,E-Commerce Checkout
TXN-MERCHANT-00076,RETAIL_CUSTOMER_033,MERCHANT_NEXUS_RETAIL,134.53,2026-09-15T05:21:00+00:00,USD,E-Commerce Checkout
TXN-MERCHANT-00077,RETAIL_CUSTOMER_034,MERCHANT_NEXUS_RETAIL,453.43,2026-09-15T16:19:00+00:00,USD,E-Commerce Checkout
TXN-MERCHANT-00078,MERCHANT_NEXUS_RETAIL,SUPPLIER_WHOLESALE_GLOBAL,4500.00,2026-09-13T08:00:00+00:00,USD,Inventory Restock Batch 44
TXN-PAYROLL-00079,CORP_TREASURY_RESERVE,CORP_PAYROLL_GLOBAL,250000.00,2026-09-15T16:00:00+00:00,USD,Monthly Payroll Treasury Allocation
TXN-PAYROLL-00080,CORP_PAYROLL_GLOBAL,EMPLOYEE_ACC_001,7125.22,2026-09-15T18:01:00+00:00,USD,Monthly Salary Disbursement
TXN-PAYROLL-00081,CORP_PAYROLL_GLOBAL,EMPLOYEE_ACC_002,4692.57,2026-09-15T18:02:00+00:00,USD,Monthly Salary Disbursement
TXN-PAYROLL-00082,CORP_PAYROLL_GLOBAL,EMPLOYEE_ACC_003,8004.59,2026-09-15T18:03:00+00:00,USD,Monthly Salary Disbursement
TXN-PAYROLL-00083,CORP_PAYROLL_GLOBAL,EMPLOYEE_ACC_004,7428.77,2026-09-15T18:04:00+00:00,USD,Monthly Salary Disbursement
TXN-PAYROLL-00084,CORP_PAYROLL_GLOBAL,EMPLOYEE_ACC_005,7504.97,2026-09-15T18:05:00+00:00,USD,Monthly Salary Disbursement
TXN-PAYROLL-00085,CORP_PAYROLL_GLOBAL,EMPLOYEE_ACC_006,5662.75,2026-09-15T18:06:00+00:00,USD,Monthly Salary Disbursement
TXN-PAYROLL-00086,CORP_PAYROLL_GLOBAL,EMPLOYEE_ACC_007,5462.05,2026-09-15T18:07:00+00:00,USD,Monthly Salary Disbursement
TXN-PAYROLL-00087,CORP_PAYROLL_GLOBAL,EMPLOYEE_ACC_008,4880.08,2026-09-15T18:08:00+00:00,USD,Monthly Salary Disbursement
TXN-PAYROLL-00088,CORP_PAYROLL_GLOBAL,EMPLOYEE_ACC_009,4213.95,2026-09-15T18:09:00+00:00,USD,Monthly Salary Disbursement
TXN-PAYROLL-00089,CORP_PAYROLL_GLOBAL,EMPLOYEE_ACC_010,7305.00,2026-09-15T18:10:00+00:00,USD,Monthly Salary Disbursement
TXN-PAYROLL-00090,CORP_PAYROLL_GLOBAL,EMPLOYEE_ACC_011,7294.63,2026-09-15T18:11:00+00:00,USD,Monthly Salary Disbursement
TXN-PAYROLL-00091,CORP_PAYROLL_GLOBAL,EMPLOYEE_ACC_012,8379.12,2026-09-15T18:12:00+00:00,USD,Monthly Salary Disbursement
TXN-PAYROLL-00092,CORP_PAYROLL_GLOBAL,EMPLOYEE_ACC_013,7476.44,2026-09-15T18:13:00+00:00,USD,Monthly Salary Disbursement
TXN-PAYROLL-00093,CORP_PAYROLL_GLOBAL,EMPLOYEE_ACC_014,6383.03,2026-09-15T18:14:00+00:00,USD,Monthly Salary Disbursement
TXN-PAYROLL-00094,CORP_PAYROLL_GLOBAL,EMPLOYEE_ACC_015,4657.57,2026-09-15T18:15:00+00:00,USD,Monthly Salary Disbursement
TXN-PAYROLL-00095,CORP_PAYROLL_GLOBAL,EMPLOYEE_ACC_016,6888.79,2026-09-15T18:16:00+00:00,USD,Monthly Salary Disbursement
TXN-PAYROLL-00096,CORP_PAYROLL_GLOBAL,EMPLOYEE_ACC_017,7819.18,2026-09-15T18:17:00+00:00,USD,Monthly Salary Disbursement
TXN-PAYROLL-00097,CORP_PAYROLL_GLOBAL,EMPLOYEE_ACC_018,6382.95,2026-09-15T18:18:00+00:00,USD,Monthly Salary Disbursement
TXN-PAYROLL-00098,CORP_PAYROLL_GLOBAL,EMPLOYEE_ACC_019,5055.32,2026-09-15T18:19:00+00:00,USD,Monthly Salary Disbursement
TXN-PAYROLL-00099,CORP_PAYROLL_GLOBAL,EMPLOYEE_ACC_020,5807.83,2026-09-15T18:20:00+00:00,USD,Monthly Salary Disbursement
TXN-PAYROLL-00100,CORP_PAYROLL_GLOBAL,EMPLOYEE_ACC_021,4894.66,2026-09-15T18:21:00+00:00,USD,Monthly Salary Disbursement
TXN-PAYROLL-00101,CORP_PAYROLL_GLOBAL,EMPLOYEE_ACC_022,8300.05,2026-09-15T18:22:00+00:00,USD,Monthly Salary Disbursement
TXN-PAYROLL-00102,CORP_PAYROLL_GLOBAL,EMPLOYEE_ACC_023,8166.47,2026-09-15T18:23:00+00:00,USD,Monthly Salary Disbursement
TXN-PAYROLL-00103,CORP_PAYROLL_GLOBAL,EMPLOYEE_ACC_024,8149.52,2026-09-15T18:24:00+00:00,USD,Monthly Salary Disbursement
TXN-PAYROLL-00104,CORP_PAYROLL_GLOBAL,EMPLOYEE_ACC_025,6775.46,2026-09-15T18:25:00+00:00,USD,Monthly Salary Disbursement
TXN-NORM-000105,USER_1001,UTILITY_METRO_POWER,103.28,2026-09-28T00:46:27.960423+00:00,USD,Monthly Bill Payment
TXN-NORM-000106,USER_1162,USER_1163,48.57,2026-09-04T18:37:12.785417+00:00,USD,Personal Transfer
TXN-NORM-000107,USER_1558,UTILITY_CITY_WATER,111.14,2026-09-05T21:11:33.258651+00:00,USD,Monthly Bill Payment
TXN-NORM-000108,USER_1243,TELECOM_APEX_MOBILE,154.67,2026-09-07T21:58:12.282110+00:00,USD,Monthly Bill Payment
TXN-NORM-000109,USER_1376,UTILITY_CITY_WATER,98.03,2026-09-14T12:52:06.538281+00:00,USD,Monthly Bill Payment
TXN-NORM-000110,USER_0693,UTILITY_METRO_POWER,255.05,2026-09-17T11:18:21.065096+00:00,USD,Monthly Bill Payment
TXN-NORM-000111,USER_0121,MUNICIPAL_TAX_BOARD,102.35,2026-09-27T09:44:09.266552+00:00,USD,Monthly Bill Payment
TXN-NORM-000112,USER_1371,GROCERY_MARKET_CENTRAL,178.72,2026-09-17T09:43:15.745663+00:00,USD,Monthly Bill Payment
TXN-NORM-000113,USER_0834,SUBSCRIPTION_STREAM_NOW,158.61,2026-09-04T23:40:17.543547+00:00,USD,Monthly Bill Payment
TXN-NORM-000114,USER_1494,SUBSCRIPTION_STREAM_NOW,261.67,2026-09-20T02:00:13.661794+00:00,USD,Monthly Bill Payment
TXN-NORM-000115,USER_0224,SUBSCRIPTION_STREAM_NOW,84.63,2026-09-07T14:53:49.986331+00:00,USD,Monthly Bill Payment
TXN-NORM-000116,USER_0948,GROCERY_MARKET_CENTRAL,303.19,2026-09-28T02:28:07.122991+00:00,USD,Monthly Bill Payment
TXN-NORM-000117,USER_0201,GROCERY_MARKET_CENTRAL,300.83,2026-09-29T14:36:10.347057+00:00,USD,Monthly Bill Payment
TXN-NORM-000118,USER_0341,UTILITY_METRO_POWER,78.51,2026-09-15T16:40:03.348024+00:00,USD,Monthly Bill Payment
TXN-NORM-000119,USER_0005,USER_0006,220.16,2026-09-09T17:16:47.883907+00:00,USD,Personal Transfer
TXN-NORM-000120,USER_1497,USER_1498,107.10,2026-09-17T20:41:32.889669+00:00,USD,Personal Transfer
TXN-NORM-000121,USER_0446,USER_0447,167.10,2026-09-17T23:00:08.841830+00:00,USD,Personal Transfer
TXN-NORM-000122,USER_0103,MUNICIPAL_TAX_BOARD,51.04,2026-09-15T23:09:31.019050+00:00,USD,Monthly Bill Payment
TXN-NORM-000123,USER_0381,UTILITY_METRO_POWER,331.02,2026-09-03T22:19:23.738819+00:00,USD,Monthly Bill Payment
TXN-NORM-000124,USER_1167,HEALTHCARE_CLINIC_CITY,214.69,2026-09-18T09:55:24.090742+00:00,USD,Monthly Bill Payment
TXN-NORM-000125,USER_1071,TELECOM_APEX_MOBILE,153.63,2026-09-09T10:15:31.355194+00:00,USD,Monthly Bill Payment
TXN-NORM-000126,USER_1376,SUBSCRIPTION_STREAM_NOW,226.88,2026-09-14T13:33:27.265655+00:00,USD,Monthly Bill Payment
TXN-NORM-000127,USER_1154,USER_1155,143.62,2026-09-04T00:59:19.363854+00:00,USD,Personal Transfer
TXN-NORM-000128,USER_0715,USER_0716,91.51,2026-09-26T17:27:33.675724+00:00,USD,Personal Transfer
TXN-NORM-000129,USER_1113,USER_1114,411.30,2026-09-18T19:40:45.954948+00:00,USD,Personal Transfer
TXN-NORM-000130,USER_0614,USER_0615,70.98,2026-09-04T19:01:41.478064+00:00,USD,Personal Transfer
TXN-NORM-000131,USER_0220,USER_0221,117.16,2026-09-06T11:07:16.513387+00:00,USD,Personal Transfer
TXN-NORM-000132,USER_0703,SUBSCRIPTION_STREAM_NOW,106.61,2026-09-19T18:37:08.654170+00:00,USD,Monthly Bill Payment
TXN-NORM-000133,USER_0105,UTILITY_METRO_POWER,133.41,2026-09-13T21:03:34.814311+00:00,USD,Monthly Bill Payment
TXN-NORM-000134,USER_0268,HEALTHCARE_CLINIC_CITY,164.00,2026-09-09T15:23:18.877414+00:00,USD,Monthly Bill Payment
TXN-NORM-000135,USER_0020,UTILITY_METRO_POWER,296.24,2026-09-28T06:46:21.991628+00:00,USD,Monthly Bill Payment
TXN-NORM-000136,USER_1193,TELECOM_APEX_MOBILE,317.17,2026-09-13T18:30:06.658602+00:00,USD,Monthly Bill Payment
TXN-NORM-000137,USER_1631,USER_1632,345.80,2026-09-03T07:19:48.997380+00:00,USD,Personal Transfer
TXN-NORM-000138,USER_1366,HEALTHCARE_CLINIC_CITY,75.23,2026-09-24T01:24:57.008006+00:00,USD,Monthly Bill Payment
TXN-NORM-000139,USER_0485,USER_0486,214.96,2026-09-29T05:00:03.214742+00:00,USD,Personal Transfer
TXN-NORM-000140,USER_0368,USER_0369,339.90,2026-09-11T13:40:53.001613+00:00,USD,Personal Transfer
TXN-NORM-000141,USER_1506,USER_1507,438.00,2026-09-09T07:27:11.171320+00:00,USD,Personal Transfer
TXN-NORM-000142,USER_0964,TELECOM_APEX_MOBILE,291.67,2026-09-25T02:33:11.007988+00:00,USD,Monthly Bill Payment
TXN-NORM-000143,USER_0467,TELECOM_APEX_MOBILE,305.91,2026-09-20T15:42:29.589007+00:00,USD,Monthly Bill Payment
TXN-NORM-000144,USER_1584,GROCERY_MARKET_CENTRAL,199.27,2026-09-20T03:39:10.219818+00:00,USD,Monthly Bill Payment
TXN-NORM-000145,USER_0057,TELECOM_APEX_MOBILE,37.43,2026-09-29T00:47:48.896906+00:00,USD,Monthly Bill Payment
TXN-NORM-000146,USER_1222,MUNICIPAL_TAX_BOARD,344.88,2026-09-22T11:41:01.581407+00:00,USD,Monthly Bill Payment
TXN-NORM-000147,USER_0237,HEALTHCARE_CLINIC_CITY,166.72,2026-09-18T03:31:00.074131+00:00,USD,Monthly Bill Payment
TXN-NORM-000148,USER_1065,USER_1066,224.18,2026-09-17T00:19:50.846112+00:00,USD,Personal Transfer
TXN-NORM-000149,USER_1361,USER_1362,451.52,2026-09-19T06:25:53.505000+00:00,USD,Personal Transfer
TXN-NORM-000150,USER_1039,TELECOM_APEX_MOBILE,205.18,2026-09-13T15:35:35.609801+00:00,USD,Monthly Bill Payment
TXN-NORM-000151,USER_0393,MUNICIPAL_TAX_BOARD,122.81,2026-09-28T04:43:03.050115+00:00,USD,Monthly Bill Payment
TXN-NORM-000152,USER_1123,USER_1124,396.09,2026-09-10T11:19:28.797708+00:00,USD,Personal Transfer
TXN-NORM-000153,USER_1243,USER_1244,118.65,2026-09-15T07:28:21.931882+00:00,USD,Personal Transfer
TXN-NORM-000154,USER_0970,USER_0971,56.13,2026-09-28T17:48:12.634798+00:00,USD,Personal Transfer
TXN-NORM-000155,USER_1056,USER_1057,476.72,2026-09-19T02:55:25.326974+00:00,USD,Personal Transfer
TXN-NORM-000156,USER_0482,USER_0483,26.85,2026-09-08T05:58:09.803826+00:00,USD,Personal Transfer
TXN-NORM-000157,USER_0502,USER_0503,216.00,2026-09-18T21:11:32.588501+00:00,USD,Personal Transfer
TXN-NORM-000158,USER_1290,SUBSCRIPTION_STREAM_NOW,104.29,2026-09-22T06:55:15.930065+00:00,USD,Monthly Bill Payment
TXN-NORM-000159,USER_1344,USER_1345,221.20,2026-09-26T18:56:30.070672+00:00,USD,Personal Transfer
TXN-NORM-000160,USER_0361,USER_0362,285.34,2026-09-21T17:25:57.091739+00:00,USD,Personal Transfer
TXN-NORM-000161,USER_0249,SUBSCRIPTION_STREAM_NOW,224.11,2026-09-24T12:49:42.803448+00:00,USD,Monthly Bill Payment
TXN-NORM-000162,USER_1474,USER_1475,92.19,2026-09-14T06:05:44.198853+00:00,USD,Personal Transfer
TXN-NORM-000163,USER_0973,GROCERY_MARKET_CENTRAL,194.42,2026-09-23T01:36:23.050467+00:00,USD,Monthly Bill Payment
TXN-NORM-000164,USER_1284,TELECOM_APEX_MOBILE,134.15,2026-09-14T09:11:19.278421+00:00,USD,Monthly Bill Payment
TXN-NORM-000165,USER_1107,UTILITY_CITY_WATER,254.59,2026-09-06T11:07:46.350980+00:00,USD,Monthly Bill Payment
TXN-NORM-000166,USER_0132,UTILITY_METRO_POWER,92.22,2026-09-11T13:23:29.445981+00:00,USD,Monthly Bill Payment
TXN-NORM-000167,USER_0861,GROCERY_MARKET_CENTRAL,212.10,2026-09-23T05:45:18.896911+00:00,USD,Monthly Bill Payment
TXN-NORM-000168,USER_0977,GROCERY_MARKET_CENTRAL,161.18,2026-09-12T01:50:15.699369+00:00,USD,Monthly Bill Payment
TXN-NORM-000169,USER_1531,USER_1532,121.42,2026-09-24T08:30:30.218144+00:00,USD,Personal Transfer
TXN-NORM-000170,USER_0893,UTILITY_CITY_WATER,298.16,2026-09-13T02:32:43.619857+00:00,USD,Monthly Bill Payment
TXN-NORM-000171,USER_0262,USER_0263,288.73,2026-09-17T03:39:57.056406+00:00,USD,Personal Transfer
TXN-NORM-000172,USER_0056,UTILITY_METRO_POWER,109.55,2026-09-14T06:34:56.798034+00:00,USD,Monthly Bill Payment
TXN-NORM-000173,USER_0671,GROCERY_MARKET_CENTRAL,334.14,2026-09-11T08:32:21.423415+00:00,USD,Monthly Bill Payment
TXN-NORM-000174,USER_0864,MUNICIPAL_TAX_BOARD,41.93,2026-09-04T01:01:39.888446+00:00,USD,Monthly Bill Payment
TXN-NORM-000175,USER_0717,UTILITY_METRO_POWER,333.62,2026-09-03T17:08:48.699079+00:00,USD,Monthly Bill Payment
TXN-NORM-000176,USER_0409,USER_0410,244.68,2026-09-19T08:34:46.880340+00:00,USD,Personal Transfer
TXN-NORM-000177,USER_0235,TELECOM_APEX_MOBILE,79.53,2026-09-08T04:09:56.603728+00:00,USD,Monthly Bill Payment
TXN-NORM-000178,USER_1244,USER_1245,67.43,2026-09-21T23:43:43.200964+00:00,USD,Personal Transfer
TXN-NORM-000179,USER_0053,USER_0054,471.61,2026-09-18T07:22:12.561642+00:00,USD,Personal Transfer
TXN-NORM-000180,USER_0407,HEALTHCARE_CLINIC_CITY,276.06,2026-09-21T06:56:07.486471+00:00,USD,Monthly Bill Payment
TXN-NORM-000181,USER_1402,MUNICIPAL_TAX_BOARD,164.22,2026-09-05T03:49:30.497649+00:00,USD,Monthly Bill Payment
TXN-NORM-000182,USER_0759,SUBSCRIPTION_STREAM_NOW,292.26,2026-09-19T19:53:41.866499+00:00,USD,Monthly Bill Payment
TXN-NORM-000183,USER_0217,UTILITY_CITY_WATER,166.53,2026-09-12T10:40:15.998075+00:00,USD,Monthly Bill Payment
TXN-NORM-000184,USER_1503,SUBSCRIPTION_STREAM_NOW,293.36,2026-09-20T12:25:46.623932+00:00,USD,Monthly Bill Payment
TXN-NORM-000185,USER_1214,SUBSCRIPTION_STREAM_NOW,104.26,2026-09-25T13:59:25.675016+00:00,USD,Monthly Bill Payment
TXN-NORM-000186,USER_0952,SUBSCRIPTION_STREAM_NOW,301.56,2026-09-20T18:50:08.399317+00:00,USD,Monthly Bill Payment
TXN-NORM-000187,USER_0373,TELECOM_APEX_MOBILE,311.10,2026-09-11T23:20:26.870465+00:00,USD,Monthly Bill Payment
TXN-NORM-000188,USER_1437,USER_1438,132.06,2026-09-17T11:38:27.620262+00:00,USD,Personal Transfer
TXN-NORM-000189,USER_0833,HEALTHCARE_CLINIC_CITY,184.52,2026-09-23T12:45:01.387099+00:00,USD,Monthly Bill Payment
TXN-NORM-000190,USER_1624,UTILITY_CITY_WATER,124.52,2026-09-10T11:09:12.522908+00:00,USD,Monthly Bill Payment
TXN-NORM-000191,USER_1192,HEALTHCARE_CLINIC_CITY,203.88,2026-09-17T15:27:19.766430+00:00,USD,Monthly Bill Payment
TXN-NORM-000192,USER_0721,USER_0722,73.52,2026-09-09T15:02:20.302212+00:00,USD,Personal Transfer
TXN-NORM-000193,USER_0395,UTILITY_CITY_WATER,265.05,2026-09-22T16:01:59.376766+00:00,USD,Monthly Bill Payment
TXN-NORM-000194,USER_0567,USER_0568,418.82,2026-09-29T08:26:09.825081+00:00,USD,Personal Transfer
TXN-NORM-000195,USER_0607,MUNICIPAL_TAX_BOARD,66.14,2026-09-06T18:18:14.607546+00:00,USD,Monthly Bill Payment
TXN-NORM-000196,USER_0094,USER_0095,436.20,2026-09-17T08:35:44.991006+00:00,USD,Personal Transfer
TXN-NORM-000197,USER_1006,SUBSCRIPTION_STREAM_NOW,168.15,2026-09-02T11:06:46.490761+00:00,USD,Monthly Bill Payment
TXN-NORM-000198,USER_0378,USER_0379,413.73,2026-09-09T09:34:34.308987+00:00,USD,Personal Transfer
TXN-NORM-000199,USER_0821,UTILITY_CITY_WATER,288.62,2026-09-17T20:55:24.118942+00:00,USD,Monthly Bill Payment
TXN-NORM-000200,USER_0623,MUNICIPAL_TAX_BOARD,281.99,2026-09-09T05:13:19.188991+00:00,USD,Monthly Bill Payment
TXN-NORM-000201,USER_0463,USER_0464,432.18,2026-09-12T22:25:04.054708+00:00,USD,Personal Transfer
TXN-NORM-000202,USER_0879,UTILITY_CITY_WATER,228.29,2026-09-19T05:02:23.619084+00:00,USD,Monthly Bill Payment
TXN-NORM-000203,USER_0542,USER_0543,51.41,2026-09-06T08:08:55.547020+00:00,USD,Personal Transfer
TXN-NORM-000204,USER_0006,UTILITY_METRO_POWER,100.23,2026-09-21T14:18:10.485077+00:00,USD,Monthly Bill Payment
TXN-NORM-000205,USER_1448,UTILITY_CITY_WATER,325.27,2026-09-25T19:42:33.602300+00:00,USD,Monthly Bill Payment
TXN-NORM-000206,USER_1614,USER_1615,70.67,2026-09-18T10:46:23.192155+00:00,USD,Personal Transfer
TXN-NORM-000207,USER_0461,UTILITY_METRO_POWER,78.92,2026-09-27T05:44:20.293372+00:00,USD,Monthly Bill Payment
TXN-NORM-000208,USER_0630,UTILITY_METRO_POWER,177.33,2026-09-25T02:46:40.700750+00:00,USD,Monthly Bill Payment
TXN-NORM-000209,USER_0623,USER_0624,54.01,2026-09-28T16:04:57.638888+00:00,USD,Personal Transfer
TXN-NORM-000210,USER_0082,USER_0083,59.29,2026-09-22T13:15:38.094115+00:00,USD,Personal Transfer
TXN-NORM-000211,USER_1381,USER_1382,341.06,2026-09-17T19:21:11.964721+00:00,USD,Personal Transfer
TXN-NORM-000212,USER_0552,MUNICIPAL_TAX_BOARD,236.74,2026-09-23T05:52:40.041096+00:00,USD,Monthly Bill Payment
TXN-NORM-000213,USER_0570,SUBSCRIPTION_STREAM_NOW,138.09,2026-09-18T16:25:12.181510+00:00,USD,Monthly Bill Payment
TXN-NORM-000214,USER_0683,SUBSCRIPTION_STREAM_NOW,250.44,2026-09-04T20:47:24.297779+00:00,USD,Monthly Bill Payment
TXN-NORM-000215,USER_0591,USER_0592,57.71,2026-09-12T23:01:34.187364+00:00,USD,Personal Transfer
TXN-NORM-000216,USER_0517,MUNICIPAL_TAX_BOARD,293.10,2026-09-29T07:57:08.495056+00:00,USD,Monthly Bill Payment
TXN-NORM-000217,USER_0003,USER_0004,105.98,2026-09-17T09:46:14.414814+00:00,USD,Personal Transfer
TXN-NORM-000218,USER_0741,UTILITY_METRO_POWER,91.16,2026-09-16T05:59:27.532878+00:00,USD,Monthly Bill Payment
TXN-NORM-000219,USER_1125,UTILITY_METRO_POWER,341.27,2026-09-10T09:22:51.535743+00:00,USD,Monthly Bill Payment
TXN-NORM-000220,USER_1247,USER_1248,21.63,2026-09-21T22:15:14.086874+00:00,USD,Personal Transfer
TXN-NORM-000221,USER_0836,UTILITY_METRO_POWER,235.51,2026-09-29T13:17:55.369941+00:00,USD,Monthly Bill Payment
TXN-NORM-000222,USER_0316,GROCERY_MARKET_CENTRAL,181.81,2026-09-22T01:40:15.313503+00:00,USD,Monthly Bill Payment
TXN-NORM-000223,USER_0968,MUNICIPAL_TAX_BOARD,190.18,2026-09-17T14:43:37.543725+00:00,USD,Monthly Bill Payment
TXN-NORM-000224,USER_0280,USER_0281,468.11,2026-09-09T23:43:30.939347+00:00,USD,Personal Transfer
TXN-NORM-000225,USER_1040,MUNICIPAL_TAX_BOARD,213.48,2026-09-02T05:00:03.711599+00:00,USD,Monthly Bill Payment
TXN-NORM-000226,USER_1352,TELECOM_APEX_MOBILE,204.37,2026-09-06T12:15:58.171737+00:00,USD,Monthly Bill Payment
TXN-NORM-000227,USER_1113,UTILITY_CITY_WATER,210.83,2026-09-28T00:46:16.333537+00:00,USD,Monthly Bill Payment
TXN-NORM-000228,USER_0479,USER_0480,244.39,2026-09-13T15:14:18.014328+00:00,USD,Personal Transfer
TXN-NORM-000229,USER_0781,UTILITY_METRO_POWER,66.03,2026-09-20T10:19:21.744802+00:00,USD,Monthly Bill Payment
TXN-NORM-000230,USER_1209,MUNICIPAL_TAX_BOARD,320.89,2026-09-05T02:42:14.895395+00:00,USD,Monthly Bill Payment
TXN-NORM-000231,USER_0032,USER_0033,242.70,2026-09-13T07:59:18.061616+00:00,USD,Personal Transfer
TXN-NORM-000232,USER_0543,TELECOM_APEX_MOBILE,302.01,2026-09-21T04:08:05.997170+00:00,USD,Monthly Bill Payment
TXN-NORM-000233,USER_1093,MUNICIPAL_TAX_BOARD,36.67,2026-09-11T05:21:10.711226+00:00,USD,Monthly Bill Payment
TXN-NORM-000234,USER_0141,HEALTHCARE_CLINIC_CITY,54.37,2026-09-21T04:54:26.238080+00:00,USD,Monthly Bill Payment
TXN-NORM-000235,USER_0202,USER_0203,95.69,2026-09-21T12:11:31.077547+00:00,USD,Personal Transfer
TXN-NORM-000236,USER_0614,USER_0615,188.85,2026-09-03T01:29:43.989455+00:00,USD,Personal Transfer
TXN-NORM-000237,USER_0883,UTILITY_CITY_WATER,50.66,2026-09-16T18:14:08.279877+00:00,USD,Monthly Bill Payment
TXN-NORM-000238,USER_0784,SUBSCRIPTION_STREAM_NOW,232.32,2026-09-08T14:53:34.663057+00:00,USD,Monthly Bill Payment
TXN-NORM-000239,USER_0942,TELECOM_APEX_MOBILE,245.22,2026-09-02T14:38:33.072368+00:00,USD,Monthly Bill Payment
TXN-NORM-000240,USER_0324,SUBSCRIPTION_STREAM_NOW,249.35,2026-09-28T11:59:47.212148+00:00,USD,Monthly Bill Payment
TXN-NORM-000241,USER_0936,USER_0937,249.36,2026-09-07T19:41:44.529372+00:00,USD,Personal Transfer
TXN-NORM-000242,USER_0486,TELECOM_APEX_MOBILE,32.13,2026-09-12T03:29:32.586889+00:00,USD,Monthly Bill Payment
TXN-NORM-000243,USER_1349,MUNICIPAL_TAX_BOARD,267.18,2026-09-02T00:47:20.632346+00:00,USD,Monthly Bill Payment
TXN-NORM-000244,USER_0587,USER_0588,323.76,2026-09-08T14:43:14.188538+00:00,USD,Personal Transfer
TXN-NORM-000245,USER_1272,UTILITY_METRO_POWER,318.61,2026-09-23T00:00:04.473519+00:00,USD,Monthly Bill Payment
TXN-NORM-000246,USER_1324,TELECOM_APEX_MOBILE,263.02,2026-09-23T19:04:12.888336+00:00,USD,Monthly Bill Payment
TXN-NORM-000247,USER_0185,USER_0186,112.39,2026-09-11T09:21:16.055681+00:00,USD,Personal Transfer
TXN-NORM-000248,USER_1611,UTILITY_CITY_WATER,108.52,2026-09-29T04:47:33.924885+00:00,USD,Monthly Bill Payment
TXN-NORM-000249,USER_0987,USER_0988,70.86,2026-09-10T09:52:36.171717+00:00,USD,Personal Transfer
TXN-NORM-000250,USER_0155,GROCERY_MARKET_CENTRAL,206.13,2026-09-29T05:28:06.744923+00:00,USD,Monthly Bill Payment
TXN-NORM-000251,USER_0185,USER_0186,193.76,2026-09-02T06:12:11.753240+00:00,USD,Personal Transfer
TXN-NORM-000252,USER_1534,USER_1535,342.30,2026-09-18T11:55:17.174533+00:00,USD,Personal Transfer
TXN-NORM-000253,USER_0966,MUNICIPAL_TAX_BOARD,96.94,2026-09-26T20:27:01.148481+00:00,USD,Monthly Bill Payment
TXN-NORM-000254,USER_0130,SUBSCRIPTION_STREAM_NOW,62.92,2026-09-15T01:57:24.752358+00:00,USD,Monthly Bill Payment
TXN-NORM-000255,USER_0093,USER_0094,62.14,2026-09-10T20:19:09.092465+00:00,USD,Personal Transfer
TXN-NORM-000256,USER_1101,HEALTHCARE_CLINIC_CITY,261.14,2026-09-14T22:46:35.494606+00:00,USD,Monthly Bill Payment
TXN-NORM-000257,USER_0850,USER_0851,30.87,2026-09-25T12:55:27.198871+00:00,USD,Personal Transfer
TXN-NORM-000258,USER_0759,TELECOM_APEX_MOBILE,57.29,2026-09-14T11:04:06.051749+00:00,USD,Monthly Bill Payment
TXN-NORM-000259,USER_1405,SUBSCRIPTION_STREAM_NOW,114.66,2026-09-27T08:13:32.821822+00:00,USD,Monthly Bill Payment
TXN-NORM-000260,USER_0251,USER_0252,117.87,2026-09-24T19:58:42.054461+00:00,USD,Personal Transfer
TXN-NORM-000261,USER_1310,UTILITY_CITY_WATER,280.77,2026-09-02T17:57:03.426089+00:00,USD,Monthly Bill Payment
TXN-NORM-000262,USER_0421,UTILITY_CITY_WATER,289.24,2026-09-23T08:21:57.764022+00:00,USD,Monthly Bill Payment
TXN-NORM-000263,USER_0478,GROCERY_MARKET_CENTRAL,344.81,2026-09-05T20:29:08.204000+00:00,USD,Monthly Bill Payment
TXN-NORM-000264,USER_0267,GROCERY_MARKET_CENTRAL,33.38,2026-09-24T03:47:05.482515+00:00,USD,Monthly Bill Payment
TXN-NORM-000265,USER_0031,UTILITY_CITY_WATER,111.24,2026-09-24T03:21:01.519693+00:00,USD,Monthly Bill Payment
TXN-NORM-000266,USER_0260,USER_0261,232.41,2026-09-16T12:10:00.726996+00:00,USD,Personal Transfer
TXN-NORM-000267,USER_0742,UTILITY_METRO_POWER,261.35,2026-09-05T02:04:21.234355+00:00,USD,Monthly Bill Payment
TXN-NORM-000268,USER_1350,SUBSCRIPTION_STREAM_NOW,300.37,2026-09-14T12:09:18.982068+00:00,USD,Monthly Bill Payment
TXN-NORM-000269,USER_0874,USER_0875,451.14,2026-09-15T23:45:02.489046+00:00,USD,Personal Transfer
TXN-NORM-000270,USER_0660,HEALTHCARE_CLINIC_CITY,215.24,2026-09-03T22:01:50.964352+00:00,USD,Monthly Bill Payment
TXN-NORM-000271,USER_1459,MUNICIPAL_TAX_BOARD,221.76,2026-09-29T20:53:09.883168+00:00,USD,Monthly Bill Payment
TXN-NORM-000272,USER_0204,USER_0205,234.00,2026-09-05T04:27:41.986437+00:00,USD,Personal Transfer
TXN-NORM-000273,USER_0468,HEALTHCARE_CLINIC_CITY,55.90,2026-09-25T07:52:23.686486+00:00,USD,Monthly Bill Payment
TXN-NORM-000274,USER_0875,SUBSCRIPTION_STREAM_NOW,46.82,2026-09-09T00:47:27.147810+00:00,USD,Monthly Bill Payment
TXN-NORM-000275,USER_0175,UTILITY_CITY_WATER,205.82,2026-09-04T21:54:34.358566+00:00,USD,Monthly Bill Payment
TXN-NORM-000276,USER_1202,USER_1203,186.50,2026-09-17T12:56:11.492277+00:00,USD,Personal Transfer
TXN-NORM-000277,USER_1363,USER_1364,306.20,2026-09-13T13:53:54.667030+00:00,USD,Personal Transfer
TXN-NORM-000278,USER_0721,SUBSCRIPTION_STREAM_NOW,97.88,2026-09-16T01:51:48.389219+00:00,USD,Monthly Bill Payment
TXN-NORM-000279,USER_0222,TELECOM_APEX_MOBILE,211.58,2026-09-17T09:40:31.306078+00:00,USD,Monthly Bill Payment
TXN-NORM-000280,USER_0879,USER_0880,465.61,2026-09-28T22:35:23.057220+00:00,USD,Personal Transfer
TXN-NORM-000281,USER_1421,TELECOM_APEX_MOBILE,139.08,2026-09-07T04:10:23.766426+00:00,USD,Monthly Bill Payment
TXN-NORM-000282,USER_0372,USER_0373,83.81,2026-09-18T00:40:30.978188+00:00,USD,Personal Transfer
TXN-NORM-000283,USER_1297,USER_1298,218.62,2026-09-04T13:14:27.400464+00:00,USD,Personal Transfer
TXN-NORM-000284,USER_0699,MUNICIPAL_TAX_BOARD,218.77,2026-09-10T20:53:20.577914+00:00,USD,Monthly Bill Payment
TXN-NORM-000285,USER_0108,UTILITY_METRO_POWER,113.43,2026-09-22T20:17:12.952784+00:00,USD,Monthly Bill Payment
TXN-NORM-000286,USER_1356,UTILITY_CITY_WATER,270.36,2026-09-19T05:10:53.140497+00:00,USD,Monthly Bill Payment
TXN-NORM-000287,USER_0234,HEALTHCARE_CLINIC_CITY,125.24,2026-09-05T11:12:06.449277+00:00,USD,Monthly Bill Payment
TXN-NORM-000288,USER_0452,TELECOM_APEX_MOBILE,332.23,2026-09-18T10:55:28.768212+00:00,USD,Monthly Bill Payment
TXN-NORM-000289,USER_1572,UTILITY_METRO_POWER,186.65,2026-09-09T06:36:45.095614+00:00,USD,Monthly Bill Payment
TXN-NORM-000290,USER_0882,MUNICIPAL_TAX_BOARD,295.84,2026-09-12T15:31:12.860343+00:00,USD,Monthly Bill Payment
TXN-NORM-000291,USER_0726,UTILITY_METRO_POWER,174.42,2026-09-25T19:53:14.700517+00:00,USD,Monthly Bill Payment
TXN-NORM-000292,USER_0160,USER_0161,325.47,2026-09-18T07:40:42.002506+00:00,USD,Personal Transfer
TXN-NORM-000293,USER_0593,GROCERY_MARKET_CENTRAL,332.97,2026-09-02T17:31:55.986923+00:00,USD,Monthly Bill Payment
TXN-NORM-000294,USER_0943,USER_0944,424.57,2026-09-27T11:43:40.172758+00:00,USD,Personal Transfer
TXN-NORM-000295,USER_0499,GROCERY_MARKET_CENTRAL,125.84,2026-09-12T23:57:28.309219+00:00,USD,Monthly Bill Payment
TXN-NORM-000296,USER_0696,HEALTHCARE_CLINIC_CITY,62.06,2026-09-23T13:37:50.369340+00:00,USD,Monthly Bill Payment
TXN-NORM-000297,USER_1045,GROCERY_MARKET_CENTRAL,234.77,2026-09-23T20:55:44.720480+00:00,USD,Monthly Bill Payment
TXN-NORM-000298,USER_0303,MUNICIPAL_TAX_BOARD,74.68,2026-09-06T01:38:32.574811+00:00,USD,Monthly Bill Payment
TXN-NORM-000299,USER_1555,USER_1556,380.91,2026-09-07T07:30:01.372595+00:00,USD,Personal Transfer
TXN-NORM-000300,USER_1557,HEALTHCARE_CLINIC_CITY,127.75,2026-09-21T04:24:13.117487+00:00,USD,Monthly Bill Payment
TXN-NORM-000301,USER_0901,TELECOM_APEX_MOBILE,217.21,2026-09-14T11:20:09.070361+00:00,USD,Monthly Bill Payment
TXN-NORM-000302,USER_0721,UTILITY_METRO_POWER,144.84,2026-09-10T23:16:56.748358+00:00,USD,Monthly Bill Payment
TXN-NORM-000303,USER_0588,MUNICIPAL_TAX_BOARD,189.80,2026-09-25T22:45:06.561779+00:00,USD,Monthly Bill Payment
TXN-NORM-000304,USER_0948,GROCERY_MARKET_CENTRAL,210.79,2026-09-28T09:49:12.228529+00:00,USD,Monthly Bill Payment
TXN-NORM-000305,USER_0386,SUBSCRIPTION_STREAM_NOW,58.64,2026-09-15T03:55:52.309598+00:00,USD,Monthly Bill Payment
TXN-NORM-000306,USER_0704,USER_0705,135.16,2026-09-04T06:54:00.432493+00:00,USD,Personal Transfer
TXN-NORM-000307,USER_0897,USER_0898,195.83,2026-09-16T13:41:58.691530+00:00,USD,Personal Transfer
TXN-NORM-000308,USER_0580,HEALTHCARE_CLINIC_CITY,235.37,2026-09-23T09:48:53.840744+00:00,USD,Monthly Bill Payment
TXN-NORM-000309,USER_0135,TELECOM_APEX_MOBILE,260.21,2026-09-17T19:18:43.801327+00:00,USD,Monthly Bill Payment
TXN-NORM-000310,USER_1345,USER_1346,54.53,2026-09-18T17:19:06.473378+00:00,USD,Personal Transfer
TXN-NORM-000311,USER_1360,MUNICIPAL_TAX_BOARD,255.37,2026-09-11T23:46:23.997602+00:00,USD,Monthly Bill Payment
TXN-NORM-000312,USER_0174,UTILITY_CITY_WATER,242.79,2026-09-12T16:29:28.068007+00:00,USD,Monthly Bill Payment
TXN-NORM-000313,USER_1514,USER_1515,340.17,2026-09-27T07:03:30.615826+00:00,USD,Personal Transfer
TXN-NORM-000314,USER_1042,TELECOM_APEX_MOBILE,332.99,2026-09-12T01:24:43.436941+00:00,USD,Monthly Bill Payment
TXN-NORM-000315,USER_0996,TELECOM_APEX_MOBILE,299.44,2026-09-29T19:03:03.643766+00:00,USD,Monthly Bill Payment
TXN-NORM-000316,USER_0208,TELECOM_APEX_MOBILE,309.83,2026-09-16T20:31:49.799402+00:00,USD,Monthly Bill Payment
TXN-NORM-000317,USER_1266,GROCERY_MARKET_CENTRAL,250.17,2026-09-12T10:50:05.851810+00:00,USD,Monthly Bill Payment
TXN-NORM-000318,USER_1280,USER_1281,214.27,2026-09-06T22:16:42.091376+00:00,USD,Personal Transfer
TXN-NORM-000319,USER_1386,USER_1387,378.04,2026-09-29T04:26:11.503833+00:00,USD,Personal Transfer
TXN-NORM-000320,USER_0920,GROCERY_MARKET_CENTRAL,88.06,2026-09-09T01:29:50.012720+00:00,USD,Monthly Bill Payment
TXN-NORM-000321,USER_1390,USER_1391,151.66,2026-09-29T19:23:51.188695+00:00,USD,Personal Transfer
TXN-NORM-000322,USER_0783,UTILITY_CITY_WATER,285.41,2026-09-13T15:36:07.042482+00:00,USD,Monthly Bill Payment
TXN-NORM-000323,USER_0284,USER_0285,195.04,2026-09-03T20:15:22.546549+00:00,USD,Personal Transfer
TXN-NORM-000324,USER_0211,USER_0212,55.68,2026-09-16T06:09:10.533259+00:00,USD,Personal Transfer
TXN-NORM-000325,USER_0329,SUBSCRIPTION_STREAM_NOW,54.81,2026-09-27T04:28:34.935115+00:00,USD,Monthly Bill Payment
TXN-NORM-000326,USER_0455,USER_0456,40.83,2026-09-26T10:10:53.147334+00:00,USD,Personal Transfer
TXN-NORM-000327,USER_1029,UTILITY_CITY_WATER,34.16,2026-09-12T14:21:36.597514+00:00,USD,Monthly Bill Payment
TXN-NORM-000328,USER_0203,USER_0204,33.58,2026-09-20T00:44:49.227132+00:00,USD,Personal Transfer
TXN-NORM-000329,USER_0968,USER_0969,313.44,2026-09-06T05:48:08.111189+00:00,USD,Personal Transfer
TXN-NORM-000330,USER_0163,HEALTHCARE_CLINIC_CITY,222.89,2026-09-07T22:23:08.700826+00:00,USD,Monthly Bill Payment
TXN-NORM-000331,USER_0867,UTILITY_METRO_POWER,102.49,2026-09-10T03:25:46.139958+00:00,USD,Monthly Bill Payment
TXN-NORM-000332,USER_1309,USER_1310,454.00,2026-09-14T15:21:59.799719+00:00,USD,Personal Transfer
TXN-NORM-000333,USER_1223,UTILITY_CITY_WATER,119.66,2026-09-19T16:18:25.305019+00:00,USD,Monthly Bill Payment
TXN-NORM-000334,USER_0004,HEALTHCARE_CLINIC_CITY,242.17,2026-09-08T23:39:54.531498+00:00,USD,Monthly Bill Payment
TXN-NORM-000335,USER_1073,USER_1074,438.57,2026-09-03T15:07:05.068631+00:00,USD,Personal Transfer
TXN-NORM-000336,USER_0090,UTILITY_METRO_POWER,141.06,2026-09-29T11:05:14.390426+00:00,USD,Monthly Bill Payment
TXN-NORM-000337,USER_0139,MUNICIPAL_TAX_BOARD,263.94,2026-09-22T07:59:38.308668+00:00,USD,Monthly Bill Payment
TXN-NORM-000338,USER_0681,HEALTHCARE_CLINIC_CITY,81.90,2026-09-12T00:09:57.988601+00:00,USD,Monthly Bill Payment
TXN-NORM-000339,USER_1596,USER_1597,103.40,2026-09-29T17:49:23.496495+00:00,USD,Personal Transfer
TXN-NORM-000340,USER_0277,TELECOM_APEX_MOBILE,90.52,2026-09-23T23:10:13.529909+00:00,USD,Monthly Bill Payment
TXN-NORM-000341,USER_1621,SUBSCRIPTION_STREAM_NOW,346.46,2026-09-03T06:59:36.787380+00:00,USD,Monthly Bill Payment
TXN-NORM-000342,USER_1113,TELECOM_APEX_MOBILE,305.20,2026-09-03T00:13:16.567036+00:00,USD,Monthly Bill Payment
TXN-NORM-000343,USER_0098,USER_0099,193.49,2026-09-11T03:30:24.372003+00:00,USD,Personal Transfer
TXN-NORM-000344,USER_0820,USER_0821,487.26,2026-09-27T04:47:57.359839+00:00,USD,Personal Transfer
TXN-NORM-000345,USER_1017,USER_1018,55.07,2026-09-12T08:13:31.808252+00:00,USD,Personal Transfer
TXN-NORM-000346,USER_0870,TELECOM_APEX_MOBILE,129.39,2026-09-18T18:22:09.824028+00:00,USD,Monthly Bill Payment
TXN-NORM-000347,USER_0164,HEALTHCARE_CLINIC_CITY,163.49,2026-09-10T13:59:37.836282+00:00,USD,Monthly Bill Payment
TXN-NORM-000348,USER_1413,SUBSCRIPTION_STREAM_NOW,114.23,2026-09-14T16:26:52.872415+00:00,USD,Monthly Bill Payment
TXN-NORM-000349,USER_1621,USER_1622,263.85,2026-09-04T08:01:51.230674+00:00,USD,Personal Transfer
TXN-NORM-000350,USER_1536,USER_1537,309.67,2026-09-28T12:17:16.007096+00:00,USD,Personal Transfer
TXN-NORM-000351,USER_1601,HEALTHCARE_CLINIC_CITY,144.06,2026-09-05T13:44:25.047382+00:00,USD,Monthly Bill Payment
TXN-NORM-000352,USER_0785,USER_0786,233.21,2026-09-02T19:48:06.766572+00:00,USD,Personal Transfer
TXN-NORM-000353,USER_0760,TELECOM_APEX_MOBILE,154.36,2026-09-23T04:54:40.904339+00:00,USD,Monthly Bill Payment
TXN-NORM-000354,USER_1331,UTILITY_CITY_WATER,187.19,2026-09-28T13:20:51.217188+00:00,USD,Monthly Bill Payment
TXN-NORM-000355,USER_0793,USER_0794,231.44,2026-09-05T09:00:09.945290+00:00,USD,Personal Transfer
TXN-NORM-000356,USER_1254,UTILITY_METRO_POWER,69.11,2026-09-27T22:16:27.400185+00:00,USD,Monthly Bill Payment
TXN-NORM-000357,USER_0152,GROCERY_MARKET_CENTRAL,246.63,2026-09-27T09:14:19.724452+00:00,USD,Monthly Bill Payment
TXN-NORM-000358,USER_0655,USER_0656,160.48,2026-09-21T22:27:29.915908+00:00,USD,Personal Transfer
TXN-NORM-000359,USER_0323,USER_0324,190.32,2026-09-27T20:10:11.242399+00:00,USD,Personal Transfer
TXN-NORM-000360,USER_0460,GROCERY_MARKET_CENTRAL,185.56,2026-09-07T12:13:35.243546+00:00,USD,Monthly Bill Payment
TXN-NORM-000361,USER_0740,UTILITY_METRO_POWER,46.37,2026-09-12T05:04:22.499111+00:00,USD,Monthly Bill Payment
TXN-NORM-000362,USER_0816,USER_0817,213.58,2026-09-22T08:34:18.447346+00:00,USD,Personal Transfer
TXN-NORM-000363,USER_1178,SUBSCRIPTION_STREAM_NOW,246.04,2026-09-28T22:58:19.685598+00:00,USD,Monthly Bill Payment
TXN-NORM-000364,USER_0706,UTILITY_CITY_WATER,165.60,2026-09-25T02:21:03.754894+00:00,USD,Monthly Bill Payment
TXN-NORM-000365,USER_0114,USER_0115,93.55,2026-09-16T13:29:16.277541+00:00,USD,Personal Transfer
TXN-NORM-000366,USER_1453,UTILITY_METRO_POWER,106.45,2026-09-28T13:44:04.950268+00:00,USD,Monthly Bill Payment
TXN-NORM-000367,USER_1301,USER_1302,273.74,2026-09-09T18:49:20.682623+00:00,USD,Personal Transfer
TXN-NORM-000368,USER_1030,HEALTHCARE_CLINIC_CITY,227.96,2026-09-18T09:50:29.765942+00:00,USD,Monthly Bill Payment
TXN-NORM-000369,USER_1240,GROCERY_MARKET_CENTRAL,34.22,2026-09-27T13:55:48.038658+00:00,USD,Monthly Bill Payment
TXN-NORM-000370,USER_0094,USER_0095,117.24,2026-09-23T14:21:35.681321+00:00,USD,Personal Transfer
TXN-NORM-000371,USER_1172,HEALTHCARE_CLINIC_CITY,202.31,2026-09-20T05:12:06.608291+00:00,USD,Monthly Bill Payment
TXN-NORM-000372,USER_1315,USER_1316,234.97,2026-09-15T17:05:47.460901+00:00,USD,Personal Transfer
TXN-NORM-000373,USER_1411,UTILITY_CITY_WATER,135.56,2026-09-14T15:14:35.433888+00:00,USD,Monthly Bill Payment
TXN-NORM-000374,USER_0295,UTILITY_CITY_WATER,272.22,2026-09-22T05:49:56.836337+00:00,USD,Monthly Bill Payment
TXN-NORM-000375,USER_1055,TELECOM_APEX_MOBILE,171.12,2026-09-11T05:11:47.991128+00:00,USD,Monthly Bill Payment
TXN-NORM-000376,USER_0289,MUNICIPAL_TAX_BOARD,160.89,2026-09-10T08:38:33.450700+00:00,USD,Monthly Bill Payment
TXN-NORM-000377,USER_0328,USER_0329,385.11,2026-09-28T04:50:24.100811+00:00,USD,Personal Transfer
TXN-NORM-000378,USER_1021,USER_1022,26.24,2026-09-15T03:29:45.850213+00:00,USD,Personal Transfer
TXN-NORM-000379,USER_0806,TELECOM_APEX_MOBILE,40.81,2026-09-28T23:18:36.124145+00:00,USD,Monthly Bill Payment
TXN-NORM-000380,USER_0577,MUNICIPAL_TAX_BOARD,27.66,2026-09-26T23:30:52.248154+00:00,USD,Monthly Bill Payment
TXN-NORM-000381,USER_0221,SUBSCRIPTION_STREAM_NOW,143.93,2026-09-26T20:05:32.486723+00:00,USD,Monthly Bill Payment
TXN-NORM-000382,USER_0821,TELECOM_APEX_MOBILE,48.90,2026-09-17T21:10:33.262494+00:00,USD,Monthly Bill Payment
TXN-NORM-000383,USER_1033,UTILITY_METRO_POWER,153.02,2026-09-17T04:43:03.505707+00:00,USD,Monthly Bill Payment
TXN-NORM-000384,USER_1628,USER_1629,84.97,2026-09-17T18:43:27.116065+00:00,USD,Personal Transfer
TXN-NORM-000385,USER_1234,UTILITY_CITY_WATER,256.92,2026-09-15T17:17:07.791231+00:00,USD,Monthly Bill Payment
TXN-NORM-000386,USER_0971,MUNICIPAL_TAX_BOARD,128.52,2026-09-06T01:27:50.408401+00:00,USD,Monthly Bill Payment
TXN-NORM-000387,USER_0805,USER_0806,178.14,2026-09-22T18:03:53.677824+00:00,USD,Personal Transfer
TXN-NORM-000388,USER_1044,GROCERY_MARKET_CENTRAL,30.41,2026-09-21T21:28:19.827801+00:00,USD,Monthly Bill Payment
TXN-NORM-000389,USER_0679,USER_0680,450.90,2026-09-29T11:22:22.998039+00:00,USD,Personal Transfer
TXN-NORM-000390,USER_1410,GROCERY_MARKET_CENTRAL,340.92,2026-09-18T17:46:26.443832+00:00,USD,Monthly Bill Payment
TXN-NORM-000391,USER_1185,MUNICIPAL_TAX_BOARD,229.43,2026-09-22T11:36:58.254697+00:00,USD,Monthly Bill Payment
TXN-NORM-000392,USER_1270,USER_1271,292.70,2026-09-12T15:00:31.617108+00:00,USD,Personal Transfer
TXN-NORM-000393,USER_1435,UTILITY_CITY_WATER,159.21,2026-09-02T16:30:49.660617+00:00,USD,Monthly Bill Payment
TXN-NORM-000394,USER_0418,GROCERY_MARKET_CENTRAL,264.15,2026-09-24T00:14:17.231844+00:00,USD,Monthly Bill Payment
TXN-NORM-000395,USER_0128,USER_0129,247.01,2026-09-16T15:24:37.002458+00:00,USD,Personal Transfer
TXN-NORM-000396,USER_0772,TELECOM_APEX_MOBILE,244.66,2026-09-06T23:55:46.623654+00:00,USD,Monthly Bill Payment
TXN-NORM-000397,USER_1477,USER_1478,249.83,2026-09-24T12:10:32.642991+00:00,USD,Personal Transfer
TXN-NORM-000398,USER_0505,TELECOM_APEX_MOBILE,254.09,2026-09-10T11:05:30.137999+00:00,USD,Monthly Bill Payment
TXN-NORM-000399,USER_1414,USER_1415,467.84,2026-09-11T01:16:25.738312+00:00,USD,Personal Transfer
TXN-NORM-000400,USER_1629,USER_1630,490.38,2026-09-10T07:03:13.557000+00:00,USD,Personal Transfer
TXN-NORM-000401,USER_0707,USER_0708,154.50,2026-09-24T13:12:14.744702+00:00,USD,Personal Transfer
TXN-NORM-000402,USER_1463,SUBSCRIPTION_STREAM_NOW,94.55,2026-09-27T20:54:00.658248+00:00,USD,Monthly Bill Payment
TXN-NORM-000403,USER_1104,UTILITY_METRO_POWER,225.10,2026-09-17T17:51:38.157514+00:00,USD,Monthly Bill Payment
TXN-NORM-000404,USER_1202,UTILITY_CITY_WATER,42.06,2026-09-03T11:03:33.114838+00:00,USD,Monthly Bill Payment
TXN-NORM-000405,USER_0847,MUNICIPAL_TAX_BOARD,342.82,2026-09-15T01:43:17.962142+00:00,USD,Monthly Bill Payment
TXN-NORM-000406,USER_0324,HEALTHCARE_CLINIC_CITY,89.82,2026-09-28T10:59:50.975592+00:00,USD,Monthly Bill Payment
TXN-NORM-000407,USER_0589,MUNICIPAL_TAX_BOARD,100.47,2026-09-19T20:34:35.684950+00:00,USD,Monthly Bill Payment
TXN-NORM-000408,USER_1513,USER_1514,442.89,2026-09-28T02:01:37.740052+00:00,USD,Personal Transfer
TXN-NORM-000409,USER_0361,USER_0362,255.26,2026-09-03T06:33:59.386918+00:00,USD,Personal Transfer
TXN-NORM-000410,USER_1534,USER_1535,159.72,2026-09-27T14:28:34.254161+00:00,USD,Personal Transfer
TXN-NORM-000411,USER_1235,HEALTHCARE_CLINIC_CITY,201.57,2026-09-29T13:05:45.747552+00:00,USD,Monthly Bill Payment
TXN-NORM-000412,USER_1012,USER_1013,108.51,2026-09-06T01:32:37.021852+00:00,USD,Personal Transfer
TXN-NORM-000413,USER_0231,UTILITY_CITY_WATER,29.58,2026-09-22T11:42:26.780250+00:00,USD,Monthly Bill Payment
TXN-NORM-000414,USER_0691,USER_0692,311.31,2026-09-17T19:46:10.703519+00:00,USD,Personal Transfer
TXN-NORM-000415,USER_1309,USER_1310,209.40,2026-09-25T05:14:08.593218+00:00,USD,Personal Transfer
TXN-NORM-000416,USER_0196,UTILITY_CITY_WATER,27.22,2026-09-06T02:32:13.362929+00:00,USD,Monthly Bill Payment
TXN-NORM-000417,USER_0786,MUNICIPAL_TAX_BOARD,259.94,2026-09-23T04:25:55.634518+00:00,USD,Monthly Bill Payment
TXN-NORM-000418,USER_0024,HEALTHCARE_CLINIC_CITY,63.42,2026-09-12T01:12:21.887423+00:00,USD,Monthly Bill Payment
TXN-NORM-000419,USER_0629,UTILITY_METRO_POWER,232.58,2026-09-21T06:31:41.625165+00:00,USD,Monthly Bill Payment
TXN-NORM-000420,USER_0605,UTILITY_CITY_WATER,172.87,2026-09-08T01:46:50.343899+00:00,USD,Monthly Bill Payment
TXN-NORM-000421,USER_1241,MUNICIPAL_TAX_BOARD,285.65,2026-09-21T23:13:10.238529+00:00,USD,Monthly Bill Payment
TXN-NORM-000422,USER_0448,USER_0449,231.67,2026-09-20T19:30:25.018481+00:00,USD,Personal Transfer
TXN-NORM-000423,USER_1442,GROCERY_MARKET_CENTRAL,202.99,2026-09-27T10:38:13.400378+00:00,USD,Monthly Bill Payment
TXN-NORM-000424,USER_1036,GROCERY_MARKET_CENTRAL,194.11,2026-09-16T22:04:51.511097+00:00,USD,Monthly Bill Payment
TXN-NORM-000425,USER_0239,USER_0240,450.96,2026-09-22T08:31:53.772556+00:00,USD,Personal Transfer
TXN-NORM-000426,USER_0913,USER_0914,288.50,2026-09-14T22:30:05.765521+00:00,USD,Personal Transfer
TXN-NORM-000427,USER_1145,TELECOM_APEX_MOBILE,290.35,2026-09-24T06:07:37.872254+00:00,USD,Monthly Bill Payment
TXN-NORM-000428,USER_1528,HEALTHCARE_CLINIC_CITY,45.72,2026-09-04T07:40:02.053991+00:00,USD,Monthly Bill Payment
TXN-NORM-000429,USER_0124,USER_0125,154.24,2026-09-04T06:38:54.792968+00:00,USD,Personal Transfer
TXN-NORM-000430,USER_0369,USER_0370,496.54,2026-09-23T15:34:53.579349+00:00,USD,Personal Transfer
TXN-NORM-000431,USER_0784,UTILITY_METRO_POWER,246.89,2026-09-27T19:54:00.919246+00:00,USD,Monthly Bill Payment
TXN-NORM-000432,USER_1356,USER_1357,101.56,2026-09-05T21:33:59.907561+00:00,USD,Personal Transfer
TXN-NORM-000433,USER_1101,UTILITY_METRO_POWER,270.76,2026-09-05T14:33:17.794816+00:00,USD,Monthly Bill Payment
TXN-NORM-000434,USER_0612,SUBSCRIPTION_STREAM_NOW,292.59,2026-09-22T08:28:19.172402+00:00,USD,Monthly Bill Payment
TXN-NORM-000435,USER_0507,HEALTHCARE_CLINIC_CITY,273.78,2026-09-06T08:15:09.377390+00:00,USD,Monthly Bill Payment
TXN-NORM-000436,USER_0066,USER_0067,114.95,2026-09-13T10:22:24.617100+00:00,USD,Personal Transfer
TXN-NORM-000437,USER_0207,HEALTHCARE_CLINIC_CITY,39.38,2026-09-14T05:35:12.976656+00:00,USD,Monthly Bill Payment
TXN-NORM-000438,USER_0899,MUNICIPAL_TAX_BOARD,347.88,2026-09-07T20:01:00.467286+00:00,USD,Monthly Bill Payment
TXN-NORM-000439,USER_0480,USER_0481,304.99,2026-09-22T13:49:26.784100+00:00,USD,Personal Transfer
TXN-NORM-000440,USER_1378,USER_1379,267.81,2026-09-08T12:43:51.390071+00:00,USD,Personal Transfer
TXN-NORM-000441,USER_0847,HEALTHCARE_CLINIC_CITY,163.84,2026-09-03T15:53:02.041704+00:00,USD,Monthly Bill Payment
TXN-NORM-000442,USER_1016,MUNICIPAL_TAX_BOARD,128.59,2026-09-11T20:51:12.612057+00:00,USD,Monthly Bill Payment
TXN-NORM-000443,USER_0853,MUNICIPAL_TAX_BOARD,178.89,2026-09-10T08:00:19.209146+00:00,USD,Monthly Bill Payment
TXN-NORM-000444,USER_0462,UTILITY_METRO_POWER,207.78,2026-09-22T02:09:36.324953+00:00,USD,Monthly Bill Payment
TXN-NORM-000445,USER_0854,UTILITY_CITY_WATER,132.34,2026-09-05T18:27:18.621993+00:00,USD,Monthly Bill Payment
TXN-NORM-000446,USER_0162,USER_0163,366.42,2026-09-25T11:12:25.854762+00:00,USD,Personal Transfer
TXN-NORM-000447,USER_0391,UTILITY_METRO_POWER,86.15,2026-09-12T07:52:06.033723+00:00,USD,Monthly Bill Payment
TXN-NORM-000448,USER_1560,UTILITY_CITY_WATER,307.58,2026-09-20T17:30:11.770880+00:00,USD,Monthly Bill Payment
TXN-NORM-000449,USER_0682,UTILITY_CITY_WATER,337.68,2026-09-27T09:02:44.964033+00:00,USD,Monthly Bill Payment
TXN-NORM-000450,USER_0241,USER_0242,308.13,2026-09-23T02:13:59.515719+00:00,USD,Personal Transfer
TXN-NORM-000451,USER_0419,TELECOM_APEX_MOBILE,148.72,2026-09-08T20:28:21.636438+00:00,USD,Monthly Bill Payment
TXN-NORM-000452,USER_1093,SUBSCRIPTION_STREAM_NOW,176.45,2026-09-10T19:27:10.421611+00:00,USD,Monthly Bill Payment
TXN-NORM-000453,USER_1480,TELECOM_APEX_MOBILE,159.53,2026-09-25T10:04:02.397030+00:00,USD,Monthly Bill Payment
TXN-NORM-000454,USER_1153,USER_1154,283.36,2026-09-22T10:00:33.334039+00:00,USD,Personal Transfer
TXN-NORM-000455,USER_1197,TELECOM_APEX_MOBILE,99.76,2026-09-13T13:12:37.000989+00:00,USD,Monthly Bill Payment
TXN-NORM-000456,USER_1167,USER_1168,385.23,2026-09-16T01:59:56.181340+00:00,USD,Personal Transfer
TXN-NORM-000457,USER_1001,USER_1002,96.59,2026-09-20T06:33:42.983995+00:00,USD,Personal Transfer
TXN-NORM-000458,USER_1629,MUNICIPAL_TAX_BOARD,346.86,2026-09-06T06:17:58.430655+00:00,USD,Monthly Bill Payment
TXN-NORM-000459,USER_0121,HEALTHCARE_CLINIC_CITY,40.77,2026-09-25T06:06:24.947920+00:00,USD,Monthly Bill Payment
TXN-NORM-000460,USER_0014,HEALTHCARE_CLINIC_CITY,74.08,2026-09-25T12:38:04.592591+00:00,USD,Monthly Bill Payment
TXN-NORM-000461,USER_0448,SUBSCRIPTION_STREAM_NOW,30.11,2026-09-12T18:59:42.661763+00:00,USD,Monthly Bill Payment
TXN-NORM-000462,USER_1090,TELECOM_APEX_MOBILE,30.57,2026-09-02T09:54:07.469730+00:00,USD,Monthly Bill Payment
TXN-NORM-000463,USER_1430,USER_1431,460.25,2026-09-24T10:18:35.608375+00:00,USD,Personal Transfer
TXN-NORM-000464,USER_1074,TELECOM_APEX_MOBILE,111.88,2026-09-07T10:47:03.739302+00:00,USD,Monthly Bill Payment
TXN-NORM-000465,USER_0813,UTILITY_CITY_WATER,346.83,2026-09-29T02:20:44.890663+00:00,USD,Monthly Bill Payment
TXN-NORM-000466,USER_0463,GROCERY_MARKET_CENTRAL,236.22,2026-09-24T22:33:13.324463+00:00,USD,Monthly Bill Payment
TXN-NORM-000467,USER_0065,HEALTHCARE_CLINIC_CITY,28.07,2026-09-12T22:24:18.681450+00:00,USD,Monthly Bill Payment
TXN-NORM-000468,USER_0351,GROCERY_MARKET_CENTRAL,341.50,2026-09-25T18:01:58.189527+00:00,USD,Monthly Bill Payment
TXN-NORM-000469,USER_1082,USER_1083,37.58,2026-09-08T18:32:05.927252+00:00,USD,Personal Transfer
TXN-NORM-000470,USER_0153,USER_0154,465.45,2026-09-09T14:19:15.972048+00:00,USD,Personal Transfer
TXN-NORM-000471,USER_0645,GROCERY_MARKET_CENTRAL,256.63,2026-09-07T16:54:47.066682+00:00,USD,Monthly Bill Payment
TXN-NORM-000472,USER_0816,USER_0817,419.81,2026-09-10T09:23:44.898948+00:00,USD,Personal Transfer
TXN-NORM-000473,USER_0797,USER_0798,373.78,2026-09-17T08:09:38.173685+00:00,USD,Personal Transfer
TXN-NORM-000474,USER_1619,USER_1620,62.38,2026-09-22T09:20:59.735527+00:00,USD,Personal Transfer
TXN-NORM-000475,USER_0476,USER_0477,173.29,2026-09-11T18:16:39.250943+00:00,USD,Personal Transfer
TXN-NORM-000476,USER_1299,TELECOM_APEX_MOBILE,204.74,2026-09-30T01:16:07.815158+00:00,USD,Monthly Bill Payment
TXN-NORM-000477,USER_0769,GROCERY_MARKET_CENTRAL,226.05,2026-09-21T04:36:25.237113+00:00,USD,Monthly Bill Payment
TXN-NORM-000478,USER_0505,USER_0506,360.16,2026-09-04T04:43:57.544598+00:00,USD,Personal Transfer
TXN-NORM-000479,USER_1299,UTILITY_METRO_POWER,26.69,2026-09-13T01:23:27.149013+00:00,USD,Monthly Bill Payment
TXN-NORM-000480,USER_0632,UTILITY_METRO_POWER,85.90,2026-09-23T02:19:51.397829+00:00,USD,Monthly Bill Payment
TXN-NORM-000481,USER_0920,UTILITY_METRO_POWER,140.02,2026-09-16T03:32:49.411544+00:00,USD,Monthly Bill Payment
TXN-NORM-000482,USER_0191,TELECOM_APEX_MOBILE,159.49,2026-09-24T02:39:36.611135+00:00,USD,Monthly Bill Payment
TXN-NORM-000483,USER_1596,MUNICIPAL_TAX_BOARD,80.11,2026-09-27T04:24:02.504289+00:00,USD,Monthly Bill Payment
TXN-NORM-000484,USER_0780,UTILITY_CITY_WATER,45.56,2026-09-09T13:59:05.296727+00:00,USD,Monthly Bill Payment
TXN-NORM-000485,USER_0891,TELECOM_APEX_MOBILE,331.87,2026-09-10T04:29:50.793213+00:00,USD,Monthly Bill Payment
TXN-NORM-000486,USER_1477,UTILITY_METRO_POWER,69.03,2026-09-18T13:29:45.950857+00:00,USD,Monthly Bill Payment
TXN-NORM-000487,USER_0014,USER_0015,433.17,2026-09-11T12:42:09.530542+00:00,USD,Personal Transfer
TXN-NORM-000488,USER_0902,TELECOM_APEX_MOBILE,221.04,2026-09-24T15:45:32.548970+00:00,USD,Monthly Bill Payment
TXN-NORM-000489,USER_1424,TELECOM_APEX_MOBILE,263.83,2026-09-11T00:06:37.650318+00:00,USD,Monthly Bill Payment
TXN-NORM-000490,USER_1297,SUBSCRIPTION_STREAM_NOW,116.10,2026-09-18T02:20:31.561114+00:00,USD,Monthly Bill Payment
TXN-NORM-000491,USER_1610,MUNICIPAL_TAX_BOARD,83.48,2026-09-05T04:16:33.432086+00:00,USD,Monthly Bill Payment
TXN-NORM-000492,USER_1573,UTILITY_CITY_WATER,167.50,2026-09-28T22:16:54.796264+00:00,USD,Monthly Bill Payment
TXN-NORM-000493,USER_0597,USER_0598,257.16,2026-09-04T05:25:31.128226+00:00,USD,Personal Transfer
TXN-NORM-000494,USER_1298,SUBSCRIPTION_STREAM_NOW,281.45,2026-09-08T23:20:44.362427+00:00,USD,Monthly Bill Payment
TXN-NORM-000495,USER_0152,MUNICIPAL_TAX_BOARD,325.14,2026-09-18T22:20:35.432913+00:00,USD,Monthly Bill Payment
TXN-NORM-000496,USER_1417,GROCERY_MARKET_CENTRAL,199.49,2026-09-03T05:45:04.633895+00:00,USD,Monthly Bill Payment
TXN-NORM-000497,USER_1307,USER_1308,337.38,2026-09-05T02:20:01.561717+00:00,USD,Personal Transfer
TXN-NORM-000498,USER_0341,TELECOM_APEX_MOBILE,338.86,2026-09-03T11:51:39.837550+00:00,USD,Monthly Bill Payment
TXN-NORM-000499,USER_0882,HEALTHCARE_CLINIC_CITY,193.61,2026-09-04T18:57:37.025855+00:00,USD,Monthly Bill Payment
TXN-NORM-000500,USER_1189,USER_1190,239.59,2026-09-08T08:49:10.261963+00:00,USD,Personal Transfer
TXN-NORM-000501,USER_1392,SUBSCRIPTION_STREAM_NOW,58.98,2026-09-16T03:31:42.794541+00:00,USD,Monthly Bill Payment
TXN-NORM-000502,USER_0852,USER_0853,166.27,2026-09-04T07:15:18.145290+00:00,USD,Personal Transfer
TXN-NORM-000503,USER_0933,USER_0934,62.35,2026-09-16T17:50:18.564124+00:00,USD,Personal Transfer
TXN-NORM-000504,USER_1479,USER_1480,407.94,2026-09-10T23:58:30.422170+00:00,USD,Personal Transfer
TXN-NORM-000505,USER_0236,GROCERY_MARKET_CENTRAL,78.42,2026-09-11T10:50:29.977262+00:00,USD,Monthly Bill Payment
TXN-NORM-000506,USER_1517,MUNICIPAL_TAX_BOARD,163.57,2026-09-06T19:33:49.984917+00:00,USD,Monthly Bill Payment
TXN-NORM-000507,USER_0947,HEALTHCARE_CLINIC_CITY,238.63,2026-09-13T05:48:11.148000+00:00,USD,Monthly Bill Payment
TXN-NORM-000508,USER_0811,MUNICIPAL_TAX_BOARD,164.60,2026-09-19T03:04:21.618951+00:00,USD,Monthly Bill Payment
TXN-NORM-000509,USER_0010,USER_0011,64.35,2026-09-07T13:47:35.834584+00:00,USD,Personal Transfer
TXN-NORM-000510,USER_1100,TELECOM_APEX_MOBILE,242.98,2026-09-11T09:47:46.188504+00:00,USD,Monthly Bill Payment
TXN-NORM-000511,USER_1003,SUBSCRIPTION_STREAM_NOW,215.78,2026-09-20T01:59:49.592263+00:00,USD,Monthly Bill Payment
TXN-NORM-000512,USER_0713,HEALTHCARE_CLINIC_CITY,254.45,2026-09-14T17:51:00.414614+00:00,USD,Monthly Bill Payment
TXN-NORM-000513,USER_0610,USER_0611,72.16,2026-09-18T08:54:36.253880+00:00,USD,Personal Transfer
TXN-NORM-000514,USER_0626,SUBSCRIPTION_STREAM_NOW,160.93,2026-09-12T07:53:56.682424+00:00,USD,Monthly Bill Payment
TXN-NORM-000515,USER_0283,MUNICIPAL_TAX_BOARD,250.37,2026-09-14T04:20:00.366514+00:00,USD,Monthly Bill Payment
TXN-NORM-000516,USER_1322,USER_1323,155.08,2026-09-06T18:54:52.884667+00:00,USD,Personal Transfer
TXN-NORM-000517,USER_0384,TELECOM_APEX_MOBILE,334.35,2026-09-14T09:18:24.900043+00:00,USD,Monthly Bill Payment
TXN-NORM-000518,USER_0993,HEALTHCARE_CLINIC_CITY,184.81,2026-09-25T02:42:06.937903+00:00,USD,Monthly Bill Payment
TXN-NORM-000519,USER_1455,USER_1456,29.97,2026-09-15T11:13:59.495501+00:00,USD,Personal Transfer
TXN-NORM-000520,USER_1559,TELECOM_APEX_MOBILE,79.67,2026-09-02T22:51:33.468577+00:00,USD,Monthly Bill Payment
TXN-NORM-000521,USER_0937,MUNICIPAL_TAX_BOARD,61.79,2026-09-23T22:16:52.434649+00:00,USD,Monthly Bill Payment
TXN-NORM-000522,USER_0234,GROCERY_MARKET_CENTRAL,270.96,2026-09-17T08:37:50.038306+00:00,USD,Monthly Bill Payment
TXN-NORM-000523,USER_1557,USER_1558,371.95,2026-09-17T12:20:17.349914+00:00,USD,Personal Transfer
TXN-NORM-000524,USER_1339,USER_1340,142.47,2026-09-10T02:12:45.250602+00:00,USD,Personal Transfer
TXN-NORM-000525,USER_0179,GROCERY_MARKET_CENTRAL,264.72,2026-09-29T18:10:14.635511+00:00,USD,Monthly Bill Payment
TXN-NORM-000526,USER_1412,MUNICIPAL_TAX_BOARD,70.25,2026-09-22T02:29:15.064597+00:00,USD,Monthly Bill Payment
TXN-NORM-000527,USER_0424,USER_0425,151.33,2026-09-24T16:17:22.635699+00:00,USD,Personal Transfer
TXN-NORM-000528,USER_1104,MUNICIPAL_TAX_BOARD,111.89,2026-09-29T10:14:18.617019+00:00,USD,Monthly Bill Payment
TXN-NORM-000529,USER_1054,USER_1055,481.94,2026-09-20T19:23:31.758992+00:00,USD,Personal Transfer
TXN-NORM-000530,USER_1610,HEALTHCARE_CLINIC_CITY,66.24,2026-09-03T18:00:52.186633+00:00,USD,Monthly Bill Payment
TXN-NORM-000531,USER_0272,GROCERY_MARKET_CENTRAL,244.78,2026-09-21T21:32:59.966818+00:00,USD,Monthly Bill Payment
TXN-NORM-000532,USER_1003,SUBSCRIPTION_STREAM_NOW,49.54,2026-09-19T22:15:22.922843+00:00,USD,Monthly Bill Payment
TXN-NORM-000533,USER_1628,USER_1629,469.12,2026-09-04T16:28:10.562622+00:00,USD,Personal Transfer
TXN-NORM-000534,USER_0756,GROCERY_MARKET_CENTRAL,300.33,2026-09-15T09:06:40.502764+00:00,USD,Monthly Bill Payment
TXN-NORM-000535,USER_0191,USER_0192,45.72,2026-09-15T00:16:39.440182+00:00,USD,Personal Transfer
TXN-NORM-000536,USER_1095,TELECOM_APEX_MOBILE,129.93,2026-09-29T00:10:32.029988+00:00,USD,Monthly Bill Payment
TXN-NORM-000537,USER_0581,TELECOM_APEX_MOBILE,315.60,2026-09-18T12:13:03.715867+00:00,USD,Monthly Bill Payment
TXN-NORM-000538,USER_1562,UTILITY_METRO_POWER,327.07,2026-09-05T02:05:30.889874+00:00,USD,Monthly Bill Payment
TXN-NORM-000539,USER_0324,HEALTHCARE_CLINIC_CITY,320.56,2026-09-02T07:03:09.373466+00:00,USD,Monthly Bill Payment
TXN-NORM-000540,USER_1332,HEALTHCARE_CLINIC_CITY,142.14,2026-09-26T10:59:49.997013+00:00,USD,Monthly Bill Payment
TXN-NORM-000541,USER_0169,SUBSCRIPTION_STREAM_NOW,228.32,2026-09-27T03:38:04.776044+00:00,USD,Monthly Bill Payment
TXN-NORM-000542,USER_1487,USER_1488,61.16,2026-09-08T08:55:57.778529+00:00,USD,Personal Transfer
TXN-NORM-000543,USER_0438,HEALTHCARE_CLINIC_CITY,169.65,2026-09-05T17:48:20.810700+00:00,USD,Monthly Bill Payment
TXN-NORM-000544,USER_0017,USER_0018,79.10,2026-09-25T02:16:10.335916+00:00,USD,Personal Transfer
TXN-NORM-000545,USER_0146,TELECOM_APEX_MOBILE,144.46,2026-09-04T08:18:57.930600+00:00,USD,Monthly Bill Payment
TXN-NORM-000546,USER_0613,HEALTHCARE_CLINIC_CITY,71.43,2026-09-23T11:59:32.903469+00:00,USD,Monthly Bill Payment
TXN-NORM-000547,USER_1087,TELECOM_APEX_MOBILE,259.79,2026-09-18T23:32:11.145424+00:00,USD,Monthly Bill Payment
TXN-NORM-000548,USER_1287,USER_1288,120.36,2026-09-28T00:16:39.981128+00:00,USD,Personal Transfer
TXN-NORM-000549,USER_0206,SUBSCRIPTION_STREAM_NOW,127.21,2026-09-05T16:13:57.874249+00:00,USD,Monthly Bill Payment
TXN-NORM-000550,USER_0287,MUNICIPAL_TAX_BOARD,220.00,2026-09-20T00:37:16.556851+00:00,USD,Monthly Bill Payment
TXN-NORM-000551,USER_1245,GROCERY_MARKET_CENTRAL,238.98,2026-09-28T00:34:50.097061+00:00,USD,Monthly Bill Payment
TXN-NORM-000552,USER_0618,SUBSCRIPTION_STREAM_NOW,121.05,2026-09-18T22:34:53.634956+00:00,USD,Monthly Bill Payment
TXN-NORM-000553,USER_0112,USER_0113,202.15,2026-09-24T04:25:49.572159+00:00,USD,Personal Transfer
TXN-NORM-000554,USER_0494,TELECOM_APEX_MOBILE,67.89,2026-09-18T07:28:43.341882+00:00,USD,Monthly Bill Payment
TXN-NORM-000555,USER_1165,SUBSCRIPTION_STREAM_NOW,335.20,2026-09-17T05:02:24.452483+00:00,USD,Monthly Bill Payment
TXN-NORM-000556,USER_1578,UTILITY_CITY_WATER,37.94,2026-09-18T02:57:54.951150+00:00,USD,Monthly Bill Payment
TXN-NORM-000557,USER_0124,USER_0125,360.63,2026-09-13T05:33:02.673577+00:00,USD,Personal Transfer
TXN-NORM-000558,USER_1572,MUNICIPAL_TAX_BOARD,199.74,2026-09-21T09:59:56.653040+00:00,USD,Monthly Bill Payment
TXN-NORM-000559,USER_0313,UTILITY_CITY_WATER,199.33,2026-09-10T15:45:49.142192+00:00,USD,Monthly Bill Payment
TXN-NORM-000560,USER_0801,HEALTHCARE_CLINIC_CITY,167.18,2026-09-23T02:46:17.561527+00:00,USD,Monthly Bill Payment
TXN-NORM-000561,USER_0489,SUBSCRIPTION_STREAM_NOW,224.00,2026-09-04T16:14:41.123291+00:00,USD,Monthly Bill Payment
TXN-NORM-000562,USER_0113,UTILITY_METRO_POWER,255.07,2026-09-22T15:09:16.705194+00:00,USD,Monthly Bill Payment
TXN-NORM-000563,USER_1437,MUNICIPAL_TAX_BOARD,279.47,2026-09-16T01:20:53.158622+00:00,USD,Monthly Bill Payment
TXN-NORM-000564,USER_1477,UTILITY_METRO_POWER,275.71,2026-09-12T11:10:13.575330+00:00,USD,Monthly Bill Payment
TXN-NORM-000565,USER_0061,HEALTHCARE_CLINIC_CITY,341.89,2026-09-13T19:08:32.633879+00:00,USD,Monthly Bill Payment
TXN-NORM-000566,USER_1286,SUBSCRIPTION_STREAM_NOW,304.29,2026-09-14T21:15:01.554963+00:00,USD,Monthly Bill Payment
TXN-NORM-000567,USER_0342,MUNICIPAL_TAX_BOARD,244.09,2026-09-09T00:10:32.620310+00:00,USD,Monthly Bill Payment
TXN-NORM-000568,USER_0237,GROCERY_MARKET_CENTRAL,28.99,2026-09-16T00:00:32.914570+00:00,USD,Monthly Bill Payment
TXN-NORM-000569,USER_0095,GROCERY_MARKET_CENTRAL,36.49,2026-09-12T14:01:35.001731+00:00,USD,Monthly Bill Payment
TXN-NORM-000570,USER_1463,USER_1464,216.88,2026-09-13T20:27:34.870325+00:00,USD,Personal Transfer
TXN-NORM-000571,USER_1476,MUNICIPAL_TAX_BOARD,243.83,2026-09-25T05:36:15.317599+00:00,USD,Monthly Bill Payment
TXN-NORM-000572,USER_0108,UTILITY_METRO_POWER,310.02,2026-09-24T05:24:05.056187+00:00,USD,Monthly Bill Payment
TXN-NORM-000573,USER_0579,USER_0580,236.52,2026-09-10T12:01:35.626208+00:00,USD,Personal Transfer
TXN-NORM-000574,USER_0756,MUNICIPAL_TAX_BOARD,103.84,2026-09-17T20:42:29.977161+00:00,USD,Monthly Bill Payment
TXN-NORM-000575,USER_0755,MUNICIPAL_TAX_BOARD,272.16,2026-09-15T18:31:15.510789+00:00,USD,Monthly Bill Payment
TXN-NORM-000576,USER_0503,MUNICIPAL_TAX_BOARD,137.59,2026-09-27T17:58:00.196034+00:00,USD,Monthly Bill Payment
TXN-NORM-000577,USER_1421,USER_1422,333.79,2026-09-28T06:58:59.086312+00:00,USD,Personal Transfer
TXN-NORM-000578,USER_1512,USER_1513,253.63,2026-09-04T22:26:15.348088+00:00,USD,Personal Transfer
TXN-NORM-000579,USER_0123,USER_0124,36.29,2026-09-06T00:48:59.828496+00:00,USD,Personal Transfer
TXN-NORM-000580,USER_0475,USER_0476,487.66,2026-09-16T16:54:50.781728+00:00,USD,Personal Transfer
TXN-NORM-000581,USER_0174,MUNICIPAL_TAX_BOARD,209.54,2026-09-16T07:54:03.950452+00:00,USD,Monthly Bill Payment
TXN-NORM-000582,USER_0891,USER_0892,427.69,2026-09-05T18:11:20.166961+00:00,USD,Personal Transfer
TXN-NORM-000583,USER_0805,USER_0806,146.90,2026-09-22T16:15:32.211372+00:00,USD,Personal Transfer
TXN-NORM-000584,USER_0153,USER_0154,66.24,2026-09-05T15:41:25.772498+00:00,USD,Personal Transfer
TXN-NORM-000585,USER_0921,UTILITY_CITY_WATER,171.87,2026-09-13T13:25:02.897130+00:00,USD,Monthly Bill Payment
TXN-NORM-000586,USER_0949,HEALTHCARE_CLINIC_CITY,123.87,2026-09-05T07:32:38.822408+00:00,USD,Monthly Bill Payment
TXN-NORM-000587,USER_1444,USER_1445,59.24,2026-09-03T06:33:17.422234+00:00,USD,Personal Transfer
TXN-NORM-000588,USER_0509,USER_0510,159.94,2026-09-12T20:26:31.051957+00:00,USD,Personal Transfer
TXN-NORM-000589,USER_0357,HEALTHCARE_CLINIC_CITY,203.79,2026-09-13T14:45:51.725385+00:00,USD,Monthly Bill Payment
TXN-NORM-000590,USER_0194,UTILITY_METRO_POWER,45.04,2026-09-24T07:48:21.357982+00:00,USD,Monthly Bill Payment
TXN-NORM-000591,USER_1600,USER_1601,347.85,2026-09-05T21:18:36.923014+00:00,USD,Personal Transfer
TXN-NORM-000592,USER_1321,UTILITY_METRO_POWER,89.27,2026-09-18T03:52:54.419309+00:00,USD,Monthly Bill Payment
TXN-NORM-000593,USER_1323,UTILITY_METRO_POWER,331.24,2026-09-05T17:45:19.756350+00:00,USD,Monthly Bill Payment
TXN-NORM-000594,USER_0104,UTILITY_METRO_POWER,149.39,2026-09-18T06:11:22.296686+00:00,USD,Monthly Bill Payment
TXN-NORM-000595,USER_0874,TELECOM_APEX_MOBILE,169.95,2026-09-07T22:27:26.056407+00:00,USD,Monthly Bill Payment
TXN-NORM-000596,USER_0305,TELECOM_APEX_MOBILE,187.14,2026-09-19T07:41:02.221586+00:00,USD,Monthly Bill Payment
TXN-NORM-000597,USER_1128,SUBSCRIPTION_STREAM_NOW,89.82,2026-09-04T16:16:18.062121+00:00,USD,Monthly Bill Payment
TXN-NORM-000598,USER_1077,GROCERY_MARKET_CENTRAL,256.85,2026-09-29T11:26:27.027335+00:00,USD,Monthly Bill Payment
TXN-NORM-000599,USER_0983,TELECOM_APEX_MOBILE,83.44,2026-09-15T16:20:28.980423+00:00,USD,Monthly Bill Payment
TXN-NORM-000600,USER_0654,GROCERY_MARKET_CENTRAL,347.25,2026-09-02T21:04:17.749831+00:00,USD,Monthly Bill Payment
TXN-NORM-000601,USER_1085,UTILITY_METRO_POWER,105.55,2026-09-18T07:36:20.330637+00:00,USD,Monthly Bill Payment
TXN-NORM-000602,USER_0494,UTILITY_CITY_WATER,212.10,2026-09-24T13:47:04.359168+00:00,USD,Monthly Bill Payment
TXN-NORM-000603,USER_0796,UTILITY_CITY_WATER,217.57,2026-09-25T08:31:35.592519+00:00,USD,Monthly Bill Payment
TXN-NORM-000604,USER_1512,USER_1513,354.77,2026-09-27T06:09:03.638752+00:00,USD,Personal Transfer
TXN-NORM-000605,USER_1163,GROCERY_MARKET_CENTRAL,311.53,2026-09-17T17:20:27.767961+00:00,USD,Monthly Bill Payment
TXN-NORM-000606,USER_1009,UTILITY_METRO_POWER,100.60,2026-09-06T16:02:10.121852+00:00,USD,Monthly Bill Payment
TXN-NORM-000607,USER_0449,MUNICIPAL_TAX_BOARD,90.48,2026-09-15T12:25:41.135314+00:00,USD,Monthly Bill Payment
TXN-NORM-000608,USER_0268,UTILITY_METRO_POWER,73.01,2026-09-07T02:16:37.670625+00:00,USD,Monthly Bill Payment
TXN-NORM-000609,USER_1444,USER_1445,196.19,2026-09-23T18:58:56.907395+00:00,USD,Personal Transfer
TXN-NORM-000610,USER_1357,UTILITY_CITY_WATER,342.15,2026-09-04T22:23:04.108151+00:00,USD,Monthly Bill Payment
TXN-NORM-000611,USER_1500,USER_1501,168.88,2026-09-24T11:18:03.917064+00:00,USD,Personal Transfer
TXN-NORM-000612,USER_1449,USER_1450,337.78,2026-09-21T13:02:28.953708+00:00,USD,Personal Transfer
TXN-NORM-000613,USER_0360,UTILITY_CITY_WATER,261.87,2026-09-22T14:00:58.922995+00:00,USD,Monthly Bill Payment
TXN-NORM-000614,USER_1438,USER_1439,307.16,2026-09-12T16:47:58.736538+00:00,USD,Personal Transfer
TXN-NORM-000615,USER_1253,TELECOM_APEX_MOBILE,267.24,2026-09-18T03:14:32.801288+00:00,USD,Monthly Bill Payment
TXN-NORM-000616,USER_0488,HEALTHCARE_CLINIC_CITY,242.76,2026-09-10T18:12:58.947191+00:00,USD,Monthly Bill Payment
TXN-NORM-000617,USER_1494,USER_1495,136.03,2026-09-14T12:40:48.253939+00:00,USD,Personal Transfer
TXN-NORM-000618,USER_0139,SUBSCRIPTION_STREAM_NOW,167.42,2026-09-23T16:26:18.945882+00:00,USD,Monthly Bill Payment
TXN-NORM-000619,USER_0860,USER_0861,198.68,2026-09-27T01:37:45.663304+00:00,USD,Personal Transfer
TXN-NORM-000620,USER_1119,SUBSCRIPTION_STREAM_NOW,48.96,2026-09-25T03:32:08.947842+00:00,USD,Monthly Bill Payment
TXN-NORM-000621,USER_0069,TELECOM_APEX_MOBILE,80.28,2026-09-10T17:52:46.229644+00:00,USD,Monthly Bill Payment
TXN-NORM-000622,USER_0769,MUNICIPAL_TAX_BOARD,345.21,2026-09-03T21:58:17.836072+00:00,USD,Monthly Bill Payment
TXN-NORM-000623,USER_0989,USER_0990,446.53,2026-09-13T23:50:50.776359+00:00,USD,Personal Transfer
TXN-NORM-000624,USER_0322,HEALTHCARE_CLINIC_CITY,205.09,2026-09-11T05:32:03.349415+00:00,USD,Monthly Bill Payment
TXN-NORM-000625,USER_1495,UTILITY_METRO_POWER,41.13,2026-09-20T12:59:10.856258+00:00,USD,Monthly Bill Payment
TXN-NORM-000626,USER_1171,UTILITY_METRO_POWER,163.97,2026-09-15T11:31:20.275896+00:00,USD,Monthly Bill Payment
TXN-NORM-000627,USER_0604,USER_0605,62.04,2026-09-19T19:09:39.249373+00:00,USD,Personal Transfer
TXN-NORM-000628,USER_0424,GROCERY_MARKET_CENTRAL,62.54,2026-09-09T23:17:49.047592+00:00,USD,Monthly Bill Payment
TXN-NORM-000629,USER_1608,HEALTHCARE_CLINIC_CITY,201.84,2026-09-15T16:58:57.211426+00:00,USD,Monthly Bill Payment
TXN-NORM-000630,USER_0379,UTILITY_METRO_POWER,110.57,2026-09-12T14:16:56.510221+00:00,USD,Monthly Bill Payment
TXN-NORM-000631,USER_0953,GROCERY_MARKET_CENTRAL,251.35,2026-09-25T03:03:28.556745+00:00,USD,Monthly Bill Payment
TXN-NORM-000632,USER_0199,MUNICIPAL_TAX_BOARD,98.94,2026-09-11T21:24:09.764752+00:00,USD,Monthly Bill Payment
TXN-NORM-000633,USER_0125,USER_0126,348.23,2026-09-25T02:58:14.874746+00:00,USD,Personal Transfer
TXN-NORM-000634,USER_0973,SUBSCRIPTION_STREAM_NOW,318.40,2026-09-08T16:16:09.226484+00:00,USD,Monthly Bill Payment
TXN-NORM-000635,USER_1463,GROCERY_MARKET_CENTRAL,170.94,2026-09-17T20:00:19.927168+00:00,USD,Monthly Bill Payment
TXN-NORM-000636,USER_0343,USER_0344,220.34,2026-09-24T10:46:43.076384+00:00,USD,Personal Transfer
TXN-NORM-000637,USER_1400,MUNICIPAL_TAX_BOARD,108.81,2026-09-29T18:03:17.307304+00:00,USD,Monthly Bill Payment
TXN-NORM-000638,USER_1490,USER_1491,207.72,2026-09-04T02:51:16.333541+00:00,USD,Personal Transfer
TXN-NORM-000639,USER_0668,USER_0669,354.70,2026-09-16T06:12:59.533256+00:00,USD,Personal Transfer
TXN-NORM-000640,USER_1204,UTILITY_CITY_WATER,209.14,2026-09-13T23:30:36.113030+00:00,USD,Monthly Bill Payment
TXN-NORM-000641,USER_1194,USER_1195,393.08,2026-09-28T02:11:22.667811+00:00,USD,Personal Transfer
TXN-NORM-000642,USER_1610,SUBSCRIPTION_STREAM_NOW,110.84,2026-09-17T03:59:36.644311+00:00,USD,Monthly Bill Payment
TXN-NORM-000643,USER_1342,TELECOM_APEX_MOBILE,155.97,2026-09-18T18:20:39.805010+00:00,USD,Monthly Bill Payment
TXN-NORM-000644,USER_1267,TELECOM_APEX_MOBILE,249.42,2026-09-21T03:17:32.070434+00:00,USD,Monthly Bill Payment
TXN-NORM-000645,USER_0101,USER_0102,178.87,2026-09-27T21:00:27.976394+00:00,USD,Personal Transfer
TXN-NORM-000646,USER_1626,HEALTHCARE_CLINIC_CITY,247.58,2026-09-10T05:01:12.428301+00:00,USD,Monthly Bill Payment
TXN-NORM-000647,USER_0467,GROCERY_MARKET_CENTRAL,129.28,2026-09-29T12:33:14.376172+00:00,USD,Monthly Bill Payment
TXN-NORM-000648,USER_1493,UTILITY_CITY_WATER,321.87,2026-09-20T00:07:48.606235+00:00,USD,Monthly Bill Payment
TXN-NORM-000649,USER_0834,USER_0835,42.26,2026-09-23T09:49:24.157741+00:00,USD,Personal Transfer
TXN-NORM-000650,USER_1621,GROCERY_MARKET_CENTRAL,301.67,2026-09-10T21:51:40.883759+00:00,USD,Monthly Bill Payment
TXN-NORM-000651,USER_1165,UTILITY_METRO_POWER,106.08,2026-09-07T09:21:27.854394+00:00,USD,Monthly Bill Payment
TXN-NORM-000652,USER_0935,TELECOM_APEX_MOBILE,292.64,2026-09-12T00:59:25.757141+00:00,USD,Monthly Bill Payment
TXN-NORM-000653,USER_1035,TELECOM_APEX_MOBILE,183.86,2026-09-27T11:44:24.220977+00:00,USD,Monthly Bill Payment
TXN-NORM-000654,USER_0914,UTILITY_CITY_WATER,297.24,2026-09-26T11:38:26.129556+00:00,USD,Monthly Bill Payment
TXN-NORM-000655,USER_0530,USER_0531,202.48,2026-09-21T07:40:15.551956+00:00,USD,Personal Transfer
TXN-NORM-000656,USER_0334,USER_0335,122.36,2026-09-23T18:28:27.330572+00:00,USD,Personal Transfer
TXN-NORM-000657,USER_0462,USER_0463,24.73,2026-09-09T19:06:42.112843+00:00,USD,Personal Transfer
TXN-NORM-000658,USER_1599,USER_1600,79.17,2026-09-21T10:10:03.384850+00:00,USD,Personal Transfer
TXN-NORM-000659,USER_0355,GROCERY_MARKET_CENTRAL,331.48,2026-09-02T07:42:02.322034+00:00,USD,Monthly Bill Payment
TXN-NORM-000660,USER_1460,USER_1461,197.59,2026-09-20T05:43:44.084784+00:00,USD,Personal Transfer
TXN-NORM-000661,USER_0715,MUNICIPAL_TAX_BOARD,292.90,2026-09-08T05:13:46.017386+00:00,USD,Monthly Bill Payment
TXN-NORM-000662,USER_0814,HEALTHCARE_CLINIC_CITY,217.98,2026-09-02T09:54:11.764801+00:00,USD,Monthly Bill Payment
TXN-NORM-000663,USER_0579,TELECOM_APEX_MOBILE,233.19,2026-09-04T20:08:12.457249+00:00,USD,Monthly Bill Payment
TXN-NORM-000664,USER_0568,UTILITY_CITY_WATER,193.12,2026-09-21T22:44:54.211642+00:00,USD,Monthly Bill Payment
TXN-NORM-000665,USER_0493,USER_0494,170.00,2026-09-24T17:24:56.913247+00:00,USD,Personal Transfer
TXN-NORM-000666,USER_0287,USER_0288,454.85,2026-09-20T09:31:22.399134+00:00,USD,Personal Transfer
TXN-NORM-000667,USER_0829,HEALTHCARE_CLINIC_CITY,256.85,2026-09-02T23:23:58.580274+00:00,USD,Monthly Bill Payment
TXN-NORM-000668,USER_1406,TELECOM_APEX_MOBILE,299.76,2026-09-24T02:30:01.445615+00:00,USD,Monthly Bill Payment
TXN-NORM-000669,USER_1347,USER_1348,77.05,2026-09-06T22:11:18.853388+00:00,USD,Personal Transfer
TXN-NORM-000670,USER_0530,USER_0531,451.30,2026-09-17T13:26:39.348948+00:00,USD,Personal Transfer
TXN-NORM-000671,USER_1341,GROCERY_MARKET_CENTRAL,313.22,2026-09-12T00:43:51.943351+00:00,USD,Monthly Bill Payment
TXN-NORM-000672,USER_0762,UTILITY_METRO_POWER,306.58,2026-09-10T01:47:47.871805+00:00,USD,Monthly Bill Payment
TXN-NORM-000673,USER_1196,UTILITY_CITY_WATER,187.66,2026-09-19T16:55:25.382222+00:00,USD,Monthly Bill Payment
TXN-NORM-000674,USER_1395,GROCERY_MARKET_CENTRAL,74.00,2026-09-10T03:05:44.445922+00:00,USD,Monthly Bill Payment
TXN-NORM-000675,USER_0411,TELECOM_APEX_MOBILE,305.28,2026-09-29T20:34:24.581800+00:00,USD,Monthly Bill Payment
TXN-NORM-000676,USER_0370,USER_0371,322.73,2026-09-15T13:13:02.883527+00:00,USD,Personal Transfer
TXN-NORM-000677,USER_0010,GROCERY_MARKET_CENTRAL,76.49,2026-09-07T19:12:08.761814+00:00,USD,Monthly Bill Payment
TXN-NORM-000678,USER_1609,USER_1610,223.26,2026-09-04T18:01:08.941612+00:00,USD,Personal Transfer
TXN-NORM-000679,USER_0879,USER_0880,111.72,2026-09-12T11:38:07.229524+00:00,USD,Personal Transfer
TXN-NORM-000680,USER_0765,USER_0766,343.22,2026-09-26T20:42:14.928775+00:00,USD,Personal Transfer
TXN-NORM-000681,USER_1284,USER_1285,77.53,2026-09-08T12:13:27.073005+00:00,USD,Personal Transfer
TXN-NORM-000682,USER_0786,UTILITY_METRO_POWER,121.92,2026-09-10T09:14:28.796392+00:00,USD,Monthly Bill Payment
TXN-NORM-000683,USER_0596,HEALTHCARE_CLINIC_CITY,348.53,2026-09-16T16:14:06.435023+00:00,USD,Monthly Bill Payment
TXN-NORM-000684,USER_0702,USER_0703,474.82,2026-09-15T15:47:25.129917+00:00,USD,Personal Transfer
TXN-NORM-000685,USER_0827,HEALTHCARE_CLINIC_CITY,32.12,2026-09-08T03:49:20.105574+00:00,USD,Monthly Bill Payment
TXN-NORM-000686,USER_1034,HEALTHCARE_CLINIC_CITY,108.13,2026-09-12T00:16:10.689086+00:00,USD,Monthly Bill Payment
TXN-NORM-000687,USER_1096,UTILITY_METRO_POWER,237.41,2026-09-18T08:47:29.601056+00:00,USD,Monthly Bill Payment
TXN-NORM-000688,USER_0041,UTILITY_METRO_POWER,202.87,2026-09-05T13:19:58.323780+00:00,USD,Monthly Bill Payment
TXN-NORM-000689,USER_0972,USER_0973,219.12,2026-09-07T11:18:57.823889+00:00,USD,Personal Transfer
TXN-NORM-000690,USER_0207,USER_0208,417.87,2026-09-09T10:36:36.117588+00:00,USD,Personal Transfer
TXN-NORM-000691,USER_0215,GROCERY_MARKET_CENTRAL,59.54,2026-09-19T08:07:37.982537+00:00,USD,Monthly Bill Payment
TXN-NORM-000692,USER_0407,HEALTHCARE_CLINIC_CITY,158.17,2026-09-23T16:41:16.645992+00:00,USD,Monthly Bill Payment
TXN-NORM-000693,USER_0329,SUBSCRIPTION_STREAM_NOW,132.45,2026-09-15T20:29:32.817857+00:00,USD,Monthly Bill Payment
TXN-NORM-000694,USER_0006,MUNICIPAL_TAX_BOARD,242.43,2026-09-04T08:52:46.684851+00:00,USD,Monthly Bill Payment
TXN-NORM-000695,USER_0306,USER_0307,365.93,2026-09-23T14:08:14.731113+00:00,USD,Personal Transfer
TXN-NORM-000696,USER_0525,SUBSCRIPTION_STREAM_NOW,41.28,2026-09-14T20:30:26.256427+00:00,USD,Monthly Bill Payment
TXN-NORM-000697,USER_0358,USER_0359,343.23,2026-09-25T23:54:56.591889+00:00,USD,Personal Transfer
TXN-NORM-000698,USER_0873,USER_0874,428.22,2026-09-04T10:00:39.512640+00:00,USD,Personal Transfer
TXN-NORM-000699,USER_1359,TELECOM_APEX_MOBILE,310.50,2026-09-11T12:07:16.640888+00:00,USD,Monthly Bill Payment
TXN-NORM-000700,USER_0191,SUBSCRIPTION_STREAM_NOW,337.75,2026-09-11T10:18:13.686577+00:00,USD,Monthly Bill Payment
TXN-NORM-000701,USER_0557,USER_0558,219.54,2026-09-21T15:12:31.204434+00:00,USD,Personal Transfer
TXN-NORM-000702,USER_0342,UTILITY_CITY_WATER,58.71,2026-09-21T05:27:19.250322+00:00,USD,Monthly Bill Payment
TXN-NORM-000703,USER_1210,MUNICIPAL_TAX_BOARD,148.42,2026-09-18T04:32:52.277194+00:00,USD,Monthly Bill Payment
TXN-NORM-000704,USER_0735,SUBSCRIPTION_STREAM_NOW,61.70,2026-09-25T23:28:50.659037+00:00,USD,Monthly Bill Payment
TXN-NORM-000705,USER_0843,HEALTHCARE_CLINIC_CITY,307.21,2026-09-03T21:48:35.340249+00:00,USD,Monthly Bill Payment
TXN-NORM-000706,USER_1075,USER_1076,438.47,2026-09-18T03:13:27.033022+00:00,USD,Personal Transfer
TXN-NORM-000707,USER_1064,HEALTHCARE_CLINIC_CITY,261.16,2026-09-21T09:57:30.569060+00:00,USD,Monthly Bill Payment
TXN-NORM-000708,USER_0987,GROCERY_MARKET_CENTRAL,293.59,2026-09-21T02:23:51.045260+00:00,USD,Monthly Bill Payment
TXN-NORM-000709,USER_1256,GROCERY_MARKET_CENTRAL,177.52,2026-09-19T21:45:11.210183+00:00,USD,Monthly Bill Payment
TXN-NORM-000710,USER_1016,USER_1017,131.83,2026-09-04T10:51:47.158905+00:00,USD,Personal Transfer
TXN-NORM-000711,USER_0570,GROCERY_MARKET_CENTRAL,101.37,2026-09-08T10:56:27.436490+00:00,USD,Monthly Bill Payment
TXN-NORM-000712,USER_0941,SUBSCRIPTION_STREAM_NOW,170.30,2026-09-17T20:00:15.082277+00:00,USD,Monthly Bill Payment
TXN-NORM-000713,USER_0244,USER_0245,210.67,2026-09-22T12:30:43.238644+00:00,USD,Personal Transfer
TXN-NORM-000714,USER_0074,MUNICIPAL_TAX_BOARD,338.03,2026-09-01T20:20:49.109343+00:00,USD,Monthly Bill Payment
TXN-NORM-000715,USER_1306,HEALTHCARE_CLINIC_CITY,173.27,2026-09-16T04:27:58.623304+00:00,USD,Monthly Bill Payment
TXN-NORM-000716,USER_0699,SUBSCRIPTION_STREAM_NOW,132.89,2026-09-03T13:38:33.658186+00:00,USD,Monthly Bill Payment
TXN-NORM-000717,USER_1572,SUBSCRIPTION_STREAM_NOW,62.06,2026-09-15T09:57:37.126297+00:00,USD,Monthly Bill Payment
TXN-NORM-000718,USER_1556,USER_1557,322.33,2026-09-02T06:45:15.874473+00:00,USD,Personal Transfer
TXN-NORM-000719,USER_0598,UTILITY_CITY_WATER,185.04,2026-09-12T06:47:25.147311+00:00,USD,Monthly Bill Payment
TXN-NORM-000720,USER_1469,USER_1470,110.02,2026-09-13T12:03:27.082919+00:00,USD,Personal Transfer
TXN-NORM-000721,USER_0248,USER_0249,393.99,2026-09-13T07:21:00.562730+00:00,USD,Personal Transfer
TXN-NORM-000722,USER_1468,HEALTHCARE_CLINIC_CITY,297.18,2026-09-22T22:22:13.917394+00:00,USD,Monthly Bill Payment
TXN-NORM-000723,USER_1206,MUNICIPAL_TAX_BOARD,335.76,2026-09-27T05:13:07.377779+00:00,USD,Monthly Bill Payment
TXN-NORM-000724,USER_0276,USER_0277,468.62,2026-09-01T21:53:16.111749+00:00,USD,Personal Transfer
TXN-NORM-000725,USER_1199,MUNICIPAL_TAX_BOARD,81.44,2026-09-16T03:30:46.953187+00:00,USD,Monthly Bill Payment
TXN-NORM-000726,USER_0263,SUBSCRIPTION_STREAM_NOW,161.07,2026-09-20T12:12:35.777042+00:00,USD,Monthly Bill Payment
TXN-NORM-000727,USER_1248,USER_1249,482.34,2026-09-23T08:18:09.851398+00:00,USD,Personal Transfer
TXN-NORM-000728,USER_0603,HEALTHCARE_CLINIC_CITY,313.09,2026-09-06T00:20:20.800974+00:00,USD,Monthly Bill Payment
TXN-NORM-000729,USER_1050,HEALTHCARE_CLINIC_CITY,329.04,2026-09-21T17:52:14.124896+00:00,USD,Monthly Bill Payment
TXN-NORM-000730,USER_1296,TELECOM_APEX_MOBILE,324.39,2026-09-07T23:32:25.037086+00:00,USD,Monthly Bill Payment
TXN-NORM-000731,USER_0272,USER_0273,278.11,2026-09-20T02:13:52.242992+00:00,USD,Personal Transfer
TXN-NORM-000732,USER_1305,SUBSCRIPTION_STREAM_NOW,214.41,2026-09-05T10:15:31.284945+00:00,USD,Monthly Bill Payment
TXN-NORM-000733,USER_1367,USER_1368,425.94,2026-09-20T22:48:24.376501+00:00,USD,Personal Transfer
TXN-NORM-000734,USER_0027,HEALTHCARE_CLINIC_CITY,43.40,2026-09-02T14:22:20.012822+00:00,USD,Monthly Bill Payment
TXN-NORM-000735,USER_0547,USER_0548,136.52,2026-09-06T14:52:44.424188+00:00,USD,Personal Transfer
TXN-NORM-000736,USER_0128,USER_0129,409.80,2026-09-10T00:23:34.042684+00:00,USD,Personal Transfer
TXN-NORM-000737,USER_0210,HEALTHCARE_CLINIC_CITY,207.41,2026-09-20T21:30:55.987150+00:00,USD,Monthly Bill Payment
TXN-NORM-000738,USER_0487,HEALTHCARE_CLINIC_CITY,40.27,2026-09-24T08:41:35.317990+00:00,USD,Monthly Bill Payment
TXN-NORM-000739,USER_0782,UTILITY_METRO_POWER,29.21,2026-09-28T20:35:27.500832+00:00,USD,Monthly Bill Payment
TXN-NORM-000740,USER_0515,UTILITY_CITY_WATER,321.23,2026-09-26T14:03:54.962754+00:00,USD,Monthly Bill Payment
TXN-NORM-000741,USER_1444,USER_1445,366.58,2026-09-12T06:27:22.036679+00:00,USD,Personal Transfer
TXN-NORM-000742,USER_0397,UTILITY_CITY_WATER,263.90,2026-09-06T18:23:15.773860+00:00,USD,Monthly Bill Payment
TXN-NORM-000743,USER_0245,UTILITY_CITY_WATER,214.80,2026-09-14T00:27:43.797082+00:00,USD,Monthly Bill Payment
TXN-NORM-000744,USER_0523,UTILITY_CITY_WATER,326.80,2026-09-14T21:41:19.670634+00:00,USD,Monthly Bill Payment
TXN-NORM-000745,USER_1223,GROCERY_MARKET_CENTRAL,211.12,2026-09-28T03:14:22.429871+00:00,USD,Monthly Bill Payment
TXN-NORM-000746,USER_0734,MUNICIPAL_TAX_BOARD,47.16,2026-09-21T18:26:48.864635+00:00,USD,Monthly Bill Payment
TXN-NORM-000747,USER_1035,TELECOM_APEX_MOBILE,96.89,2026-09-17T09:07:47.298635+00:00,USD,Monthly Bill Payment
TXN-NORM-000748,USER_0437,USER_0438,475.90,2026-09-11T08:17:55.750494+00:00,USD,Personal Transfer
TXN-NORM-000749,USER_1267,HEALTHCARE_CLINIC_CITY,137.45,2026-09-29T12:51:39.022483+00:00,USD,Monthly Bill Payment
TXN-NORM-000750,USER_0493,USER_0494,346.04,2026-09-19T03:22:03.316531+00:00,USD,Personal Transfer
TXN-NORM-000751,USER_0658,TELECOM_APEX_MOBILE,200.58,2026-09-24T01:56:23.747112+00:00,USD,Monthly Bill Payment
TXN-NORM-000752,USER_0580,GROCERY_MARKET_CENTRAL,190.34,2026-09-16T15:01:40.898383+00:00,USD,Monthly Bill Payment
TXN-NORM-000753,USER_0997,MUNICIPAL_TAX_BOARD,51.76,2026-09-27T01:13:21.715164+00:00,USD,Monthly Bill Payment
TXN-NORM-000754,USER_0197,UTILITY_METRO_POWER,93.50,2026-09-28T10:23:21.172277+00:00,USD,Monthly Bill Payment
TXN-NORM-000755,USER_1290,USER_1291,65.40,2026-09-26T10:27:15.934747+00:00,USD,Personal Transfer
TXN-NORM-000756,USER_1102,USER_1103,411.13,2026-09-26T19:25:07.765269+00:00,USD,Personal Transfer
TXN-NORM-000757,USER_0148,USER_0149,175.88,2026-09-06T15:06:14.633658+00:00,USD,Personal Transfer
TXN-NORM-000758,USER_0180,UTILITY_METRO_POWER,211.86,2026-09-07T01:10:00.789780+00:00,USD,Monthly Bill Payment
TXN-NORM-000759,USER_0467,USER_0468,211.16,2026-09-13T17:01:03.270531+00:00,USD,Personal Transfer
TXN-NORM-000760,USER_0648,HEALTHCARE_CLINIC_CITY,225.96,2026-09-20T12:55:26.992200+00:00,USD,Monthly Bill Payment
TXN-NORM-000761,USER_1549,USER_1550,465.10,2026-09-03T02:14:41.107063+00:00,USD,Personal Transfer
TXN-NORM-000762,USER_0218,GROCERY_MARKET_CENTRAL,326.17,2026-09-20T22:57:51.660359+00:00,USD,Monthly Bill Payment
TXN-NORM-000763,USER_0782,MUNICIPAL_TAX_BOARD,96.46,2026-09-20T18:59:12.832399+00:00,USD,Monthly Bill Payment
TXN-NORM-000764,USER_1530,UTILITY_CITY_WATER,121.87,2026-09-24T09:03:44.508312+00:00,USD,Monthly Bill Payment
TXN-NORM-000765,USER_1629,USER_1630,439.26,2026-09-19T19:50:39.713609+00:00,USD,Personal Transfer
TXN-NORM-000766,USER_0290,MUNICIPAL_TAX_BOARD,332.77,2026-09-02T09:20:04.728878+00:00,USD,Monthly Bill Payment
TXN-NORM-000767,USER_0625,SUBSCRIPTION_STREAM_NOW,319.33,2026-09-22T21:04:42.665196+00:00,USD,Monthly Bill Payment
TXN-NORM-000768,USER_1050,UTILITY_METRO_POWER,83.94,2026-09-07T04:48:05.497838+00:00,USD,Monthly Bill Payment
TXN-NORM-000769,USER_1162,USER_1163,281.59,2026-09-26T02:10:21.188170+00:00,USD,Personal Transfer
TXN-NORM-000770,USER_0596,USER_0597,296.59,2026-09-09T00:01:37.536768+00:00,USD,Personal Transfer
TXN-NORM-000771,USER_0678,TELECOM_APEX_MOBILE,226.34,2026-09-20T17:59:58.239047+00:00,USD,Monthly Bill Payment
TXN-NORM-000772,USER_0397,MUNICIPAL_TAX_BOARD,74.53,2026-09-14T16:53:09.169246+00:00,USD,Monthly Bill Payment
TXN-NORM-000773,USER_1161,UTILITY_METRO_POWER,126.79,2026-09-11T02:23:00.060955+00:00,USD,Monthly Bill Payment
TXN-NORM-000774,USER_1610,GROCERY_MARKET_CENTRAL,141.83,2026-09-22T22:03:51.377493+00:00,USD,Monthly Bill Payment
TXN-NORM-000775,USER_1392,USER_1393,188.99,2026-09-26T19:41:56.465179+00:00,USD,Personal Transfer
TXN-NORM-000776,USER_0626,TELECOM_APEX_MOBILE,304.08,2026-09-04T21:09:27.599747+00:00,USD,Monthly Bill Payment
TXN-NORM-000777,USER_0287,USER_0288,51.57,2026-09-07T07:41:50.951600+00:00,USD,Personal Transfer
TXN-NORM-000778,USER_0039,USER_0040,301.17,2026-09-19T21:09:13.562489+00:00,USD,Personal Transfer
TXN-NORM-000779,USER_0076,GROCERY_MARKET_CENTRAL,73.31,2026-09-17T12:59:25.413464+00:00,USD,Monthly Bill Payment
TXN-NORM-000780,USER_0804,SUBSCRIPTION_STREAM_NOW,187.87,2026-09-23T15:33:41.474093+00:00,USD,Monthly Bill Payment
TXN-NORM-000781,USER_0186,GROCERY_MARKET_CENTRAL,344.10,2026-09-16T01:33:04.333567+00:00,USD,Monthly Bill Payment
TXN-NORM-000782,USER_1402,UTILITY_CITY_WATER,209.07,2026-09-16T15:49:57.316586+00:00,USD,Monthly Bill Payment
TXN-NORM-000783,USER_1159,USER_1160,34.60,2026-09-29T08:45:44.631122+00:00,USD,Personal Transfer
TXN-NORM-000784,USER_1560,UTILITY_METRO_POWER,242.29,2026-09-03T22:43:30.601257+00:00,USD,Monthly Bill Payment
TXN-NORM-000785,USER_1061,USER_1062,235.50,2026-09-12T11:15:38.089353+00:00,USD,Personal Transfer
TXN-NORM-000786,USER_0096,MUNICIPAL_TAX_BOARD,230.91,2026-09-19T23:24:07.818258+00:00,USD,Monthly Bill Payment
TXN-NORM-000787,USER_0561,USER_0562,332.03,2026-09-09T07:06:59.184215+00:00,USD,Personal Transfer
TXN-NORM-000788,USER_0749,TELECOM_APEX_MOBILE,147.31,2026-09-26T21:24:09.155179+00:00,USD,Monthly Bill Payment
TXN-NORM-000789,USER_0457,GROCERY_MARKET_CENTRAL,181.69,2026-09-12T01:13:01.821585+00:00,USD,Monthly Bill Payment
TXN-NORM-000790,USER_1238,UTILITY_CITY_WATER,50.05,2026-09-26T22:10:36.465261+00:00,USD,Monthly Bill Payment
TXN-NORM-000791,USER_1318,MUNICIPAL_TAX_BOARD,258.12,2026-09-06T03:23:03.517394+00:00,USD,Monthly Bill Payment
TXN-NORM-000792,USER_0243,USER_0244,69.97,2026-09-13T17:47:31.164743+00:00,USD,Personal Transfer
TXN-NORM-000793,USER_1383,GROCERY_MARKET_CENTRAL,158.54,2026-09-07T20:10:14.516247+00:00,USD,Monthly Bill Payment
TXN-NORM-000794,USER_0500,HEALTHCARE_CLINIC_CITY,191.61,2026-09-17T22:32:23.644805+00:00,USD,Monthly Bill Payment
TXN-NORM-000795,USER_1173,SUBSCRIPTION_STREAM_NOW,219.79,2026-09-06T14:19:55.843967+00:00,USD,Monthly Bill Payment
TXN-NORM-000796,USER_1155,UTILITY_CITY_WATER,170.99,2026-09-26T14:43:58.613947+00:00,USD,Monthly Bill Payment
TXN-NORM-000797,USER_0966,USER_0967,84.22,2026-09-07T01:14:41.466814+00:00,USD,Personal Transfer
TXN-NORM-000798,USER_1194,USER_1195,366.23,2026-09-07T03:21:22.661132+00:00,USD,Personal Transfer
TXN-NORM-000799,USER_0702,USER_0703,198.43,2026-09-18T11:04:19.462302+00:00,USD,Personal Transfer
TXN-NORM-000800,USER_0271,UTILITY_CITY_WATER,221.79,2026-09-07T22:45:33.318490+00:00,USD,Monthly Bill Payment
TXN-NORM-000801,USER_0364,GROCERY_MARKET_CENTRAL,197.71,2026-09-18T22:58:07.347423+00:00,USD,Monthly Bill Payment
TXN-NORM-000802,USER_1541,MUNICIPAL_TAX_BOARD,200.27,2026-09-15T09:15:30.708545+00:00,USD,Monthly Bill Payment
TXN-NORM-000803,USER_0003,USER_0004,219.03,2026-09-23T21:48:11.647030+00:00,USD,Personal Transfer
TXN-NORM-000804,USER_0089,USER_0090,387.81,2026-09-14T08:27:44.812898+00:00,USD,Personal Transfer
TXN-NORM-000805,USER_0718,UTILITY_CITY_WATER,107.72,2026-09-22T13:17:14.822564+00:00,USD,Monthly Bill Payment
TXN-NORM-000806,USER_1569,MUNICIPAL_TAX_BOARD,157.81,2026-09-26T02:15:19.395815+00:00,USD,Monthly Bill Payment
TXN-NORM-000807,USER_0388,MUNICIPAL_TAX_BOARD,63.29,2026-09-22T11:56:42.533664+00:00,USD,Monthly Bill Payment
TXN-NORM-000808,USER_0015,TELECOM_APEX_MOBILE,59.64,2026-09-07T21:22:54.092224+00:00,USD,Monthly Bill Payment
TXN-NORM-000809,USER_0873,USER_0874,192.34,2026-09-09T08:49:56.904546+00:00,USD,Personal Transfer
TXN-NORM-000810,USER_0565,USER_0566,282.77,2026-09-13T01:58:07.071474+00:00,USD,Personal Transfer
TXN-NORM-000811,USER_1142,TELECOM_APEX_MOBILE,212.74,2026-09-12T16:33:40.574261+00:00,USD,Monthly Bill Payment
TXN-NORM-000812,USER_1586,USER_1587,126.44,2026-09-22T09:51:47.695918+00:00,USD,Personal Transfer
TXN-NORM-000813,USER_1604,USER_1605,209.27,2026-09-06T12:16:16.838943+00:00,USD,Personal Transfer
TXN-NORM-000814,USER_0694,USER_0695,203.72,2026-09-18T21:43:04.988746+00:00,USD,Personal Transfer
TXN-NORM-000815,USER_1303,MUNICIPAL_TAX_BOARD,166.50,2026-09-04T10:53:34.497622+00:00,USD,Monthly Bill Payment
TXN-NORM-000816,USER_0132,SUBSCRIPTION_STREAM_NOW,327.47,2026-09-12T03:28:40.321433+00:00,USD,Monthly Bill Payment
TXN-NORM-000817,USER_0821,GROCERY_MARKET_CENTRAL,81.96,2026-09-16T08:04:55.122266+00:00,USD,Monthly Bill Payment
TXN-NORM-000818,USER_1013,UTILITY_METRO_POWER,279.79,2026-09-07T17:39:47.411218+00:00,USD,Monthly Bill Payment
TXN-NORM-000819,USER_1046,UTILITY_METRO_POWER,141.92,2026-09-08T10:14:36.780236+00:00,USD,Monthly Bill Payment
TXN-NORM-000820,USER_1342,SUBSCRIPTION_STREAM_NOW,139.77,2026-09-06T11:38:30.042716+00:00,USD,Monthly Bill Payment
TXN-NORM-000821,USER_0810,HEALTHCARE_CLINIC_CITY,47.30,2026-09-07T08:18:40.197144+00:00,USD,Monthly Bill Payment
TXN-NORM-000822,USER_0185,GROCERY_MARKET_CENTRAL,114.87,2026-09-22T10:59:20.928072+00:00,USD,Monthly Bill Payment
TXN-NORM-000823,USER_1242,USER_1243,17.26,2026-09-14T22:30:23.875913+00:00,USD,Personal Transfer
TXN-NORM-000824,USER_0359,TELECOM_APEX_MOBILE,135.49,2026-09-04T19:13:20.165282+00:00,USD,Monthly Bill Payment
TXN-NORM-000825,USER_0240,USER_0241,229.74,2026-09-28T18:44:45.289736+00:00,USD,Personal Transfer
TXN-NORM-000826,USER_0773,SUBSCRIPTION_STREAM_NOW,246.52,2026-09-23T15:47:12.116116+00:00,USD,Monthly Bill Payment
TXN-NORM-000827,USER_1202,USER_1203,200.60,2026-09-15T12:11:37.993869+00:00,USD,Personal Transfer
TXN-NORM-000828,USER_1616,USER_1617,168.13,2026-09-20T22:30:39.343583+00:00,USD,Personal Transfer
TXN-NORM-000829,USER_0724,TELECOM_APEX_MOBILE,55.23,2026-09-02T08:09:38.337019+00:00,USD,Monthly Bill Payment
TXN-NORM-000830,USER_1380,USER_1381,167.23,2026-09-11T11:53:54.351968+00:00,USD,Personal Transfer
TXN-NORM-000831,USER_0448,USER_0449,372.50,2026-09-09T12:05:23.318188+00:00,USD,Personal Transfer
TXN-NORM-000832,USER_0481,USER_0482,113.34,2026-09-26T08:01:18.156963+00:00,USD,Personal Transfer
TXN-NORM-000833,USER_0512,USER_0513,461.29,2026-09-11T18:54:45.345087+00:00,USD,Personal Transfer
TXN-NORM-000834,USER_1385,USER_1386,430.69,2026-09-15T12:05:18.212809+00:00,USD,Personal Transfer
TXN-NORM-000835,USER_0087,USER_0088,450.59,2026-09-12T12:28:11.520334+00:00,USD,Personal Transfer
TXN-NORM-000836,USER_1177,USER_1178,122.71,2026-09-15T18:27:35.748369+00:00,USD,Personal Transfer
TXN-NORM-000837,USER_1182,MUNICIPAL_TAX_BOARD,35.58,2026-09-16T22:55:56.831467+00:00,USD,Monthly Bill Payment
TXN-NORM-000838,USER_0712,UTILITY_METRO_POWER,251.93,2026-09-21T02:27:20.487780+00:00,USD,Monthly Bill Payment
TXN-NORM-000839,USER_0943,MUNICIPAL_TAX_BOARD,57.74,2026-09-02T05:26:13.552034+00:00,USD,Monthly Bill Payment
TXN-NORM-000840,USER_0741,TELECOM_APEX_MOBILE,178.19,2026-09-09T07:32:44.285938+00:00,USD,Monthly Bill Payment
TXN-NORM-000841,USER_1256,SUBSCRIPTION_STREAM_NOW,252.73,2026-09-07T09:45:54.946471+00:00,USD,Monthly Bill Payment
TXN-NORM-000842,USER_0763,MUNICIPAL_TAX_BOARD,67.62,2026-09-13T11:49:12.491642+00:00,USD,Monthly Bill Payment
TXN-NORM-000843,USER_1180,USER_1181,129.37,2026-09-24T19:25:55.447353+00:00,USD,Personal Transfer
TXN-NORM-000844,USER_0886,USER_0887,405.75,2026-09-07T09:11:02.141470+00:00,USD,Personal Transfer
TXN-NORM-000845,USER_0362,SUBSCRIPTION_STREAM_NOW,122.51,2026-09-05T22:16:32.064177+00:00,USD,Monthly Bill Payment
TXN-NORM-000846,USER_1152,USER_1153,94.22,2026-09-03T05:04:46.140049+00:00,USD,Personal Transfer
TXN-NORM-000847,USER_0442,USER_0443,376.13,2026-09-15T03:57:26.874766+00:00,USD,Personal Transfer
TXN-NORM-000848,USER_0533,UTILITY_METRO_POWER,158.82,2026-09-17T16:58:37.379922+00:00,USD,Monthly Bill Payment
TXN-NORM-000849,USER_0720,USER_0721,294.31,2026-09-28T20:54:10.257086+00:00,USD,Personal Transfer
TXN-NORM-000850,USER_1330,TELECOM_APEX_MOBILE,243.79,2026-09-29T10:33:17.699571+00:00,USD,Monthly Bill Payment
TXN-NORM-000851,USER_0999,USER_1000,312.63,2026-09-14T07:03:51.863035+00:00,USD,Personal Transfer
TXN-NORM-000852,USER_0950,GROCERY_MARKET_CENTRAL,326.78,2026-09-06T00:03:25.610320+00:00,USD,Monthly Bill Payment
TXN-NORM-000853,USER_0864,UTILITY_CITY_WATER,136.68,2026-09-17T18:15:06.670077+00:00,USD,Monthly Bill Payment
TXN-NORM-000854,USER_0643,HEALTHCARE_CLINIC_CITY,153.52,2026-09-10T05:07:31.969792+00:00,USD,Monthly Bill Payment
TXN-NORM-000855,USER_0912,USER_0913,96.15,2026-09-28T12:26:01.013359+00:00,USD,Personal Transfer
TXN-NORM-000856,USER_0048,HEALTHCARE_CLINIC_CITY,268.67,2026-09-08T15:17:22.924392+00:00,USD,Monthly Bill Payment
TXN-NORM-000857,USER_0432,SUBSCRIPTION_STREAM_NOW,203.24,2026-09-04T17:21:30.132093+00:00,USD,Monthly Bill Payment
TXN-NORM-000858,USER_0054,USER_0055,142.29,2026-09-16T10:21:31.957497+00:00,USD,Personal Transfer
TXN-NORM-000859,USER_0319,UTILITY_CITY_WATER,105.40,2026-09-28T05:30:32.578493+00:00,USD,Monthly Bill Payment
TXN-NORM-000860,USER_0582,UTILITY_METRO_POWER,240.65,2026-09-05T11:03:43.004877+00:00,USD,Monthly Bill Payment
TXN-NORM-000861,USER_0667,USER_0668,230.75,2026-09-15T02:48:57.907120+00:00,USD,Personal Transfer
TXN-NORM-000862,USER_1429,HEALTHCARE_CLINIC_CITY,231.65,2026-09-18T19:41:13.398375+00:00,USD,Monthly Bill Payment
TXN-NORM-000863,USER_1156,TELECOM_APEX_MOBILE,181.54,2026-09-19T23:46:03.767072+00:00,USD,Monthly Bill Payment
TXN-NORM-000864,USER_0466,USER_0467,141.01,2026-09-14T12:42:10.778211+00:00,USD,Personal Transfer
TXN-NORM-000865,USER_0622,TELECOM_APEX_MOBILE,177.49,2026-09-16T12:10:45.196520+00:00,USD,Monthly Bill Payment
TXN-NORM-000866,USER_0018,USER_0019,19.43,2026-09-16T02:06:50.768150+00:00,USD,Personal Transfer
TXN-NORM-000867,USER_0882,USER_0883,196.22,2026-09-18T09:44:13.364965+00:00,USD,Personal Transfer
TXN-NORM-000868,USER_0844,USER_0845,361.74,2026-09-14T05:15:11.122629+00:00,USD,Personal Transfer
TXN-NORM-000869,USER_1323,SUBSCRIPTION_STREAM_NOW,228.23,2026-09-12T14:49:54.805776+00:00,USD,Monthly Bill Payment
TXN-NORM-000870,USER_1059,USER_1060,329.50,2026-09-27T11:00:19.686755+00:00,USD,Personal Transfer
TXN-NORM-000871,USER_1090,USER_1091,81.26,2026-09-13T08:03:49.568568+00:00,USD,Personal Transfer
TXN-NORM-000872,USER_0227,MUNICIPAL_TAX_BOARD,184.90,2026-09-19T07:45:53.815977+00:00,USD,Monthly Bill Payment
TXN-NORM-000873,USER_0657,UTILITY_METRO_POWER,116.69,2026-09-03T02:49:01.088018+00:00,USD,Monthly Bill Payment
TXN-NORM-000874,USER_0257,USER_0258,88.08,2026-09-22T07:21:15.219738+00:00,USD,Personal Transfer
TXN-NORM-000875,USER_1011,SUBSCRIPTION_STREAM_NOW,251.50,2026-09-14T02:10:41.031521+00:00,USD,Monthly Bill Payment
TXN-NORM-000876,USER_0065,TELECOM_APEX_MOBILE,277.09,2026-09-25T10:17:18.967164+00:00,USD,Monthly Bill Payment
TXN-NORM-000877,USER_0147,SUBSCRIPTION_STREAM_NOW,294.18,2026-09-07T03:52:06.708137+00:00,USD,Monthly Bill Payment
TXN-NORM-000878,USER_0250,USER_0251,487.86,2026-09-22T04:46:05.098523+00:00,USD,Personal Transfer
TXN-NORM-000879,USER_0507,USER_0508,388.93,2026-09-03T06:37:18.568448+00:00,USD,Personal Transfer
TXN-NORM-000880,USER_1068,USER_1069,481.19,2026-09-08T01:41:34.318652+00:00,USD,Personal Transfer
TXN-NORM-000881,USER_0662,SUBSCRIPTION_STREAM_NOW,232.52,2026-09-22T04:17:39.170522+00:00,USD,Monthly Bill Payment
TXN-NORM-000882,USER_0407,UTILITY_CITY_WATER,230.70,2026-09-03T10:23:40.079138+00:00,USD,Monthly Bill Payment
TXN-NORM-000883,USER_0665,GROCERY_MARKET_CENTRAL,104.00,2026-09-24T00:44:25.716214+00:00,USD,Monthly Bill Payment
TXN-NORM-000884,USER_0087,GROCERY_MARKET_CENTRAL,54.08,2026-09-21T04:18:37.729886+00:00,USD,Monthly Bill Payment
TXN-NORM-000885,USER_0323,GROCERY_MARKET_CENTRAL,228.17,2026-09-21T07:41:30.720451+00:00,USD,Monthly Bill Payment
TXN-NORM-000886,USER_0123,SUBSCRIPTION_STREAM_NOW,100.62,2026-09-06T03:35:49.623721+00:00,USD,Monthly Bill Payment
TXN-NORM-000887,USER_1144,USER_1145,108.59,2026-09-23T10:51:04.781528+00:00,USD,Personal Transfer
TXN-NORM-000888,USER_1412,UTILITY_METRO_POWER,182.72,2026-09-22T07:24:27.634001+00:00,USD,Monthly Bill Payment
TXN-NORM-000889,USER_0897,MUNICIPAL_TAX_BOARD,85.65,2026-09-17T12:00:53.056185+00:00,USD,Monthly Bill Payment
TXN-NORM-000890,USER_0713,MUNICIPAL_TAX_BOARD,75.38,2026-09-15T00:06:13.578932+00:00,USD,Monthly Bill Payment
TXN-NORM-000891,USER_0606,USER_0607,391.32,2026-09-17T10:03:33.643984+00:00,USD,Personal Transfer
TXN-NORM-000892,USER_1037,GROCERY_MARKET_CENTRAL,143.32,2026-09-06T22:17:01.538337+00:00,USD,Monthly Bill Payment
TXN-NORM-000893,USER_1271,MUNICIPAL_TAX_BOARD,247.05,2026-09-22T08:23:02.348063+00:00,USD,Monthly Bill Payment
TXN-NORM-000894,USER_1569,HEALTHCARE_CLINIC_CITY,129.66,2026-09-19T06:19:27.876040+00:00,USD,Monthly Bill Payment
TXN-NORM-000895,USER_0198,GROCERY_MARKET_CENTRAL,35.16,2026-09-03T18:13:55.762574+00:00,USD,Monthly Bill Payment
TXN-NORM-000896,USER_0220,SUBSCRIPTION_STREAM_NOW,195.89,2026-09-05T00:13:31.445831+00:00,USD,Monthly Bill Payment
TXN-NORM-000897,USER_1437,HEALTHCARE_CLINIC_CITY,48.03,2026-09-03T09:54:03.849613+00:00,USD,Monthly Bill Payment
TXN-NORM-000898,USER_0428,USER_0429,403.49,2026-09-27T17:32:32.869929+00:00,USD,Personal Transfer
TXN-NORM-000899,USER_0125,TELECOM_APEX_MOBILE,283.13,2026-09-23T01:05:56.979961+00:00,USD,Monthly Bill Payment
TXN-NORM-000900,USER_0120,USER_0121,49.14,2026-09-09T05:09:24.535892+00:00,USD,Personal Transfer
TXN-NORM-000901,USER_0623,HEALTHCARE_CLINIC_CITY,100.08,2026-09-07T21:04:00.056398+00:00,USD,Monthly Bill Payment
TXN-NORM-000902,USER_0790,HEALTHCARE_CLINIC_CITY,332.94,2026-09-16T17:20:17.440055+00:00,USD,Monthly Bill Payment
TXN-NORM-000903,USER_1144,USER_1145,324.73,2026-09-13T11:13:27.389978+00:00,USD,Personal Transfer
TXN-NORM-000904,USER_0734,USER_0735,65.49,2026-09-21T21:45:39.931229+00:00,USD,Personal Transfer
TXN-NORM-000905,USER_1623,UTILITY_CITY_WATER,198.52,2026-09-13T08:58:57.660429+00:00,USD,Monthly Bill Payment
TXN-NORM-000906,USER_1229,TELECOM_APEX_MOBILE,299.58,2026-09-11T23:53:58.322884+00:00,USD,Monthly Bill Payment
TXN-NORM-000907,USER_0845,USER_0846,131.75,2026-09-14T04:21:18.384608+00:00,USD,Personal Transfer
TXN-NORM-000908,USER_1118,SUBSCRIPTION_STREAM_NOW,170.44,2026-09-23T10:30:05.605922+00:00,USD,Monthly Bill Payment
TXN-NORM-000909,USER_0814,UTILITY_METRO_POWER,193.22,2026-09-03T02:14:37.005595+00:00,USD,Monthly Bill Payment
TXN-NORM-000910,USER_0619,TELECOM_APEX_MOBILE,32.05,2026-09-29T11:27:01.825892+00:00,USD,Monthly Bill Payment
TXN-NORM-000911,USER_1413,USER_1414,33.30,2026-09-27T12:56:14.822726+00:00,USD,Personal Transfer
TXN-NORM-000912,USER_0729,TELECOM_APEX_MOBILE,288.60,2026-09-09T10:04:09.905396+00:00,USD,Monthly Bill Payment
TXN-NORM-000913,USER_0189,UTILITY_METRO_POWER,260.16,2026-09-17T21:12:45.174342+00:00,USD,Monthly Bill Payment
TXN-NORM-000914,USER_1624,HEALTHCARE_CLINIC_CITY,122.63,2026-09-15T11:58:59.554863+00:00,USD,Monthly Bill Payment
TXN-NORM-000915,USER_1497,USER_1498,388.89,2026-09-12T10:50:59.792126+00:00,USD,Personal Transfer
TXN-NORM-000916,USER_0713,USER_0714,388.64,2026-09-14T00:07:36.807067+00:00,USD,Personal Transfer
TXN-NORM-000917,USER_1532,USER_1533,392.05,2026-09-18T13:22:04.227618+00:00,USD,Personal Transfer
TXN-NORM-000918,USER_0784,MUNICIPAL_TAX_BOARD,73.61,2026-09-16T19:05:37.531825+00:00,USD,Monthly Bill Payment
TXN-NORM-000919,USER_1029,USER_1030,380.13,2026-09-06T12:26:51.723668+00:00,USD,Personal Transfer
TXN-NORM-000920,USER_1179,SUBSCRIPTION_STREAM_NOW,73.10,2026-09-08T07:56:30.731797+00:00,USD,Monthly Bill Payment
TXN-NORM-000921,USER_0689,SUBSCRIPTION_STREAM_NOW,110.33,2026-09-17T17:37:11.829861+00:00,USD,Monthly Bill Payment
TXN-NORM-000922,USER_0817,UTILITY_CITY_WATER,181.30,2026-09-23T12:21:11.921177+00:00,USD,Monthly Bill Payment
TXN-NORM-000923,USER_0406,MUNICIPAL_TAX_BOARD,349.05,2026-09-20T04:43:43.997066+00:00,USD,Monthly Bill Payment
TXN-NORM-000924,USER_1074,HEALTHCARE_CLINIC_CITY,325.34,2026-09-04T06:42:22.113251+00:00,USD,Monthly Bill Payment
TXN-NORM-000925,USER_0184,UTILITY_CITY_WATER,129.24,2026-09-13T17:42:04.352392+00:00,USD,Monthly Bill Payment
TXN-NORM-000926,USER_1217,USER_1218,313.87,2026-09-23T10:08:42.935396+00:00,USD,Personal Transfer
TXN-NORM-000927,USER_0906,HEALTHCARE_CLINIC_CITY,146.49,2026-09-14T07:32:03.511510+00:00,USD,Monthly Bill Payment
TXN-NORM-000928,USER_1552,USER_1553,475.24,2026-09-04T04:06:40.855516+00:00,USD,Personal Transfer
TXN-NORM-000929,USER_0303,USER_0304,351.49,2026-09-24T14:54:42.110012+00:00,USD,Personal Transfer
TXN-NORM-000930,USER_0228,HEALTHCARE_CLINIC_CITY,199.85,2026-09-15T07:07:32.498568+00:00,USD,Monthly Bill Payment
TXN-NORM-000931,USER_0418,HEALTHCARE_CLINIC_CITY,347.50,2026-09-23T07:29:16.107377+00:00,USD,Monthly Bill Payment
TXN-NORM-000932,USER_1424,USER_1425,97.61,2026-09-02T06:58:46.612828+00:00,USD,Personal Transfer
TXN-NORM-000933,USER_0582,SUBSCRIPTION_STREAM_NOW,237.80,2026-09-21T11:50:39.374161+00:00,USD,Monthly Bill Payment
TXN-NORM-000934,USER_0018,UTILITY_METRO_POWER,31.20,2026-09-20T15:30:08.318233+00:00,USD,Monthly Bill Payment
TXN-NORM-000935,USER_1330,TELECOM_APEX_MOBILE,182.52,2026-09-29T05:25:09.455065+00:00,USD,Monthly Bill Payment
TXN-NORM-000936,USER_1223,HEALTHCARE_CLINIC_CITY,31.98,2026-09-07T12:48:30.297413+00:00,USD,Monthly Bill Payment
TXN-NORM-000937,USER_0507,USER_0508,376.03,2026-09-10T20:59:46.089696+00:00,USD,Personal Transfer
TXN-NORM-000938,USER_0038,MUNICIPAL_TAX_BOARD,114.66,2026-09-11T22:17:27.599590+00:00,USD,Monthly Bill Payment
TXN-NORM-000939,USER_0127,TELECOM_APEX_MOBILE,98.31,2026-09-26T06:20:44.290074+00:00,USD,Monthly Bill Payment
TXN-NORM-000940,USER_0700,USER_0701,200.37,2026-09-20T04:02:53.420854+00:00,USD,Personal Transfer
TXN-NORM-000941,USER_1389,UTILITY_CITY_WATER,211.19,2026-09-19T11:41:04.580969+00:00,USD,Monthly Bill Payment
TXN-NORM-000942,USER_0874,USER_0875,277.98,2026-09-27T13:01:31.750310+00:00,USD,Personal Transfer
TXN-NORM-000943,USER_0424,USER_0425,81.98,2026-09-18T05:22:29.365792+00:00,USD,Personal Transfer
TXN-NORM-000944,USER_1411,USER_1412,497.91,2026-09-16T12:35:24.546310+00:00,USD,Personal Transfer
TXN-NORM-000945,USER_1578,UTILITY_METRO_POWER,206.14,2026-09-27T23:29:24.667649+00:00,USD,Monthly Bill Payment
TXN-NORM-000946,USER_1474,UTILITY_METRO_POWER,273.77,2026-09-10T18:49:48.044601+00:00,USD,Monthly Bill Payment
TXN-NORM-000947,USER_0848,USER_0849,392.87,2026-09-10T12:40:18.807931+00:00,USD,Personal Transfer
TXN-NORM-000948,USER_0219,MUNICIPAL_TAX_BOARD,224.02,2026-09-02T19:34:32.384731+00:00,USD,Monthly Bill Payment
TXN-NORM-000949,USER_1222,HEALTHCARE_CLINIC_CITY,278.44,2026-09-21T08:45:05.634896+00:00,USD,Monthly Bill Payment
TXN-NORM-000950,USER_0275,GROCERY_MARKET_CENTRAL,150.92,2026-09-19T01:29:53.979228+00:00,USD,Monthly Bill Payment
TXN-NORM-000951,USER_0971,GROCERY_MARKET_CENTRAL,339.86,2026-09-07T04:14:24.414548+00:00,USD,Monthly Bill Payment
TXN-NORM-000952,USER_0553,USER_0554,114.21,2026-09-08T05:13:20.282193+00:00,USD,Personal Transfer
TXN-NORM-000953,USER_0363,USER_0364,172.57,2026-09-29T21:06:34.562881+00:00,USD,Personal Transfer
TXN-NORM-000954,USER_0938,USER_0939,371.64,2026-09-13T17:19:28.627915+00:00,USD,Personal Transfer
TXN-NORM-000955,USER_0780,USER_0781,68.02,2026-09-12T18:52:23.932367+00:00,USD,Personal Transfer
TXN-NORM-000956,USER_0936,USER_0937,275.87,2026-09-03T05:21:06.110495+00:00,USD,Personal Transfer
TXN-NORM-000957,USER_1506,TELECOM_APEX_MOBILE,167.86,2026-09-12T14:00:05.765912+00:00,USD,Monthly Bill Payment
TXN-NORM-000958,USER_0624,USER_0625,157.79,2026-09-09T22:17:54.270290+00:00,USD,Personal Transfer
TXN-NORM-000959,USER_0112,USER_0113,328.36,2026-09-27T13:23:04.366788+00:00,USD,Personal Transfer
TXN-NORM-000960,USER_0186,USER_0187,215.58,2026-09-05T01:35:46.898935+00:00,USD,Personal Transfer
TXN-NORM-000961,USER_0924,SUBSCRIPTION_STREAM_NOW,54.31,2026-09-14T16:07:04.634380+00:00,USD,Monthly Bill Payment
TXN-NORM-000962,USER_0664,USER_0665,370.63,2026-09-27T06:35:09.546822+00:00,USD,Personal Transfer
TXN-NORM-000963,USER_0187,MUNICIPAL_TAX_BOARD,254.87,2026-09-14T17:24:01.850554+00:00,USD,Monthly Bill Payment
TXN-NORM-000964,USER_1489,USER_1490,281.92,2026-09-16T05:24:42.681290+00:00,USD,Personal Transfer
TXN-NORM-000965,USER_0090,USER_0091,436.38,2026-09-27T08:24:40.058517+00:00,USD,Personal Transfer
TXN-NORM-000966,USER_0367,USER_0368,369.13,2026-09-03T13:04:27.015299+00:00,USD,Personal Transfer
TXN-NORM-000967,USER_0914,UTILITY_METRO_POWER,227.33,2026-09-06T22:35:38.613318+00:00,USD,Monthly Bill Payment
TXN-NORM-000968,USER_0519,GROCERY_MARKET_CENTRAL,26.87,2026-09-16T06:10:41.205296+00:00,USD,Monthly Bill Payment
TXN-NORM-000969,USER_1011,SUBSCRIPTION_STREAM_NOW,168.61,2026-09-18T19:11:07.971417+00:00,USD,Monthly Bill Payment
TXN-NORM-000970,USER_1232,HEALTHCARE_CLINIC_CITY,206.20,2026-09-08T21:54:35.782543+00:00,USD,Monthly Bill Payment
TXN-NORM-000971,USER_0426,UTILITY_CITY_WATER,302.49,2026-09-06T07:42:20.388767+00:00,USD,Monthly Bill Payment
TXN-NORM-000972,USER_1367,UTILITY_METRO_POWER,40.94,2026-09-19T00:19:35.807829+00:00,USD,Monthly Bill Payment
TXN-NORM-000973,USER_0854,USER_0855,335.55,2026-09-06T15:04:48.245835+00:00,USD,Personal Transfer
TXN-NORM-000974,USER_1434,HEALTHCARE_CLINIC_CITY,213.16,2026-09-23T22:03:52.158920+00:00,USD,Monthly Bill Payment
TXN-NORM-000975,USER_0074,SUBSCRIPTION_STREAM_NOW,291.59,2026-09-10T13:45:27.305557+00:00,USD,Monthly Bill Payment
TXN-NORM-000976,USER_1554,UTILITY_CITY_WATER,64.66,2026-09-17T11:29:43.573387+00:00,USD,Monthly Bill Payment
TXN-NORM-000977,USER_0563,UTILITY_CITY_WATER,223.92,2026-09-13T13:11:08.265777+00:00,USD,Monthly Bill Payment
TXN-NORM-000978,USER_0224,HEALTHCARE_CLINIC_CITY,248.81,2026-09-29T03:40:21.805110+00:00,USD,Monthly Bill Payment
TXN-NORM-000979,USER_1615,USER_1616,269.81,2026-09-10T03:58:02.227058+00:00,USD,Personal Transfer
TXN-NORM-000980,USER_1277,HEALTHCARE_CLINIC_CITY,230.35,2026-09-05T23:48:21.300863+00:00,USD,Monthly Bill Payment
TXN-NORM-000981,USER_1009,USER_1010,155.89,2026-09-26T16:51:04.323401+00:00,USD,Personal Transfer
TXN-NORM-000982,USER_0397,GROCERY_MARKET_CENTRAL,92.38,2026-09-02T13:14:41.614625+00:00,USD,Monthly Bill Payment
TXN-NORM-000983,USER_1261,USER_1262,286.80,2026-09-13T17:00:31.009292+00:00,USD,Personal Transfer
TXN-NORM-000984,USER_1306,GROCERY_MARKET_CENTRAL,47.05,2026-09-19T23:37:28.875469+00:00,USD,Monthly Bill Payment
TXN-NORM-000985,USER_0615,HEALTHCARE_CLINIC_CITY,133.32,2026-09-10T18:24:57.850263+00:00,USD,Monthly Bill Payment
TXN-NORM-000986,USER_0812,USER_0813,100.18,2026-09-18T22:45:08.912894+00:00,USD,Personal Transfer
TXN-NORM-000987,USER_0677,USER_0678,245.13,2026-09-28T02:55:30.710925+00:00,USD,Personal Transfer
TXN-NORM-000988,USER_0073,GROCERY_MARKET_CENTRAL,199.51,2026-09-15T18:45:33.848213+00:00,USD,Monthly Bill Payment
TXN-NORM-000989,USER_0687,MUNICIPAL_TAX_BOARD,122.29,2026-09-24T12:26:57.495843+00:00,USD,Monthly Bill Payment
TXN-NORM-000990,USER_1485,USER_1486,295.04,2026-09-17T05:21:47.971248+00:00,USD,Personal Transfer
TXN-NORM-000991,USER_0680,USER_0681,485.26,2026-09-26T23:05:28.318042+00:00,USD,Personal Transfer
TXN-NORM-000992,USER_0575,USER_0576,274.12,2026-09-11T17:09:47.252625+00:00,USD,Personal Transfer
TXN-NORM-000993,USER_0340,GROCERY_MARKET_CENTRAL,269.25,2026-09-12T18:10:12.877196+00:00,USD,Monthly Bill Payment
TXN-NORM-000994,USER_1445,USER_1446,57.10,2026-09-21T21:08:31.946107+00:00,USD,Personal Transfer
TXN-NORM-000995,USER_0487,MUNICIPAL_TAX_BOARD,123.25,2026-09-25T06:01:16.996274+00:00,USD,Monthly Bill Payment
TXN-NORM-000996,USER_0230,UTILITY_METRO_POWER,169.23,2026-09-03T01:24:22.978113+00:00,USD,Monthly Bill Payment
TXN-NORM-000997,USER_0052,USER_0053,179.96,2026-09-27T03:33:30.254750+00:00,USD,Personal Transfer
TXN-NORM-000998,USER_0991,USER_0992,388.20,2026-09-16T18:10:16.618883+00:00,USD,Personal Transfer
TXN-NORM-000999,USER_0202,USER_0203,366.42,2026-09-28T01:43:02.763942+00:00,USD,Personal Transfer
TXN-NORM-001000,USER_0941,TELECOM_APEX_MOBILE,328.01,2026-09-25T23:28:36.881587+00:00,USD,Monthly Bill Payment
TXN-NORM-001001,USER_1408,USER_1409,446.26,2026-09-26T11:41:27.224269+00:00,USD,Personal Transfer
TXN-NORM-001002,USER_0212,MUNICIPAL_TAX_BOARD,271.51,2026-09-20T11:40:21.162093+00:00,USD,Monthly Bill Payment
TXN-NORM-001003,USER_1309,USER_1310,149.18,2026-09-10T22:33:41.384336+00:00,USD,Personal Transfer
TXN-NORM-001004,USER_0654,USER_0655,91.39,2026-09-20T18:56:04.770580+00:00,USD,Personal Transfer
TXN-NORM-001005,USER_0235,MUNICIPAL_TAX_BOARD,138.85,2026-09-19T05:44:26.209232+00:00,USD,Monthly Bill Payment
TXN-NORM-001006,USER_0653,UTILITY_CITY_WATER,80.66,2026-09-28T10:37:07.778747+00:00,USD,Monthly Bill Payment
TXN-NORM-001007,USER_0638,UTILITY_CITY_WATER,34.42,2026-09-11T18:16:10.424776+00:00,USD,Monthly Bill Payment
TXN-NORM-001008,USER_1384,SUBSCRIPTION_STREAM_NOW,83.17,2026-09-12T12:42:29.946607+00:00,USD,Monthly Bill Payment
TXN-NORM-001009,USER_1221,USER_1222,187.48,2026-09-19T21:32:36.866159+00:00,USD,Personal Transfer
TXN-NORM-001010,USER_0681,USER_0682,381.54,2026-09-21T17:44:25.053458+00:00,USD,Personal Transfer
TXN-NORM-001011,USER_0954,SUBSCRIPTION_STREAM_NOW,125.88,2026-09-04T21:43:00.013190+00:00,USD,Monthly Bill Payment
TXN-NORM-001012,USER_1320,USER_1321,84.71,2026-09-15T00:15:46.341881+00:00,USD,Personal Transfer
TXN-NORM-001013,USER_1264,HEALTHCARE_CLINIC_CITY,132.36,2026-09-12T02:29:56.454216+00:00,USD,Monthly Bill Payment
TXN-NORM-001014,USER_0666,TELECOM_APEX_MOBILE,180.56,2026-09-03T04:46:53.506545+00:00,USD,Monthly Bill Payment
TXN-NORM-001015,USER_0350,UTILITY_METRO_POWER,156.85,2026-09-11T15:21:58.440469+00:00,USD,Monthly Bill Payment
TXN-NORM-001016,USER_1463,USER_1464,161.53,2026-09-10T22:26:08.532246+00:00,USD,Personal Transfer
TXN-NORM-001017,USER_0945,UTILITY_CITY_WATER,341.51,2026-09-13T13:49:26.520124+00:00,USD,Monthly Bill Payment
TXN-NORM-001018,USER_0787,SUBSCRIPTION_STREAM_NOW,209.34,2026-09-08T02:40:10.544770+00:00,USD,Monthly Bill Payment
TXN-NORM-001019,USER_0701,HEALTHCARE_CLINIC_CITY,211.61,2026-09-08T10:18:44.155559+00:00,USD,Monthly Bill Payment
TXN-NORM-001020,USER_0997,UTILITY_METRO_POWER,292.16,2026-09-18T19:06:55.741770+00:00,USD,Monthly Bill Payment
TXN-NORM-001021,USER_0361,GROCERY_MARKET_CENTRAL,218.83,2026-09-13T04:50:10.054627+00:00,USD,Monthly Bill Payment
TXN-NORM-001022,USER_0777,UTILITY_CITY_WATER,290.54,2026-09-19T18:22:04.962134+00:00,USD,Monthly Bill Payment
TXN-NORM-001023,USER_1190,USER_1191,86.16,2026-09-19T12:09:16.330637+00:00,USD,Personal Transfer
TXN-NORM-001024,USER_0306,UTILITY_CITY_WATER,246.49,2026-09-10T10:47:26.082768+00:00,USD,Monthly Bill Payment
TXN-NORM-001025,USER_0649,SUBSCRIPTION_STREAM_NOW,258.28,2026-09-24T07:15:40.284076+00:00,USD,Monthly Bill Payment
TXN-NORM-001026,USER_0706,USER_0707,76.86,2026-09-18T12:29:38.343668+00:00,USD,Personal Transfer
TXN-NORM-001027,USER_0603,HEALTHCARE_CLINIC_CITY,207.01,2026-09-26T21:45:37.027518+00:00,USD,Monthly Bill Payment
TXN-NORM-001028,USER_0736,SUBSCRIPTION_STREAM_NOW,253.22,2026-09-09T14:37:02.320881+00:00,USD,Monthly Bill Payment
TXN-NORM-001029,USER_0808,SUBSCRIPTION_STREAM_NOW,202.16,2026-09-22T02:24:13.093866+00:00,USD,Monthly Bill Payment
TXN-NORM-001030,USER_1357,TELECOM_APEX_MOBILE,297.99,2026-09-06T03:24:13.844874+00:00,USD,Monthly Bill Payment
TXN-NORM-001031,USER_0316,UTILITY_METRO_POWER,48.32,2026-09-26T05:55:01.748725+00:00,USD,Monthly Bill Payment
TXN-NORM-001032,USER_0033,UTILITY_METRO_POWER,69.60,2026-09-26T23:03:17.262283+00:00,USD,Monthly Bill Payment
TXN-NORM-001033,USER_0852,USER_0853,102.20,2026-09-27T05:23:34.156816+00:00,USD,Personal Transfer
TXN-NORM-001034,USER_1044,UTILITY_CITY_WATER,85.38,2026-09-25T02:53:11.374047+00:00,USD,Monthly Bill Payment
TXN-NORM-001035,USER_1239,MUNICIPAL_TAX_BOARD,112.51,2026-09-15T22:42:57.250266+00:00,USD,Monthly Bill Payment
TXN-NORM-001036,USER_1119,SUBSCRIPTION_STREAM_NOW,254.09,2026-09-02T17:24:21.859934+00:00,USD,Monthly Bill Payment
TXN-NORM-001037,USER_0232,HEALTHCARE_CLINIC_CITY,262.67,2026-09-28T15:31:46.549808+00:00,USD,Monthly Bill Payment
TXN-NORM-001038,USER_1538,USER_1539,446.61,2026-09-14T19:16:16.913174+00:00,USD,Personal Transfer
TXN-NORM-001039,USER_0182,HEALTHCARE_CLINIC_CITY,200.24,2026-09-19T10:24:30.637553+00:00,USD,Monthly Bill Payment
TXN-NORM-001040,USER_1188,GROCERY_MARKET_CENTRAL,28.50,2026-09-03T15:18:15.549452+00:00,USD,Monthly Bill Payment
TXN-NORM-001041,USER_0930,TELECOM_APEX_MOBILE,337.19,2026-09-15T06:01:52.835142+00:00,USD,Monthly Bill Payment
TXN-NORM-001042,USER_0604,GROCERY_MARKET_CENTRAL,208.20,2026-09-03T02:49:16.021516+00:00,USD,Monthly Bill Payment
TXN-NORM-001043,USER_0126,TELECOM_APEX_MOBILE,287.89,2026-09-17T22:13:23.778831+00:00,USD,Monthly Bill Payment
TXN-NORM-001044,USER_1279,UTILITY_METRO_POWER,301.72,2026-09-15T10:31:43.519222+00:00,USD,Monthly Bill Payment
TXN-NORM-001045,USER_0570,TELECOM_APEX_MOBILE,29.62,2026-09-19T06:38:17.448818+00:00,USD,Monthly Bill Payment
TXN-NORM-001046,USER_0229,SUBSCRIPTION_STREAM_NOW,145.17,2026-09-27T07:31:26.561350+00:00,USD,Monthly Bill Payment
TXN-NORM-001047,USER_0360,GROCERY_MARKET_CENTRAL,196.40,2026-09-21T21:49:19.876829+00:00,USD,Monthly Bill Payment
TXN-NORM-001048,USER_0068,GROCERY_MARKET_CENTRAL,75.10,2026-09-04T06:32:54.797180+00:00,USD,Monthly Bill Payment
TXN-NORM-001049,USER_1016,USER_1017,335.42,2026-09-13T18:09:35.633250+00:00,USD,Personal Transfer
TXN-NORM-001050,USER_1487,HEALTHCARE_CLINIC_CITY,110.93,2026-09-08T01:38:22.841161+00:00,USD,Monthly Bill Payment
TXN-NORM-001051,USER_0238,SUBSCRIPTION_STREAM_NOW,267.50,2026-09-15T07:25:15.824921+00:00,USD,Monthly Bill Payment
TXN-NORM-001052,USER_1541,USER_1542,142.37,2026-09-08T18:21:34.611566+00:00,USD,Personal Transfer
TXN-NORM-001053,USER_1087,USER_1088,344.07,2026-09-02T15:44:36.569933+00:00,USD,Personal Transfer
TXN-NORM-001054,USER_1086,USER_1087,224.42,2026-09-03T08:45:55.422088+00:00,USD,Personal Transfer
TXN-NORM-001055,USER_1336,USER_1337,62.66,2026-09-11T10:32:39.031697+00:00,USD,Personal Transfer
TXN-NORM-001056,USER_1341,HEALTHCARE_CLINIC_CITY,216.34,2026-09-14T21:55:29.931009+00:00,USD,Monthly Bill Payment
TXN-NORM-001057,USER_0400,MUNICIPAL_TAX_BOARD,28.44,2026-09-20T20:32:00.288322+00:00,USD,Monthly Bill Payment
TXN-NORM-001058,USER_0018,USER_0019,65.40,2026-09-02T04:57:33.698957+00:00,USD,Personal Transfer
TXN-NORM-001059,USER_0914,UTILITY_METRO_POWER,32.70,2026-09-22T07:13:40.221408+00:00,USD,Monthly Bill Payment
TXN-NORM-001060,USER_0189,HEALTHCARE_CLINIC_CITY,64.58,2026-09-18T13:52:06.701365+00:00,USD,Monthly Bill Payment
TXN-NORM-001061,USER_0246,GROCERY_MARKET_CENTRAL,317.47,2026-09-19T02:59:51.364333+00:00,USD,Monthly Bill Payment
TXN-NORM-001062,USER_1160,USER_1161,104.37,2026-09-07T00:51:15.835897+00:00,USD,Personal Transfer
TXN-NORM-001063,USER_0604,TELECOM_APEX_MOBILE,275.04,2026-09-28T11:15:03.026341+00:00,USD,Monthly Bill Payment
TXN-NORM-001064,USER_1418,USER_1419,93.55,2026-09-23T15:10:43.160146+00:00,USD,Personal Transfer
TXN-NORM-001065,USER_0152,UTILITY_METRO_POWER,108.93,2026-09-03T23:31:28.522433+00:00,USD,Monthly Bill Payment
TXN-NORM-001066,USER_0543,SUBSCRIPTION_STREAM_NOW,82.99,2026-09-03T22:31:09.203172+00:00,USD,Monthly Bill Payment
TXN-NORM-001067,USER_1008,MUNICIPAL_TAX_BOARD,234.08,2026-09-17T08:37:26.251883+00:00,USD,Monthly Bill Payment
TXN-NORM-001068,USER_0905,USER_0906,292.10,2026-09-04T16:37:39.790231+00:00,USD,Personal Transfer
TXN-NORM-001069,USER_0514,USER_0515,331.64,2026-09-02T21:06:53.659659+00:00,USD,Personal Transfer
TXN-NORM-001070,USER_0002,USER_0003,354.53,2026-09-20T14:34:12.245232+00:00,USD,Personal Transfer
TXN-NORM-001071,USER_0802,SUBSCRIPTION_STREAM_NOW,156.27,2026-09-16T18:00:01.651624+00:00,USD,Monthly Bill Payment
TXN-NORM-001072,USER_1491,USER_1492,201.45,2026-09-23T22:17:29.723025+00:00,USD,Personal Transfer
TXN-NORM-001073,USER_1412,USER_1413,345.69,2026-09-15T15:32:29.840522+00:00,USD,Personal Transfer
TXN-NORM-001074,USER_0821,MUNICIPAL_TAX_BOARD,302.34,2026-09-29T15:23:06.397917+00:00,USD,Monthly Bill Payment
TXN-NORM-001075,USER_0697,UTILITY_CITY_WATER,82.40,2026-09-14T22:51:28.240589+00:00,USD,Monthly Bill Payment
TXN-NORM-001076,USER_0081,USER_0082,204.20,2026-09-20T13:33:39.164741+00:00,USD,Personal Transfer
TXN-NORM-001077,USER_0219,HEALTHCARE_CLINIC_CITY,167.34,2026-09-11T20:53:40.489044+00:00,USD,Monthly Bill Payment
TXN-NORM-001078,USER_0389,SUBSCRIPTION_STREAM_NOW,45.47,2026-09-07T10:12:41.584494+00:00,USD,Monthly Bill Payment
TXN-NORM-001079,USER_1108,UTILITY_METRO_POWER,135.27,2026-09-16T06:00:18.628276+00:00,USD,Monthly Bill Payment
TXN-NORM-001080,USER_0692,USER_0693,406.45,2026-09-03T01:17:07.001762+00:00,USD,Personal Transfer
TXN-NORM-001081,USER_1367,MUNICIPAL_TAX_BOARD,100.72,2026-09-28T03:40:02.843254+00:00,USD,Monthly Bill Payment
TXN-NORM-001082,USER_0148,MUNICIPAL_TAX_BOARD,39.89,2026-09-05T16:42:32.328734+00:00,USD,Monthly Bill Payment
TXN-NORM-001083,USER_1437,TELECOM_APEX_MOBILE,291.74,2026-09-02T04:58:08.188473+00:00,USD,Monthly Bill Payment
TXN-NORM-001084,USER_0200,GROCERY_MARKET_CENTRAL,59.56,2026-09-06T14:33:37.010855+00:00,USD,Monthly Bill Payment
TXN-NORM-001085,USER_1019,UTILITY_CITY_WATER,163.52,2026-09-19T00:28:29.502667+00:00,USD,Monthly Bill Payment
TXN-NORM-001086,USER_1512,USER_1513,420.67,2026-09-10T22:50:27.779405+00:00,USD,Personal Transfer
TXN-NORM-001087,USER_1625,UTILITY_METRO_POWER,64.24,2026-09-03T05:16:29.103636+00:00,USD,Monthly Bill Payment
TXN-NORM-001088,USER_0290,USER_0291,95.03,2026-09-06T21:30:36.664534+00:00,USD,Personal Transfer
TXN-NORM-001089,USER_0499,USER_0500,425.97,2026-09-03T00:29:07.126793+00:00,USD,Personal Transfer
TXN-NORM-001090,USER_1255,UTILITY_METRO_POWER,27.35,2026-09-06T18:06:54.666004+00:00,USD,Monthly Bill Payment
TXN-NORM-001091,USER_0183,USER_0184,351.35,2026-09-18T16:23:43.050342+00:00,USD,Personal Transfer
TXN-NORM-001092,USER_1623,USER_1624,325.32,2026-09-21T07:09:11.297984+00:00,USD,Personal Transfer
TXN-NORM-001093,USER_1072,HEALTHCARE_CLINIC_CITY,37.23,2026-09-08T15:15:15.541109+00:00,USD,Monthly Bill Payment
TXN-NORM-001094,USER_0369,USER_0370,415.84,2026-09-18T21:53:42.808479+00:00,USD,Personal Transfer
TXN-NORM-001095,USER_0617,UTILITY_METRO_POWER,345.65,2026-09-02T03:39:36.358712+00:00,USD,Monthly Bill Payment
TXN-NORM-001096,USER_0196,GROCERY_MARKET_CENTRAL,228.60,2026-09-26T02:34:04.984225+00:00,USD,Monthly Bill Payment
TXN-NORM-001097,USER_0427,GROCERY_MARKET_CENTRAL,339.79,2026-09-07T07:49:51.255798+00:00,USD,Monthly Bill Payment
TXN-NORM-001098,USER_0972,HEALTHCARE_CLINIC_CITY,143.36,2026-09-06T05:25:30.085786+00:00,USD,Monthly Bill Payment
TXN-NORM-001099,USER_0430,UTILITY_METRO_POWER,265.64,2026-09-11T15:16:37.261418+00:00,USD,Monthly Bill Payment
TXN-NORM-001100,USER_1101,UTILITY_METRO_POWER,48.03,2026-09-24T06:53:55.639107+00:00,USD,Monthly Bill Payment
TXN-NORM-001101,USER_0482,USER_0483,111.39,2026-09-18T16:42:34.971791+00:00,USD,Personal Transfer
TXN-NORM-001102,USER_1387,USER_1388,125.47,2026-09-08T06:47:01.233215+00:00,USD,Personal Transfer
TXN-NORM-001103,USER_0486,USER_0487,122.02,2026-09-26T12:49:33.126434+00:00,USD,Personal Transfer
TXN-NORM-001104,USER_0965,UTILITY_CITY_WATER,326.56,2026-09-03T18:56:08.277769+00:00,USD,Monthly Bill Payment
TXN-NORM-001105,USER_0932,UTILITY_CITY_WATER,230.41,2026-09-12T18:15:08.199059+00:00,USD,Monthly Bill Payment
TXN-NORM-001106,USER_0553,UTILITY_CITY_WATER,61.11,2026-09-05T07:51:51.591501+00:00,USD,Monthly Bill Payment
TXN-NORM-001107,USER_0954,TELECOM_APEX_MOBILE,221.18,2026-09-06T22:16:11.046025+00:00,USD,Monthly Bill Payment
TXN-NORM-001108,USER_1617,USER_1618,485.52,2026-09-28T12:58:05.488319+00:00,USD,Personal Transfer
TXN-NORM-001109,USER_0471,UTILITY_CITY_WATER,217.26,2026-09-26T07:08:46.675867+00:00,USD,Monthly Bill Payment
TXN-NORM-001110,USER_0948,TELECOM_APEX_MOBILE,166.13,2026-09-22T09:28:11.598637+00:00,USD,Monthly Bill Payment
TXN-NORM-001111,USER_0456,USER_0457,293.24,2026-09-18T10:37:01.025312+00:00,USD,Personal Transfer
TXN-NORM-001112,USER_0011,GROCERY_MARKET_CENTRAL,188.87,2026-09-03T14:46:45.076658+00:00,USD,Monthly Bill Payment
TXN-NORM-001113,USER_0872,SUBSCRIPTION_STREAM_NOW,103.17,2026-09-15T05:47:07.498342+00:00,USD,Monthly Bill Payment
TXN-NORM-001114,USER_1144,USER_1145,79.37,2026-09-21T14:45:23.381506+00:00,USD,Personal Transfer
TXN-NORM-001115,USER_0606,HEALTHCARE_CLINIC_CITY,124.07,2026-09-29T14:47:52.911800+00:00,USD,Monthly Bill Payment
TXN-NORM-001116,USER_1441,SUBSCRIPTION_STREAM_NOW,275.85,2026-09-17T15:48:37.135437+00:00,USD,Monthly Bill Payment
TXN-NORM-001117,USER_1441,SUBSCRIPTION_STREAM_NOW,253.77,2026-09-24T05:57:21.818701+00:00,USD,Monthly Bill Payment
TXN-NORM-001118,USER_0003,USER_0004,30.87,2026-09-04T03:17:23.197821+00:00,USD,Personal Transfer
TXN-NORM-001119,USER_0873,USER_0874,347.06,2026-09-21T11:39:03.421774+00:00,USD,Personal Transfer
TXN-NORM-001120,USER_1271,USER_1272,473.48,2026-09-22T07:35:55.518214+00:00,USD,Personal Transfer
TXN-NORM-001121,USER_1382,SUBSCRIPTION_STREAM_NOW,226.22,2026-09-03T16:18:34.688778+00:00,USD,Monthly Bill Payment
TXN-NORM-001122,USER_0749,HEALTHCARE_CLINIC_CITY,276.41,2026-09-19T21:59:59.083372+00:00,USD,Monthly Bill Payment
TXN-NORM-001123,USER_0284,USER_0285,247.07,2026-09-08T12:52:18.454228+00:00,USD,Personal Transfer
TXN-NORM-001124,USER_1541,HEALTHCARE_CLINIC_CITY,272.29,2026-09-28T18:24:57.090010+00:00,USD,Monthly Bill Payment
TXN-NORM-001125,USER_0657,UTILITY_METRO_POWER,45.59,2026-09-09T17:42:22.144528+00:00,USD,Monthly Bill Payment
TXN-NORM-001126,USER_0708,HEALTHCARE_CLINIC_CITY,197.87,2026-09-15T20:40:15.542268+00:00,USD,Monthly Bill Payment
TXN-NORM-001127,USER_1092,USER_1093,341.55,2026-09-14T19:53:41.010019+00:00,USD,Personal Transfer
TXN-NORM-001128,USER_1420,USER_1421,447.57,2026-09-28T01:36:37.778167+00:00,USD,Personal Transfer
TXN-NORM-001129,USER_0938,UTILITY_METRO_POWER,60.54,2026-09-12T20:18:03.613999+00:00,USD,Monthly Bill Payment
TXN-NORM-001130,USER_0566,UTILITY_CITY_WATER,194.22,2026-09-06T01:23:12.097830+00:00,USD,Monthly Bill Payment
TXN-NORM-001131,USER_1285,TELECOM_APEX_MOBILE,161.54,2026-09-13T12:48:46.608178+00:00,USD,Monthly Bill Payment
TXN-NORM-001132,USER_1511,GROCERY_MARKET_CENTRAL,285.65,2026-09-09T22:36:58.730569+00:00,USD,Monthly Bill Payment
TXN-NORM-001133,USER_1065,HEALTHCARE_CLINIC_CITY,280.72,2026-09-13T15:45:07.615622+00:00,USD,Monthly Bill Payment
TXN-NORM-001134,USER_0996,TELECOM_APEX_MOBILE,209.36,2026-09-21T18:30:11.473140+00:00,USD,Monthly Bill Payment
TXN-NORM-001135,USER_1617,TELECOM_APEX_MOBILE,340.49,2026-09-24T01:23:37.160961+00:00,USD,Monthly Bill Payment
TXN-NORM-001136,USER_1577,USER_1578,478.76,2026-09-06T06:12:38.457790+00:00,USD,Personal Transfer
TXN-NORM-001137,USER_1267,USER_1268,487.00,2026-09-21T23:12:45.950176+00:00,USD,Personal Transfer
TXN-NORM-001138,USER_1451,USER_1452,130.38,2026-09-20T11:45:31.037377+00:00,USD,Personal Transfer
TXN-NORM-001139,USER_0085,USER_0086,194.29,2026-09-18T08:22:07.396135+00:00,USD,Personal Transfer
TXN-NORM-001140,USER_0421,UTILITY_CITY_WATER,146.20,2026-09-03T02:59:40.129546+00:00,USD,Monthly Bill Payment
TXN-NORM-001141,USER_1106,USER_1107,27.09,2026-09-16T18:41:38.367321+00:00,USD,Personal Transfer
TXN-NORM-001142,USER_1023,USER_1024,17.08,2026-09-28T14:11:22.382134+00:00,USD,Personal Transfer
TXN-NORM-001143,USER_1513,TELECOM_APEX_MOBILE,340.12,2026-09-16T06:39:39.914194+00:00,USD,Monthly Bill Payment
TXN-NORM-001144,USER_1545,USER_1546,289.14,2026-09-17T22:25:04.762220+00:00,USD,Personal Transfer
TXN-NORM-001145,USER_0906,UTILITY_METRO_POWER,70.31,2026-09-05T12:33:23.548065+00:00,USD,Monthly Bill Payment
TXN-NORM-001146,USER_1129,TELECOM_APEX_MOBILE,55.06,2026-09-02T17:28:11.269058+00:00,USD,Monthly Bill Payment
TXN-NORM-001147,USER_0113,GROCERY_MARKET_CENTRAL,115.33,2026-09-07T11:54:20.172715+00:00,USD,Monthly Bill Payment
TXN-NORM-001148,USER_0047,SUBSCRIPTION_STREAM_NOW,88.20,2026-09-25T12:43:33.539683+00:00,USD,Monthly Bill Payment
TXN-NORM-001149,USER_0651,HEALTHCARE_CLINIC_CITY,142.35,2026-09-16T01:54:16.052019+00:00,USD,Monthly Bill Payment
TXN-NORM-001150,USER_0303,USER_0304,20.91,2026-09-14T04:07:53.030857+00:00,USD,Personal Transfer
TXN-NORM-001151,USER_0707,HEALTHCARE_CLINIC_CITY,313.54,2026-09-29T02:09:59.357234+00:00,USD,Monthly Bill Payment
TXN-NORM-001152,USER_1519,USER_1520,405.75,2026-09-24T12:42:52.129763+00:00,USD,Personal Transfer
TXN-NORM-001153,USER_0869,USER_0870,115.78,2026-09-13T08:53:38.976928+00:00,USD,Personal Transfer
TXN-NORM-001154,USER_0973,USER_0974,467.58,2026-09-16T19:12:29.690820+00:00,USD,Personal Transfer
TXN-NORM-001155,USER_1210,USER_1211,458.49,2026-09-04T18:17:29.882595+00:00,USD,Personal Transfer
TXN-NORM-001156,USER_0849,UTILITY_CITY_WATER,295.49,2026-09-14T19:02:07.901834+00:00,USD,Monthly Bill Payment
TXN-NORM-001157,USER_0593,MUNICIPAL_TAX_BOARD,123.77,2026-09-03T07:33:44.974230+00:00,USD,Monthly Bill Payment
TXN-NORM-001158,USER_1146,USER_1147,142.40,2026-09-07T23:53:19.465266+00:00,USD,Personal Transfer
TXN-NORM-001159,USER_1312,USER_1313,102.00,2026-09-15T07:14:48.840965+00:00,USD,Personal Transfer
TXN-NORM-001160,USER_1409,UTILITY_METRO_POWER,219.64,2026-09-02T20:57:42.557378+00:00,USD,Monthly Bill Payment
TXN-NORM-001161,USER_0741,HEALTHCARE_CLINIC_CITY,179.71,2026-09-17T20:46:31.482804+00:00,USD,Monthly Bill Payment
TXN-NORM-001162,USER_1422,USER_1423,140.88,2026-09-12T04:11:46.333737+00:00,USD,Personal Transfer
TXN-NORM-001163,USER_1192,UTILITY_CITY_WATER,42.19,2026-09-10T19:49:30.499976+00:00,USD,Monthly Bill Payment
TXN-NORM-001164,USER_0740,TELECOM_APEX_MOBILE,119.79,2026-09-27T15:11:42.915669+00:00,USD,Monthly Bill Payment
TXN-NORM-001165,USER_1309,USER_1310,60.84,2026-09-16T07:17:06.013510+00:00,USD,Personal Transfer
TXN-NORM-001166,USER_1542,GROCERY_MARKET_CENTRAL,247.61,2026-09-11T04:17:03.193987+00:00,USD,Monthly Bill Payment
TXN-NORM-001167,USER_0617,MUNICIPAL_TAX_BOARD,213.52,2026-09-21T15:51:32.565904+00:00,USD,Monthly Bill Payment
TXN-NORM-001168,USER_0295,SUBSCRIPTION_STREAM_NOW,158.90,2026-09-16T16:11:01.674146+00:00,USD,Monthly Bill Payment
TXN-NORM-001169,USER_0334,UTILITY_CITY_WATER,283.41,2026-09-06T08:46:23.895199+00:00,USD,Monthly Bill Payment
TXN-NORM-001170,USER_1145,SUBSCRIPTION_STREAM_NOW,322.71,2026-09-25T01:32:58.591359+00:00,USD,Monthly Bill Payment
TXN-NORM-001171,USER_0239,USER_0240,166.11,2026-09-28T03:04:54.613414+00:00,USD,Personal Transfer
TXN-NORM-001172,USER_0743,HEALTHCARE_CLINIC_CITY,124.02,2026-09-14T11:30:17.842806+00:00,USD,Monthly Bill Payment
TXN-NORM-001173,USER_1525,USER_1526,124.89,2026-09-08T03:01:26.933486+00:00,USD,Personal Transfer
TXN-NORM-001174,USER_0257,GROCERY_MARKET_CENTRAL,279.81,2026-09-29T16:05:03.479207+00:00,USD,Monthly Bill Payment
TXN-NORM-001175,USER_0160,UTILITY_CITY_WATER,60.04,2026-09-15T18:41:25.479288+00:00,USD,Monthly Bill Payment
TXN-NORM-001176,USER_1625,USER_1626,455.64,2026-09-18T21:42:26.752273+00:00,USD,Personal Transfer
TXN-NORM-001177,USER_0089,UTILITY_METRO_POWER,324.03,2026-09-20T12:14:57.129112+00:00,USD,Monthly Bill Payment
TXN-NORM-001178,USER_0421,UTILITY_METRO_POWER,72.31,2026-09-07T18:21:10.883617+00:00,USD,Monthly Bill Payment
TXN-NORM-001179,USER_1529,USER_1530,92.87,2026-09-28T16:04:39.091550+00:00,USD,Personal Transfer
TXN-NORM-001180,USER_1026,USER_1027,412.50,2026-09-18T21:56:08.249103+00:00,USD,Personal Transfer
TXN-NORM-001181,USER_1564,UTILITY_CITY_WATER,318.04,2026-09-08T01:00:06.881629+00:00,USD,Monthly Bill Payment
TXN-NORM-001182,USER_1101,MUNICIPAL_TAX_BOARD,301.67,2026-09-22T06:03:38.135160+00:00,USD,Monthly Bill Payment
TXN-NORM-001183,USER_0973,UTILITY_METRO_POWER,83.78,2026-09-18T18:45:57.229556+00:00,USD,Monthly Bill Payment
TXN-NORM-001184,USER_0727,USER_0728,69.73,2026-09-13T20:48:18.843541+00:00,USD,Personal Transfer
TXN-NORM-001185,USER_0644,GROCERY_MARKET_CENTRAL,142.41,2026-09-04T23:47:03.725574+00:00,USD,Monthly Bill Payment
TXN-NORM-001186,USER_0591,UTILITY_METRO_POWER,150.05,2026-09-03T07:06:29.377967+00:00,USD,Monthly Bill Payment
TXN-NORM-001187,USER_0936,MUNICIPAL_TAX_BOARD,157.37,2026-09-11T00:33:11.378883+00:00,USD,Monthly Bill Payment
TXN-NORM-001188,USER_0877,TELECOM_APEX_MOBILE,83.27,2026-09-04T07:43:37.049394+00:00,USD,Monthly Bill Payment
TXN-NORM-001189,USER_1381,HEALTHCARE_CLINIC_CITY,244.87,2026-09-05T06:22:23.138067+00:00,USD,Monthly Bill Payment
TXN-NORM-001190,USER_0245,UTILITY_CITY_WATER,46.03,2026-09-13T01:26:28.883287+00:00,USD,Monthly Bill Payment
TXN-NORM-001191,USER_0408,UTILITY_CITY_WATER,297.39,2026-09-18T19:54:08.778229+00:00,USD,Monthly Bill Payment
TXN-NORM-001192,USER_1486,GROCERY_MARKET_CENTRAL,285.32,2026-09-23T10:19:17.296934+00:00,USD,Monthly Bill Payment
TXN-NORM-001193,USER_0820,MUNICIPAL_TAX_BOARD,115.64,2026-09-20T20:19:24.933426+00:00,USD,Monthly Bill Payment
TXN-NORM-001194,USER_1573,UTILITY_CITY_WATER,229.22,2026-09-05T18:44:06.471273+00:00,USD,Monthly Bill Payment
TXN-NORM-001195,USER_0276,HEALTHCARE_CLINIC_CITY,33.69,2026-09-22T09:56:47.204831+00:00,USD,Monthly Bill Payment
TXN-NORM-001196,USER_0367,MUNICIPAL_TAX_BOARD,227.55,2026-09-20T20:30:42.867072+00:00,USD,Monthly Bill Payment
TXN-NORM-001197,USER_1557,SUBSCRIPTION_STREAM_NOW,90.63,2026-09-23T08:30:40.390560+00:00,USD,Monthly Bill Payment
TXN-NORM-001198,USER_1356,GROCERY_MARKET_CENTRAL,200.67,2026-09-16T06:15:38.047114+00:00,USD,Monthly Bill Payment
TXN-NORM-001199,USER_0037,USER_0038,458.75,2026-09-03T04:29:30.136061+00:00,USD,Personal Transfer
TXN-NORM-001200,USER_0786,UTILITY_METRO_POWER,35.68,2026-09-26T02:58:04.646759+00:00,USD,Monthly Bill Payment
TXN-NORM-001201,USER_1141,USER_1142,223.88,2026-09-23T16:47:28.205745+00:00,USD,Personal Transfer
TXN-NORM-001202,USER_0640,USER_0641,342.39,2026-09-15T11:23:59.348105+00:00,USD,Personal Transfer
TXN-NORM-001203,USER_1352,MUNICIPAL_TAX_BOARD,302.66,2026-09-17T10:04:37.710405+00:00,USD,Monthly Bill Payment
TXN-NORM-001204,USER_1038,HEALTHCARE_CLINIC_CITY,139.65,2026-09-09T14:24:59.771227+00:00,USD,Monthly Bill Payment
TXN-NORM-001205,USER_0583,GROCERY_MARKET_CENTRAL,144.08,2026-09-02T13:22:50+00:00,USD,Monthly Bill Payment
TXN-NORM-001206,USER_1520,UTILITY_METRO_POWER,164.15,2026-09-23T12:10:26.097709+00:00,USD,Monthly Bill Payment
TXN-NORM-001207,USER_0732,UTILITY_CITY_WATER,235.63,2026-09-03T14:26:54.296518+00:00,USD,Monthly Bill Payment
TXN-NORM-001208,USER_1214,TELECOM_APEX_MOBILE,80.18,2026-09-21T07:11:44.216455+00:00,USD,Monthly Bill Payment
TXN-NORM-001209,USER_1103,MUNICIPAL_TAX_BOARD,317.96,2026-09-15T03:37:29.730503+00:00,USD,Monthly Bill Payment
TXN-NORM-001210,USER_0547,SUBSCRIPTION_STREAM_NOW,210.36,2026-09-14T20:14:39.793964+00:00,USD,Monthly Bill Payment
TXN-NORM-001211,USER_0661,HEALTHCARE_CLINIC_CITY,91.92,2026-09-24T10:23:19.692645+00:00,USD,Monthly Bill Payment
TXN-NORM-001212,USER_1018,MUNICIPAL_TAX_BOARD,122.34,2026-09-23T11:44:46.746460+00:00,USD,Monthly Bill Payment
TXN-NORM-001213,USER_0893,GROCERY_MARKET_CENTRAL,199.15,2026-09-19T13:46:36.371696+00:00,USD,Monthly Bill Payment
TXN-NORM-001214,USER_0589,UTILITY_CITY_WATER,227.99,2026-09-10T13:20:08.347689+00:00,USD,Monthly Bill Payment
TXN-NORM-001215,USER_0189,USER_0190,47.63,2026-09-18T06:50:29.515957+00:00,USD,Personal Transfer
TXN-NORM-001216,USER_1088,GROCERY_MARKET_CENTRAL,123.10,2026-09-07T16:31:28.826288+00:00,USD,Monthly Bill Payment
TXN-NORM-001217,USER_0615,SUBSCRIPTION_STREAM_NOW,106.66,2026-09-17T01:22:56.036409+00:00,USD,Monthly Bill Payment
TXN-NORM-001218,USER_1056,UTILITY_METRO_POWER,229.05,2026-09-23T06:32:03.265628+00:00,USD,Monthly Bill Payment
TXN-NORM-001219,USER_1058,USER_1059,481.63,2026-09-18T02:21:15.373775+00:00,USD,Personal Transfer
TXN-NORM-001220,USER_1521,USER_1522,289.57,2026-09-09T18:47:35.692228+00:00,USD,Personal Transfer
TXN-NORM-001221,USER_1284,UTILITY_CITY_WATER,73.90,2026-09-07T21:54:14.108911+00:00,USD,Monthly Bill Payment
TXN-NORM-001222,USER_1404,USER_1405,432.19,2026-09-25T19:57:26.718273+00:00,USD,Personal Transfer
TXN-NORM-001223,USER_0132,TELECOM_APEX_MOBILE,234.96,2026-09-25T16:43:34.170382+00:00,USD,Monthly Bill Payment
TXN-NORM-001224,USER_0526,USER_0527,87.73,2026-09-08T14:37:45.124985+00:00,USD,Personal Transfer
TXN-NORM-001225,USER_0057,MUNICIPAL_TAX_BOARD,347.17,2026-09-25T09:49:44.714289+00:00,USD,Monthly Bill Payment
TXN-NORM-001226,USER_0865,UTILITY_CITY_WATER,34.47,2026-09-02T23:27:39.722773+00:00,USD,Monthly Bill Payment
TXN-NORM-001227,USER_1618,USER_1619,428.47,2026-09-20T08:07:45.273062+00:00,USD,Personal Transfer
TXN-NORM-001228,USER_1480,MUNICIPAL_TAX_BOARD,121.84,2026-09-02T09:03:51.215980+00:00,USD,Monthly Bill Payment
TXN-NORM-001229,USER_0131,USER_0132,333.85,2026-09-13T13:37:54.436096+00:00,USD,Personal Transfer
TXN-NORM-001230,USER_0185,UTILITY_METRO_POWER,210.57,2026-09-25T07:59:13.535368+00:00,USD,Monthly Bill Payment
TXN-NORM-001231,USER_1025,USER_1026,444.01,2026-09-16T15:25:10.013114+00:00,USD,Personal Transfer
TXN-NORM-001232,USER_0488,GROCERY_MARKET_CENTRAL,214.91,2026-09-23T17:28:43.018159+00:00,USD,Monthly Bill Payment
TXN-NORM-001233,USER_0799,USER_0800,84.97,2026-09-23T00:46:17.744733+00:00,USD,Personal Transfer
TXN-NORM-001234,USER_0359,GROCERY_MARKET_CENTRAL,216.58,2026-09-09T22:30:12.822193+00:00,USD,Monthly Bill Payment
TXN-NORM-001235,USER_1005,MUNICIPAL_TAX_BOARD,162.73,2026-09-21T09:11:50.510911+00:00,USD,Monthly Bill Payment
TXN-NORM-001236,USER_1399,SUBSCRIPTION_STREAM_NOW,257.59,2026-09-09T15:45:13.903701+00:00,USD,Monthly Bill Payment
TXN-NORM-001237,USER_0632,HEALTHCARE_CLINIC_CITY,240.22,2026-09-28T18:39:21.844897+00:00,USD,Monthly Bill Payment
TXN-NORM-001238,USER_0112,USER_0113,283.07,2026-09-24T00:50:56.262327+00:00,USD,Personal Transfer
TXN-NORM-001239,USER_0634,GROCERY_MARKET_CENTRAL,101.82,2026-09-21T10:05:58.838225+00:00,USD,Monthly Bill Payment
TXN-NORM-001240,USER_0907,TELECOM_APEX_MOBILE,122.79,2026-09-27T15:34:41.212889+00:00,USD,Monthly Bill Payment
TXN-NORM-001241,USER_1550,SUBSCRIPTION_STREAM_NOW,230.19,2026-09-07T20:14:29.260383+00:00,USD,Monthly Bill Payment
TXN-NORM-001242,USER_1571,UTILITY_METRO_POWER,292.54,2026-09-24T02:50:36.950577+00:00,USD,Monthly Bill Payment
TXN-NORM-001243,USER_1007,SUBSCRIPTION_STREAM_NOW,309.95,2026-09-13T16:40:08.036023+00:00,USD,Monthly Bill Payment
TXN-NORM-001244,USER_0206,USER_0207,219.12,2026-09-21T07:28:13.222012+00:00,USD,Personal Transfer
TXN-NORM-001245,USER_1494,USER_1495,28.27,2026-09-22T22:09:16.264547+00:00,USD,Personal Transfer
TXN-NORM-001246,USER_0107,HEALTHCARE_CLINIC_CITY,69.23,2026-09-07T11:15:55.383599+00:00,USD,Monthly Bill Payment
TXN-NORM-001247,USER_0821,UTILITY_CITY_WATER,106.12,2026-09-10T08:06:40.672615+00:00,USD,Monthly Bill Payment
TXN-NORM-001248,USER_1462,USER_1463,303.10,2026-09-25T02:29:02.677317+00:00,USD,Personal Transfer
TXN-NORM-001249,USER_0841,USER_0842,371.56,2026-09-11T07:11:10.764976+00:00,USD,Personal Transfer
TXN-NORM-001250,USER_0534,TELECOM_APEX_MOBILE,89.57,2026-09-18T17:20:11.292801+00:00,USD,Monthly Bill Payment
TXN-NORM-001251,USER_0849,MUNICIPAL_TAX_BOARD,97.96,2026-09-13T05:46:01.331539+00:00,USD,Monthly Bill Payment
TXN-NORM-001252,USER_0048,USER_0049,58.15,2026-09-20T02:40:09.500969+00:00,USD,Personal Transfer
TXN-NORM-001253,USER_0948,SUBSCRIPTION_STREAM_NOW,225.85,2026-09-21T12:00:52.087876+00:00,USD,Monthly Bill Payment
TXN-NORM-001254,USER_1230,MUNICIPAL_TAX_BOARD,63.14,2026-09-04T16:12:07.528650+00:00,USD,Monthly Bill Payment
TXN-NORM-001255,USER_1472,HEALTHCARE_CLINIC_CITY,185.60,2026-09-23T22:06:29.043532+00:00,USD,Monthly Bill Payment
TXN-NORM-001256,USER_0460,USER_0461,377.02,2026-09-07T09:17:18.143031+00:00,USD,Personal Transfer
TXN-NORM-001257,USER_0783,TELECOM_APEX_MOBILE,261.18,2026-09-25T21:40:13.472777+00:00,USD,Monthly Bill Payment
TXN-NORM-001258,USER_0388,TELECOM_APEX_MOBILE,342.24,2026-09-13T06:57:51.859116+00:00,USD,Monthly Bill Payment
TXN-NORM-001259,USER_0483,HEALTHCARE_CLINIC_CITY,235.35,2026-09-27T12:33:49.150096+00:00,USD,Monthly Bill Payment
TXN-NORM-001260,USER_0176,SUBSCRIPTION_STREAM_NOW,248.23,2026-09-05T21:19:38.490581+00:00,USD,Monthly Bill Payment
TXN-NORM-001261,USER_1461,UTILITY_METRO_POWER,206.02,2026-09-13T20:54:08.235021+00:00,USD,Monthly Bill Payment
TXN-NORM-001262,USER_0107,HEALTHCARE_CLINIC_CITY,339.34,2026-09-08T18:16:59.380778+00:00,USD,Monthly Bill Payment
TXN-NORM-001263,USER_1226,USER_1227,259.70,2026-09-24T07:56:39.128632+00:00,USD,Personal Transfer
TXN-NORM-001264,USER_0781,MUNICIPAL_TAX_BOARD,38.37,2026-09-13T04:49:20.352806+00:00,USD,Monthly Bill Payment
TXN-NORM-001265,USER_0368,SUBSCRIPTION_STREAM_NOW,67.87,2026-09-16T05:38:31.697799+00:00,USD,Monthly Bill Payment
TXN-NORM-001266,USER_0650,USER_0651,166.94,2026-09-14T03:24:22.917488+00:00,USD,Personal Transfer
TXN-NORM-001267,USER_0262,TELECOM_APEX_MOBILE,326.03,2026-09-29T05:57:10.377983+00:00,USD,Monthly Bill Payment
TXN-NORM-001268,USER_0580,USER_0581,166.81,2026-09-09T10:11:58.897033+00:00,USD,Personal Transfer
TXN-NORM-001269,USER_0338,GROCERY_MARKET_CENTRAL,324.93,2026-09-29T15:56:38.765220+00:00,USD,Monthly Bill Payment
TXN-NORM-001270,USER_1304,USER_1305,126.48,2026-09-03T09:05:15.278159+00:00,USD,Personal Transfer
TXN-NORM-001271,USER_0074,UTILITY_METRO_POWER,348.44,2026-09-06T21:21:59.036684+00:00,USD,Monthly Bill Payment
TXN-NORM-001272,USER_1014,SUBSCRIPTION_STREAM_NOW,61.56,2026-09-12T07:36:33.131418+00:00,USD,Monthly Bill Payment
TXN-NORM-001273,USER_1475,USER_1476,436.06,2026-09-05T06:24:55.950393+00:00,USD,Personal Transfer
TXN-NORM-001274,USER_0370,USER_0371,447.08,2026-09-23T00:09:27.294648+00:00,USD,Personal Transfer
TXN-NORM-001275,USER_1200,GROCERY_MARKET_CENTRAL,210.51,2026-09-29T14:12:49.861284+00:00,USD,Monthly Bill Payment
TXN-NORM-001276,USER_0853,USER_0854,60.74,2026-09-09T05:56:37.268530+00:00,USD,Personal Transfer
TXN-NORM-001277,USER_0674,TELECOM_APEX_MOBILE,216.86,2026-09-20T21:01:24.285952+00:00,USD,Monthly Bill Payment
TXN-NORM-001278,USER_0218,USER_0219,417.89,2026-09-06T02:51:04.993790+00:00,USD,Personal Transfer
TXN-NORM-001279,USER_1351,HEALTHCARE_CLINIC_CITY,26.89,2026-09-19T14:46:51.622077+00:00,USD,Monthly Bill Payment
TXN-NORM-001280,USER_0090,USER_0091,499.91,2026-09-28T16:53:11.785768+00:00,USD,Personal Transfer
TXN-NORM-001281,USER_1166,GROCERY_MARKET_CENTRAL,43.05,2026-09-26T04:47:05.449771+00:00,USD,Monthly Bill Payment
TXN-NORM-001282,USER_0145,TELECOM_APEX_MOBILE,82.85,2026-09-18T15:06:39.863932+00:00,USD,Monthly Bill Payment
TXN-NORM-001283,USER_1579,USER_1580,203.42,2026-09-04T11:17:13.766953+00:00,USD,Personal Transfer
TXN-NORM-001284,USER_0825,TELECOM_APEX_MOBILE,184.52,2026-09-22T21:25:47.577557+00:00,USD,Monthly Bill Payment
TXN-NORM-001285,USER_0886,USER_0887,337.78,2026-09-27T14:56:12.692447+00:00,USD,Personal Transfer
TXN-NORM-001286,USER_0753,TELECOM_APEX_MOBILE,207.99,2026-09-15T21:45:05.705248+00:00,USD,Monthly Bill Payment
TXN-NORM-001287,USER_0867,UTILITY_CITY_WATER,166.08,2026-09-13T23:58:49.222358+00:00,USD,Monthly Bill Payment
TXN-NORM-001288,USER_0873,UTILITY_CITY_WATER,235.47,2026-09-16T15:51:00.387884+00:00,USD,Monthly Bill Payment
TXN-NORM-001289,USER_1462,SUBSCRIPTION_STREAM_NOW,167.14,2026-09-15T15:22:04.012020+00:00,USD,Monthly Bill Payment
TXN-NORM-001290,USER_0979,UTILITY_CITY_WATER,195.00,2026-09-29T14:17:39.965922+00:00,USD,Monthly Bill Payment
TXN-NORM-001291,USER_0606,UTILITY_METRO_POWER,190.96,2026-09-17T03:52:44.891461+00:00,USD,Monthly Bill Payment
TXN-NORM-001292,USER_0846,TELECOM_APEX_MOBILE,215.31,2026-09-20T12:16:31.240931+00:00,USD,Monthly Bill Payment
TXN-NORM-001293,USER_1575,GROCERY_MARKET_CENTRAL,84.22,2026-09-05T11:52:28.337184+00:00,USD,Monthly Bill Payment
TXN-NORM-001294,USER_0805,MUNICIPAL_TAX_BOARD,260.33,2026-09-13T17:27:19.364373+00:00,USD,Monthly Bill Payment
TXN-NORM-001295,USER_1552,USER_1553,483.86,2026-09-19T11:27:12.383762+00:00,USD,Personal Transfer
TXN-NORM-001296,USER_0384,HEALTHCARE_CLINIC_CITY,59.56,2026-09-04T06:41:35.279494+00:00,USD,Monthly Bill Payment
TXN-NORM-001297,USER_1095,HEALTHCARE_CLINIC_CITY,180.06,2026-09-12T18:00:51.724562+00:00,USD,Monthly Bill Payment
TXN-NORM-001298,USER_1417,MUNICIPAL_TAX_BOARD,289.27,2026-09-20T17:07:26.517077+00:00,USD,Monthly Bill Payment
TXN-NORM-001299,USER_1264,TELECOM_APEX_MOBILE,53.48,2026-09-21T01:25:42.904218+00:00,USD,Monthly Bill Payment
TXN-NORM-001300,USER_0277,UTILITY_CITY_WATER,304.18,2026-09-04T21:04:11.801948+00:00,USD,Monthly Bill Payment
TXN-NORM-001301,USER_0429,GROCERY_MARKET_CENTRAL,228.47,2026-09-06T02:02:42.885293+00:00,USD,Monthly Bill Payment
TXN-NORM-001302,USER_1618,SUBSCRIPTION_STREAM_NOW,162.11,2026-09-04T17:11:53.661143+00:00,USD,Monthly Bill Payment
TXN-NORM-001303,USER_0239,SUBSCRIPTION_STREAM_NOW,31.38,2026-09-06T13:58:42.954662+00:00,USD,Monthly Bill Payment
TXN-NORM-001304,USER_0921,TELECOM_APEX_MOBILE,27.56,2026-09-07T20:15:58.341775+00:00,USD,Monthly Bill Payment
TXN-NORM-001305,USER_1292,USER_1293,255.42,2026-09-14T08:25:30.767087+00:00,USD,Personal Transfer
TXN-NORM-001306,USER_1186,SUBSCRIPTION_STREAM_NOW,154.90,2026-09-17T13:35:44.316384+00:00,USD,Monthly Bill Payment
TXN-NORM-001307,USER_1052,HEALTHCARE_CLINIC_CITY,44.73,2026-09-19T10:05:26.093963+00:00,USD,Monthly Bill Payment
TXN-NORM-001308,USER_0039,HEALTHCARE_CLINIC_CITY,160.57,2026-09-10T15:10:35.738155+00:00,USD,Monthly Bill Payment
TXN-NORM-001309,USER_0970,HEALTHCARE_CLINIC_CITY,166.77,2026-09-19T13:49:27.732580+00:00,USD,Monthly Bill Payment
TXN-NORM-001310,USER_0331,UTILITY_CITY_WATER,189.98,2026-09-07T13:33:52.759704+00:00,USD,Monthly Bill Payment
TXN-NORM-001311,USER_1204,USER_1205,443.34,2026-09-11T18:37:48.652400+00:00,USD,Personal Transfer
TXN-NORM-001312,USER_1481,USER_1482,244.08,2026-09-28T23:55:03.607433+00:00,USD,Personal Transfer
TXN-NORM-001313,USER_0332,SUBSCRIPTION_STREAM_NOW,66.96,2026-09-09T17:14:00.064840+00:00,USD,Monthly Bill Payment
TXN-NORM-001314,USER_0409,TELECOM_APEX_MOBILE,101.28,2026-09-16T00:29:03.245275+00:00,USD,Monthly Bill Payment
TXN-NORM-001315,USER_1141,HEALTHCARE_CLINIC_CITY,76.55,2026-09-02T13:54:24.888710+00:00,USD,Monthly Bill Payment
TXN-NORM-001316,USER_1032,MUNICIPAL_TAX_BOARD,98.67,2026-09-04T01:08:49.715581+00:00,USD,Monthly Bill Payment
TXN-NORM-001317,USER_1151,TELECOM_APEX_MOBILE,275.05,2026-09-09T08:52:15.740219+00:00,USD,Monthly Bill Payment
TXN-NORM-001318,USER_1578,USER_1579,349.72,2026-09-09T09:24:43.672783+00:00,USD,Personal Transfer
TXN-NORM-001319,USER_1056,SUBSCRIPTION_STREAM_NOW,284.67,2026-09-04T17:07:00.594784+00:00,USD,Monthly Bill Payment
TXN-NORM-001320,USER_1548,MUNICIPAL_TAX_BOARD,38.64,2026-09-04T20:10:18.680582+00:00,USD,Monthly Bill Payment
TXN-NORM-001321,USER_0216,TELECOM_APEX_MOBILE,76.04,2026-09-05T07:25:09.149335+00:00,USD,Monthly Bill Payment
TXN-NORM-001322,USER_0599,USER_0600,437.19,2026-09-23T15:22:41.603088+00:00,USD,Personal Transfer
TXN-NORM-001323,USER_0316,GROCERY_MARKET_CENTRAL,90.61,2026-09-11T05:34:11.516218+00:00,USD,Monthly Bill Payment
TXN-NORM-001324,USER_0852,USER_0853,154.08,2026-09-02T13:09:39.742920+00:00,USD,Personal Transfer
TXN-NORM-001325,USER_0351,HEALTHCARE_CLINIC_CITY,241.12,2026-09-12T16:10:00.185701+00:00,USD,Monthly Bill Payment
TXN-NORM-001326,USER_0311,USER_0312,403.86,2026-09-16T19:11:13.764689+00:00,USD,Personal Transfer
TXN-NORM-001327,USER_0847,USER_0848,229.65,2026-09-27T05:45:40.187144+00:00,USD,Personal Transfer
TXN-NORM-001328,USER_1578,TELECOM_APEX_MOBILE,127.31,2026-09-24T07:20:46.444509+00:00,USD,Monthly Bill Payment
TXN-NORM-001329,USER_1582,HEALTHCARE_CLINIC_CITY,74.06,2026-09-03T12:15:33.093914+00:00,USD,Monthly Bill Payment
TXN-NORM-001330,USER_1177,SUBSCRIPTION_STREAM_NOW,312.88,2026-09-19T17:45:27.925028+00:00,USD,Monthly Bill Payment
TXN-NORM-001331,USER_1436,TELECOM_APEX_MOBILE,27.57,2026-09-10T16:08:28.906258+00:00,USD,Monthly Bill Payment
TXN-NORM-001332,USER_0573,USER_0574,210.91,2026-09-18T22:51:28.387787+00:00,USD,Personal Transfer
TXN-NORM-001333,USER_1319,TELECOM_APEX_MOBILE,313.49,2026-09-17T12:40:49.829484+00:00,USD,Monthly Bill Payment
TXN-NORM-001334,USER_1601,UTILITY_METRO_POWER,199.67,2026-09-23T17:41:29.030517+00:00,USD,Monthly Bill Payment
TXN-NORM-001335,USER_0799,USER_0800,496.08,2026-09-22T13:29:20.285013+00:00,USD,Personal Transfer
TXN-NORM-001336,USER_0582,TELECOM_APEX_MOBILE,271.04,2026-09-16T09:33:55.108577+00:00,USD,Monthly Bill Payment
TXN-NORM-001337,USER_0328,GROCERY_MARKET_CENTRAL,276.60,2026-09-26T21:48:28.184411+00:00,USD,Monthly Bill Payment
TXN-NORM-001338,USER_1488,TELECOM_APEX_MOBILE,109.42,2026-09-15T21:36:54.708927+00:00,USD,Monthly Bill Payment
TXN-NORM-001339,USER_1040,TELECOM_APEX_MOBILE,211.04,2026-09-03T04:49:42.954188+00:00,USD,Monthly Bill Payment
TXN-NORM-001340,USER_0011,TELECOM_APEX_MOBILE,117.47,2026-09-29T10:57:01.307958+00:00,USD,Monthly Bill Payment
TXN-NORM-001341,USER_1608,USER_1609,198.17,2026-09-17T21:40:26.170961+00:00,USD,Personal Transfer
TXN-NORM-001342,USER_1511,GROCERY_MARKET_CENTRAL,142.41,2026-09-11T03:47:34.775325+00:00,USD,Monthly Bill Payment
TXN-NORM-001343,USER_0201,UTILITY_METRO_POWER,45.21,2026-09-14T03:31:36.426503+00:00,USD,Monthly Bill Payment
TXN-NORM-001344,USER_0267,MUNICIPAL_TAX_BOARD,155.89,2026-09-14T15:52:05.301662+00:00,USD,Monthly Bill Payment
TXN-NORM-001345,USER_1145,SUBSCRIPTION_STREAM_NOW,231.85,2026-09-13T02:21:46.843354+00:00,USD,Monthly Bill Payment
TXN-NORM-001346,USER_0902,USER_0903,93.98,2026-09-28T17:55:37.060677+00:00,USD,Personal Transfer
TXN-NORM-001347,USER_1036,MUNICIPAL_TAX_BOARD,305.56,2026-09-21T18:20:11.112387+00:00,USD,Monthly Bill Payment
TXN-NORM-001348,USER_0242,USER_0243,91.07,2026-09-14T12:08:27.063064+00:00,USD,Personal Transfer
TXN-NORM-001349,USER_1145,UTILITY_METRO_POWER,145.12,2026-09-28T19:51:23.444375+00:00,USD,Monthly Bill Payment
TXN-NORM-001350,USER_0594,TELECOM_APEX_MOBILE,123.56,2026-09-06T11:22:09.721303+00:00,USD,Monthly Bill Payment
TXN-NORM-001351,USER_0996,TELECOM_APEX_MOBILE,313.94,2026-09-06T06:06:55.240630+00:00,USD,Monthly Bill Payment
TXN-NORM-001352,USER_0442,MUNICIPAL_TAX_BOARD,138.31,2026-09-22T08:47:35.596185+00:00,USD,Monthly Bill Payment
TXN-NORM-001353,USER_0092,TELECOM_APEX_MOBILE,278.94,2026-09-18T08:04:13.324304+00:00,USD,Monthly Bill Payment
TXN-NORM-001354,USER_0974,USER_0975,82.18,2026-09-25T04:26:04.014508+00:00,USD,Personal Transfer
TXN-NORM-001355,USER_1304,GROCERY_MARKET_CENTRAL,261.56,2026-09-14T20:49:21.793609+00:00,USD,Monthly Bill Payment
TXN-NORM-001356,USER_0183,USER_0184,127.92,2026-09-20T19:45:02.694224+00:00,USD,Personal Transfer
TXN-NORM-001357,USER_0810,TELECOM_APEX_MOBILE,234.92,2026-09-03T14:51:51.170631+00:00,USD,Monthly Bill Payment
TXN-NORM-001358,USER_0340,USER_0341,327.90,2026-09-18T01:59:27.769755+00:00,USD,Personal Transfer
TXN-NORM-001359,USER_1319,MUNICIPAL_TAX_BOARD,86.55,2026-09-07T03:50:56.186317+00:00,USD,Monthly Bill Payment
TXN-NORM-001360,USER_0975,TELECOM_APEX_MOBILE,280.70,2026-09-02T10:54:50.861471+00:00,USD,Monthly Bill Payment
TXN-NORM-001361,USER_0503,USER_0504,406.36,2026-09-25T17:13:20.826165+00:00,USD,Personal Transfer
TXN-NORM-001362,USER_1243,UTILITY_METRO_POWER,135.49,2026-09-18T19:38:21.973836+00:00,USD,Monthly Bill Payment
TXN-NORM-001363,USER_0370,TELECOM_APEX_MOBILE,54.58,2026-09-26T03:25:14.072267+00:00,USD,Monthly Bill Payment
TXN-NORM-001364,USER_0204,GROCERY_MARKET_CENTRAL,54.13,2026-09-09T21:44:17.453024+00:00,USD,Monthly Bill Payment
TXN-NORM-001365,USER_0629,USER_0630,481.14,2026-09-20T17:26:46.669155+00:00,USD,Personal Transfer
TXN-NORM-001366,USER_0372,TELECOM_APEX_MOBILE,71.30,2026-09-03T20:40:22.056229+00:00,USD,Monthly Bill Payment
TXN-NORM-001367,USER_0664,UTILITY_CITY_WATER,102.88,2026-09-28T02:55:49.095071+00:00,USD,Monthly Bill Payment
TXN-NORM-001368,USER_1223,TELECOM_APEX_MOBILE,44.71,2026-09-15T23:36:56.521062+00:00,USD,Monthly Bill Payment
TXN-NORM-001369,USER_0952,HEALTHCARE_CLINIC_CITY,100.97,2026-09-03T13:39:50.947350+00:00,USD,Monthly Bill Payment
TXN-NORM-001370,USER_0039,GROCERY_MARKET_CENTRAL,205.28,2026-09-28T17:47:33.543498+00:00,USD,Monthly Bill Payment
TXN-NORM-001371,USER_1609,GROCERY_MARKET_CENTRAL,231.63,2026-09-18T03:58:50.203853+00:00,USD,Monthly Bill Payment
TXN-NORM-001372,USER_0417,USER_0418,133.90,2026-09-05T22:33:44.268997+00:00,USD,Personal Transfer
TXN-NORM-001373,USER_0868,USER_0869,409.13,2026-09-17T06:07:47.803497+00:00,USD,Personal Transfer
TXN-NORM-001374,USER_1272,SUBSCRIPTION_STREAM_NOW,113.82,2026-09-28T20:21:21.513529+00:00,USD,Monthly Bill Payment
TXN-NORM-001375,USER_0514,USER_0515,321.62,2026-09-12T19:50:02.855767+00:00,USD,Personal Transfer
TXN-NORM-001376,USER_1199,USER_1200,274.03,2026-09-09T19:32:57.740366+00:00,USD,Personal Transfer
TXN-NORM-001377,USER_0144,UTILITY_CITY_WATER,260.65,2026-09-12T21:58:46.182495+00:00,USD,Monthly Bill Payment
TXN-NORM-001378,USER_0573,USER_0574,345.82,2026-09-08T01:31:07.000965+00:00,USD,Personal Transfer
TXN-NORM-001379,USER_0702,UTILITY_CITY_WATER,240.24,2026-09-29T15:39:01.837041+00:00,USD,Monthly Bill Payment
TXN-NORM-001380,USER_0659,HEALTHCARE_CLINIC_CITY,68.46,2026-09-14T23:17:53.900771+00:00,USD,Monthly Bill Payment
TXN-NORM-001381,USER_0005,UTILITY_CITY_WATER,159.28,2026-09-01T20:58:55.383293+00:00,USD,Monthly Bill Payment
TXN-NORM-001382,USER_1427,USER_1428,440.21,2026-09-23T02:46:48.212545+00:00,USD,Personal Transfer
TXN-NORM-001383,USER_1334,UTILITY_METRO_POWER,139.72,2026-09-03T04:50:20.855085+00:00,USD,Monthly Bill Payment
TXN-NORM-001384,USER_0771,USER_0772,387.46,2026-09-11T22:58:37.895330+00:00,USD,Personal Transfer
TXN-NORM-001385,USER_1428,USER_1429,108.60,2026-09-05T16:55:30.781802+00:00,USD,Personal Transfer
TXN-NORM-001386,USER_0020,HEALTHCARE_CLINIC_CITY,141.29,2026-09-02T15:21:44.901627+00:00,USD,Monthly Bill Payment
TXN-NORM-001387,USER_0185,USER_0186,490.36,2026-09-19T11:17:30.237717+00:00,USD,Personal Transfer
TXN-NORM-001388,USER_0744,UTILITY_CITY_WATER,344.89,2026-09-15T17:24:15.268852+00:00,USD,Monthly Bill Payment
TXN-NORM-001389,USER_1308,MUNICIPAL_TAX_BOARD,87.98,2026-09-26T15:03:45.273431+00:00,USD,Monthly Bill Payment
TXN-NORM-001390,USER_1514,MUNICIPAL_TAX_BOARD,66.68,2026-09-20T23:23:26.614166+00:00,USD,Monthly Bill Payment
TXN-NORM-001391,USER_0134,MUNICIPAL_TAX_BOARD,261.89,2026-09-28T02:26:50.590904+00:00,USD,Monthly Bill Payment
TXN-NORM-001392,USER_0562,MUNICIPAL_TAX_BOARD,312.01,2026-09-21T00:05:28.375962+00:00,USD,Monthly Bill Payment
TXN-NORM-001393,USER_0005,USER_0006,470.30,2026-09-19T16:29:27.691127+00:00,USD,Personal Transfer
TXN-NORM-001394,USER_0886,USER_0887,266.37,2026-09-13T05:33:38.758693+00:00,USD,Personal Transfer
TXN-NORM-001395,USER_1015,TELECOM_APEX_MOBILE,323.48,2026-09-23T04:41:27.384475+00:00,USD,Monthly Bill Payment
TXN-NORM-001396,USER_1091,UTILITY_METRO_POWER,311.03,2026-09-02T03:12:16.763913+00:00,USD,Monthly Bill Payment
TXN-NORM-001397,USER_0052,USER_0053,459.74,2026-09-08T13:32:49.839671+00:00,USD,Personal Transfer
TXN-NORM-001398,USER_0404,SUBSCRIPTION_STREAM_NOW,165.38,2026-09-10T12:31:56.168216+00:00,USD,Monthly Bill Payment
TXN-NORM-001399,USER_0050,TELECOM_APEX_MOBILE,105.32,2026-09-19T15:39:06.757493+00:00,USD,Monthly Bill Payment
TXN-NORM-001400,USER_0970,TELECOM_APEX_MOBILE,193.89,2026-09-11T07:28:03.591796+00:00,USD,Monthly Bill Payment
TXN-NORM-001401,USER_0485,USER_0486,61.40,2026-09-23T23:38:30.646702+00:00,USD,Personal Transfer
TXN-NORM-001402,USER_0915,UTILITY_METRO_POWER,147.65,2026-09-04T04:38:26.524194+00:00,USD,Monthly Bill Payment
TXN-NORM-001403,USER_1421,TELECOM_APEX_MOBILE,223.49,2026-09-05T20:50:52.675550+00:00,USD,Monthly Bill Payment
TXN-NORM-001404,USER_0885,GROCERY_MARKET_CENTRAL,148.97,2026-09-20T16:23:49.778610+00:00,USD,Monthly Bill Payment
TXN-NORM-001405,USER_0197,SUBSCRIPTION_STREAM_NOW,175.87,2026-09-13T05:09:40.509648+00:00,USD,Monthly Bill Payment
TXN-NORM-001406,USER_0877,USER_0878,469.73,2026-09-19T10:43:12.404883+00:00,USD,Personal Transfer
TXN-NORM-001407,USER_1604,UTILITY_METRO_POWER,28.99,2026-09-16T09:49:32.710226+00:00,USD,Monthly Bill Payment
TXN-NORM-001408,USER_1461,MUNICIPAL_TAX_BOARD,65.94,2026-09-24T00:56:35.654420+00:00,USD,Monthly Bill Payment
TXN-NORM-001409,USER_1043,UTILITY_CITY_WATER,69.74,2026-09-14T01:29:22.642349+00:00,USD,Monthly Bill Payment
TXN-NORM-001410,USER_0091,HEALTHCARE_CLINIC_CITY,270.17,2026-09-10T23:37:31.661416+00:00,USD,Monthly Bill Payment
TXN-NORM-001411,USER_0638,SUBSCRIPTION_STREAM_NOW,125.32,2026-09-16T23:53:59.372558+00:00,USD,Monthly Bill Payment
TXN-NORM-001412,USER_0703,UTILITY_CITY_WATER,189.81,2026-09-28T23:08:36.602635+00:00,USD,Monthly Bill Payment
TXN-NORM-001413,USER_1146,USER_1147,325.67,2026-09-13T18:12:43.702643+00:00,USD,Personal Transfer
TXN-NORM-001414,USER_0413,USER_0414,350.54,2026-09-11T21:50:11.405128+00:00,USD,Personal Transfer
TXN-NORM-001415,USER_0958,TELECOM_APEX_MOBILE,161.08,2026-09-11T09:47:05.938514+00:00,USD,Monthly Bill Payment
TXN-NORM-001416,USER_0333,UTILITY_CITY_WATER,323.98,2026-09-26T05:33:24.821832+00:00,USD,Monthly Bill Payment
TXN-NORM-001417,USER_1309,SUBSCRIPTION_STREAM_NOW,263.74,2026-09-08T09:50:29.318029+00:00,USD,Monthly Bill Payment
TXN-NORM-001418,USER_0679,USER_0680,415.65,2026-09-12T17:17:37.957245+00:00,USD,Personal Transfer
TXN-NORM-001419,USER_0014,UTILITY_METRO_POWER,71.28,2026-09-03T19:21:13.377504+00:00,USD,Monthly Bill Payment
TXN-NORM-001420,USER_0902,UTILITY_METRO_POWER,89.71,2026-09-18T12:36:32.190140+00:00,USD,Monthly Bill Payment
TXN-NORM-001421,USER_0582,GROCERY_MARKET_CENTRAL,205.21,2026-09-26T15:36:06.987268+00:00,USD,Monthly Bill Payment
TXN-NORM-001422,USER_0366,UTILITY_METRO_POWER,31.82,2026-09-07T00:16:05.195943+00:00,USD,Monthly Bill Payment
TXN-NORM-001423,USER_1388,UTILITY_CITY_WATER,124.15,2026-09-20T03:15:01.492039+00:00,USD,Monthly Bill Payment
TXN-NORM-001424,USER_0492,GROCERY_MARKET_CENTRAL,349.25,2026-09-12T08:16:32.638139+00:00,USD,Monthly Bill Payment
TXN-NORM-001425,USER_0889,USER_0890,463.22,2026-09-03T18:06:36.433207+00:00,USD,Personal Transfer
TXN-NORM-001426,USER_1628,MUNICIPAL_TAX_BOARD,164.60,2026-09-17T01:19:55.084724+00:00,USD,Monthly Bill Payment
TXN-NORM-001427,USER_1303,MUNICIPAL_TAX_BOARD,120.61,2026-09-03T07:13:56.282895+00:00,USD,Monthly Bill Payment
TXN-NORM-001428,USER_0305,UTILITY_CITY_WATER,301.74,2026-09-03T13:58:43.954944+00:00,USD,Monthly Bill Payment
TXN-NORM-001429,USER_1197,USER_1198,243.27,2026-09-07T16:20:19.725174+00:00,USD,Personal Transfer
TXN-NORM-001430,USER_1359,HEALTHCARE_CLINIC_CITY,269.12,2026-09-06T22:18:48.597394+00:00,USD,Monthly Bill Payment
TXN-NORM-001431,USER_0767,TELECOM_APEX_MOBILE,195.78,2026-09-15T03:01:24.128598+00:00,USD,Monthly Bill Payment
TXN-NORM-001432,USER_0990,USER_0991,209.46,2026-09-15T21:19:45.864605+00:00,USD,Personal Transfer
TXN-NORM-001433,USER_1620,UTILITY_CITY_WATER,171.93,2026-09-03T01:51:37.314472+00:00,USD,Monthly Bill Payment
TXN-NORM-001434,USER_0481,UTILITY_CITY_WATER,329.04,2026-09-10T18:53:49.036991+00:00,USD,Monthly Bill Payment
TXN-NORM-001435,USER_0767,SUBSCRIPTION_STREAM_NOW,193.62,2026-09-04T04:27:16.452572+00:00,USD,Monthly Bill Payment
TXN-NORM-001436,USER_0472,SUBSCRIPTION_STREAM_NOW,176.95,2026-09-15T03:23:00.539412+00:00,USD,Monthly Bill Payment
TXN-NORM-001437,USER_0838,UTILITY_METRO_POWER,83.36,2026-09-15T22:57:17.402694+00:00,USD,Monthly Bill Payment
TXN-NORM-001438,USER_0479,GROCERY_MARKET_CENTRAL,188.07,2026-09-03T22:30:53.644407+00:00,USD,Monthly Bill Payment
TXN-NORM-001439,USER_1120,UTILITY_METRO_POWER,48.19,2026-09-23T22:43:14.732252+00:00,USD,Monthly Bill Payment
TXN-NORM-001440,USER_0079,TELECOM_APEX_MOBILE,267.19,2026-09-11T11:09:03.302556+00:00,USD,Monthly Bill Payment
TXN-NORM-001441,USER_1574,USER_1575,379.91,2026-09-09T14:04:53.281329+00:00,USD,Personal Transfer
TXN-NORM-001442,USER_1516,GROCERY_MARKET_CENTRAL,137.66,2026-09-09T09:33:22.656151+00:00,USD,Monthly Bill Payment
TXN-NORM-001443,USER_0828,USER_0829,332.23,2026-09-24T16:13:06.014173+00:00,USD,Personal Transfer
TXN-NORM-001444,USER_1559,USER_1560,365.82,2026-09-26T04:08:58.012205+00:00,USD,Personal Transfer
TXN-NORM-001445,USER_0430,GROCERY_MARKET_CENTRAL,174.96,2026-09-16T17:33:47.956867+00:00,USD,Monthly Bill Payment
TXN-NORM-001446,USER_1622,HEALTHCARE_CLINIC_CITY,160.75,2026-09-25T21:33:55.668280+00:00,USD,Monthly Bill Payment
TXN-NORM-001447,USER_0899,MUNICIPAL_TAX_BOARD,308.97,2026-09-17T18:28:09.559969+00:00,USD,Monthly Bill Payment
TXN-NORM-001448,USER_0626,USER_0627,124.36,2026-09-02T11:13:57.002685+00:00,USD,Personal Transfer
TXN-NORM-001449,USER_0872,USER_0873,299.67,2026-09-13T08:49:44.494826+00:00,USD,Personal Transfer
TXN-NORM-001450,USER_1163,USER_1164,290.57,2026-09-27T15:13:03.899884+00:00,USD,Personal Transfer
TXN-NORM-001451,USER_1235,USER_1236,114.04,2026-09-18T06:04:09.121784+00:00,USD,Personal Transfer
TXN-NORM-001452,USER_0801,TELECOM_APEX_MOBILE,210.09,2026-09-13T03:15:21.960246+00:00,USD,Monthly Bill Payment
TXN-NORM-001453,USER_0925,HEALTHCARE_CLINIC_CITY,204.69,2026-09-10T10:29:26.170951+00:00,USD,Monthly Bill Payment
TXN-NORM-001454,USER_0066,USER_0067,111.51,2026-09-18T13:35:44.912838+00:00,USD,Personal Transfer
TXN-NORM-001455,USER_0791,UTILITY_METRO_POWER,144.81,2026-09-08T07:55:35.518720+00:00,USD,Monthly Bill Payment
TXN-NORM-001456,USER_0023,UTILITY_CITY_WATER,346.62,2026-09-26T06:28:36.143292+00:00,USD,Monthly Bill Payment
TXN-NORM-001457,USER_0265,GROCERY_MARKET_CENTRAL,92.11,2026-09-15T04:02:13.073766+00:00,USD,Monthly Bill Payment
TXN-NORM-001458,USER_0422,MUNICIPAL_TAX_BOARD,211.90,2026-09-25T04:13:47.630496+00:00,USD,Monthly Bill Payment
TXN-NORM-001459,USER_0636,UTILITY_CITY_WATER,27.42,2026-09-16T08:08:26.187006+00:00,USD,Monthly Bill Payment
TXN-NORM-001460,USER_0293,TELECOM_APEX_MOBILE,320.85,2026-09-25T01:05:25.891145+00:00,USD,Monthly Bill Payment
TXN-NORM-001461,USER_1006,HEALTHCARE_CLINIC_CITY,311.32,2026-09-17T21:28:42.567366+00:00,USD,Monthly Bill Payment
TXN-NORM-001462,USER_0935,MUNICIPAL_TAX_BOARD,292.61,2026-09-25T15:02:53.010234+00:00,USD,Monthly Bill Payment
TXN-NORM-001463,USER_0359,SUBSCRIPTION_STREAM_NOW,321.02,2026-09-07T07:07:43.808433+00:00,USD,Monthly Bill Payment
TXN-NORM-001464,USER_0376,USER_0377,444.49,2026-09-04T10:37:10.851525+00:00,USD,Personal Transfer
TXN-NORM-001465,USER_0324,UTILITY_METRO_POWER,251.86,2026-09-19T15:39:52.246472+00:00,USD,Monthly Bill Payment
TXN-NORM-001466,USER_1480,USER_1481,283.12,2026-09-27T15:41:23.787626+00:00,USD,Personal Transfer
TXN-NORM-001467,USER_0756,SUBSCRIPTION_STREAM_NOW,78.57,2026-09-05T02:17:30.117713+00:00,USD,Monthly Bill Payment
TXN-NORM-001468,USER_0425,HEALTHCARE_CLINIC_CITY,244.58,2026-09-14T17:32:02.456854+00:00,USD,Monthly Bill Payment
TXN-NORM-001469,USER_0946,UTILITY_METRO_POWER,28.49,2026-09-22T19:18:35.159703+00:00,USD,Monthly Bill Payment
TXN-NORM-001470,USER_0235,USER_0236,238.76,2026-09-06T03:18:14.608307+00:00,USD,Personal Transfer
TXN-NORM-001471,USER_0170,SUBSCRIPTION_STREAM_NOW,291.64,2026-09-09T01:46:23.282195+00:00,USD,Monthly Bill Payment
TXN-NORM-001472,USER_0331,TELECOM_APEX_MOBILE,65.35,2026-09-02T08:40:49.484669+00:00,USD,Monthly Bill Payment
TXN-NORM-001473,USER_1519,TELECOM_APEX_MOBILE,74.89,2026-09-03T22:04:04.020394+00:00,USD,Monthly Bill Payment
TXN-NORM-001474,USER_0734,HEALTHCARE_CLINIC_CITY,40.52,2026-09-21T22:14:13.646954+00:00,USD,Monthly Bill Payment
TXN-NORM-001475,USER_1301,USER_1302,349.82,2026-09-19T18:01:18.342938+00:00,USD,Personal Transfer
TXN-NORM-001476,USER_0910,UTILITY_CITY_WATER,326.87,2026-09-02T09:20:27.028729+00:00,USD,Monthly Bill Payment
TXN-NORM-001477,USER_0768,USER_0769,28.55,2026-09-07T07:44:37.507528+00:00,USD,Personal Transfer
TXN-NORM-001478,USER_0030,UTILITY_METRO_POWER,284.00,2026-09-07T04:17:53.490653+00:00,USD,Monthly Bill Payment
TXN-NORM-001479,USER_1361,UTILITY_METRO_POWER,290.08,2026-09-06T22:47:17.431179+00:00,USD,Monthly Bill Payment
TXN-NORM-001480,USER_0661,MUNICIPAL_TAX_BOARD,153.40,2026-09-07T07:18:15.708286+00:00,USD,Monthly Bill Payment
TXN-NORM-001481,USER_0877,UTILITY_CITY_WATER,29.87,2026-09-08T03:52:49.484724+00:00,USD,Monthly Bill Payment
TXN-NORM-001482,USER_1340,UTILITY_METRO_POWER,238.84,2026-09-13T04:13:57.794046+00:00,USD,Monthly Bill Payment
TXN-NORM-001483,USER_0571,UTILITY_CITY_WATER,158.61,2026-09-12T03:24:08.334806+00:00,USD,Monthly Bill Payment
TXN-NORM-001484,USER_1572,MUNICIPAL_TAX_BOARD,282.16,2026-09-29T07:26:07.545326+00:00,USD,Monthly Bill Payment
TXN-NORM-001485,USER_1166,HEALTHCARE_CLINIC_CITY,151.28,2026-09-28T22:14:10.696985+00:00,USD,Monthly Bill Payment
TXN-NORM-001486,USER_1580,USER_1581,338.19,2026-09-11T10:38:18.125176+00:00,USD,Personal Transfer
TXN-NORM-001487,USER_0139,MUNICIPAL_TAX_BOARD,233.19,2026-09-19T07:16:26.085057+00:00,USD,Monthly Bill Payment
TXN-NORM-001488,USER_0477,UTILITY_METRO_POWER,225.31,2026-09-21T09:27:10.796999+00:00,USD,Monthly Bill Payment
TXN-NORM-001489,USER_0255,UTILITY_METRO_POWER,44.47,2026-09-22T15:09:24.245681+00:00,USD,Monthly Bill Payment
TXN-NORM-001490,USER_0768,HEALTHCARE_CLINIC_CITY,37.32,2026-09-07T20:53:01.534551+00:00,USD,Monthly Bill Payment
TXN-NORM-001491,USER_1486,TELECOM_APEX_MOBILE,128.20,2026-09-28T12:53:32.049467+00:00,USD,Monthly Bill Payment
TXN-NORM-001492,USER_1612,USER_1613,409.16,2026-09-16T19:51:35.280427+00:00,USD,Personal Transfer
TXN-NORM-001493,USER_1538,UTILITY_CITY_WATER,91.89,2026-09-25T18:51:27.261273+00:00,USD,Monthly Bill Payment
TXN-NORM-001494,USER_0111,USER_0112,348.36,2026-09-20T14:32:16.909374+00:00,USD,Personal Transfer
TXN-NORM-001495,USER_1474,SUBSCRIPTION_STREAM_NOW,229.68,2026-09-26T11:56:49.651815+00:00,USD,Monthly Bill Payment
TXN-NORM-001496,USER_0133,USER_0134,322.67,2026-09-03T22:18:42.848701+00:00,USD,Personal Transfer
TXN-NORM-001497,USER_0290,USER_0291,281.19,2026-09-05T11:05:32.323196+00:00,USD,Personal Transfer
TXN-NORM-001498,USER_1629,USER_1630,366.62,2026-09-08T10:04:59.742580+00:00,USD,Personal Transfer
TXN-NORM-001499,USER_0638,MUNICIPAL_TAX_BOARD,105.92,2026-09-07T18:51:13.011038+00:00,USD,Monthly Bill Payment
TXN-NORM-001500,USER_0585,GROCERY_MARKET_CENTRAL,278.92,2026-09-28T23:40:21.130178+00:00,USD,Monthly Bill Payment
TXN-NORM-001501,USER_0164,USER_0165,243.30,2026-09-12T06:20:33.830180+00:00,USD,Personal Transfer
TXN-NORM-001502,USER_0866,GROCERY_MARKET_CENTRAL,181.65,2026-09-22T10:22:28.291657+00:00,USD,Monthly Bill Payment
TXN-NORM-001503,USER_1561,MUNICIPAL_TAX_BOARD,74.66,2026-09-25T22:53:59.990473+00:00,USD,Monthly Bill Payment
TXN-NORM-001504,USER_1489,TELECOM_APEX_MOBILE,146.92,2026-09-12T17:37:58.123957+00:00,USD,Monthly Bill Payment
TXN-NORM-001505,USER_1242,UTILITY_CITY_WATER,322.74,2026-09-11T15:44:00.888048+00:00,USD,Monthly Bill Payment
TXN-NORM-001506,USER_0009,SUBSCRIPTION_STREAM_NOW,325.85,2026-09-16T04:11:06.930799+00:00,USD,Monthly Bill Payment
TXN-NORM-001507,USER_0809,USER_0810,325.91,2026-09-12T18:34:28.164599+00:00,USD,Personal Transfer
TXN-NORM-001508,USER_1205,MUNICIPAL_TAX_BOARD,77.77,2026-09-26T13:23:44.589905+00:00,USD,Monthly Bill Payment
TXN-NORM-001509,USER_1563,HEALTHCARE_CLINIC_CITY,183.80,2026-09-09T07:51:15.729480+00:00,USD,Monthly Bill Payment
TXN-NORM-001510,USER_1411,SUBSCRIPTION_STREAM_NOW,264.09,2026-09-03T21:01:20.442670+00:00,USD,Monthly Bill Payment
TXN-NORM-001511,USER_0497,HEALTHCARE_CLINIC_CITY,244.84,2026-09-27T22:04:55.220860+00:00,USD,Monthly Bill Payment
TXN-NORM-001512,USER_1429,USER_1430,86.47,2026-09-06T11:08:23.933460+00:00,USD,Personal Transfer
TXN-NORM-001513,USER_0507,UTILITY_METRO_POWER,275.57,2026-09-28T11:42:38.567325+00:00,USD,Monthly Bill Payment
TXN-NORM-001514,USER_1320,USER_1321,456.33,2026-09-12T13:18:33.269688+00:00,USD,Personal Transfer
TXN-NORM-001515,USER_0867,MUNICIPAL_TAX_BOARD,239.01,2026-09-14T00:45:59.297933+00:00,USD,Monthly Bill Payment
TXN-NORM-001516,USER_0784,HEALTHCARE_CLINIC_CITY,211.10,2026-09-22T06:56:30.585791+00:00,USD,Monthly Bill Payment
TXN-NORM-001517,USER_0706,USER_0707,377.92,2026-09-09T12:31:12.076149+00:00,USD,Personal Transfer
TXN-NORM-001518,USER_1432,UTILITY_METRO_POWER,47.70,2026-09-29T21:18:44.172763+00:00,USD,Monthly Bill Payment
TXN-NORM-001519,USER_1427,SUBSCRIPTION_STREAM_NOW,80.46,2026-09-13T18:17:03.432416+00:00,USD,Monthly Bill Payment
TXN-NORM-001520,USER_0768,MUNICIPAL_TAX_BOARD,333.26,2026-09-06T02:31:55.496072+00:00,USD,Monthly Bill Payment
TXN-NORM-001521,USER_0923,HEALTHCARE_CLINIC_CITY,84.39,2026-09-07T21:47:20.870527+00:00,USD,Monthly Bill Payment
TXN-NORM-001522,USER_1555,HEALTHCARE_CLINIC_CITY,321.72,2026-09-29T17:02:53.022370+00:00,USD,Monthly Bill Payment
TXN-NORM-001523,USER_0224,USER_0225,198.20,2026-09-06T17:43:17.010215+00:00,USD,Personal Transfer
TXN-NORM-001524,USER_0567,SUBSCRIPTION_STREAM_NOW,243.66,2026-09-02T20:45:53.243870+00:00,USD,Monthly Bill Payment
TXN-NORM-001525,USER_0207,MUNICIPAL_TAX_BOARD,281.49,2026-09-09T04:16:03.613120+00:00,USD,Monthly Bill Payment
TXN-NORM-001526,USER_0086,MUNICIPAL_TAX_BOARD,194.02,2026-09-16T07:33:18.759106+00:00,USD,Monthly Bill Payment
TXN-NORM-001527,USER_1560,SUBSCRIPTION_STREAM_NOW,134.38,2026-09-15T17:24:34.151718+00:00,USD,Monthly Bill Payment
TXN-NORM-001528,USER_1397,USER_1398,337.56,2026-09-29T22:00:42.465252+00:00,USD,Personal Transfer
TXN-NORM-001529,USER_0776,UTILITY_METRO_POWER,26.00,2026-09-29T09:18:51.367156+00:00,USD,Monthly Bill Payment
TXN-NORM-001530,USER_1431,MUNICIPAL_TAX_BOARD,64.94,2026-09-25T04:48:52.829108+00:00,USD,Monthly Bill Payment
TXN-NORM-001531,USER_1087,SUBSCRIPTION_STREAM_NOW,225.96,2026-09-21T13:00:39.325696+00:00,USD,Monthly Bill Payment
TXN-NORM-001532,USER_1350,USER_1351,493.30,2026-09-16T08:11:11.095751+00:00,USD,Personal Transfer
TXN-NORM-001533,USER_0660,HEALTHCARE_CLINIC_CITY,130.80,2026-09-11T20:26:37.240385+00:00,USD,Monthly Bill Payment
TXN-NORM-001534,USER_0910,SUBSCRIPTION_STREAM_NOW,330.20,2026-09-15T08:12:43.447615+00:00,USD,Monthly Bill Payment
TXN-NORM-001535,USER_0976,USER_0977,201.66,2026-09-25T19:04:50.976551+00:00,USD,Personal Transfer
TXN-NORM-001536,USER_1244,SUBSCRIPTION_STREAM_NOW,283.97,2026-09-05T18:23:39.252586+00:00,USD,Monthly Bill Payment
TXN-NORM-001537,USER_0618,USER_0619,449.76,2026-09-30T02:41:32.353162+00:00,USD,Personal Transfer
TXN-NORM-001538,USER_0237,UTILITY_CITY_WATER,269.81,2026-09-17T02:38:52.432787+00:00,USD,Monthly Bill Payment
TXN-NORM-001539,USER_1352,USER_1353,465.57,2026-09-04T16:11:20.984860+00:00,USD,Personal Transfer
TXN-NORM-001540,USER_0669,USER_0670,139.95,2026-09-23T10:17:13.398363+00:00,USD,Personal Transfer
TXN-NORM-001541,USER_0976,USER_0977,274.25,2026-09-20T15:25:04.602257+00:00,USD,Personal Transfer
TXN-NORM-001542,USER_1486,UTILITY_CITY_WATER,327.83,2026-09-24T09:00:38.022366+00:00,USD,Monthly Bill Payment
TXN-NORM-001543,USER_1570,USER_1571,456.43,2026-09-03T23:06:03.752261+00:00,USD,Personal Transfer
TXN-NORM-001544,USER_1522,USER_1523,128.18,2026-09-12T22:48:11.441023+00:00,USD,Personal Transfer
TXN-NORM-001545,USER_0531,HEALTHCARE_CLINIC_CITY,217.47,2026-09-04T06:27:38.721941+00:00,USD,Monthly Bill Payment
TXN-NORM-001546,USER_0386,USER_0387,428.87,2026-09-05T10:16:41.018982+00:00,USD,Personal Transfer
TXN-NORM-001547,USER_0779,MUNICIPAL_TAX_BOARD,86.70,2026-09-01T20:08:26.104384+00:00,USD,Monthly Bill Payment
TXN-NORM-001548,USER_0795,USER_0796,344.46,2026-09-11T03:16:58.603861+00:00,USD,Personal Transfer
TXN-NORM-001549,USER_1632,SUBSCRIPTION_STREAM_NOW,27.99,2026-09-20T12:56:31.790254+00:00,USD,Monthly Bill Payment
TXN-NORM-001550,USER_0944,UTILITY_CITY_WATER,187.45,2026-09-24T21:46:33.627173+00:00,USD,Monthly Bill Payment
TXN-NORM-001551,USER_0934,TELECOM_APEX_MOBILE,125.39,2026-09-09T16:47:35.409002+00:00,USD,Monthly Bill Payment
TXN-NORM-001552,USER_1411,GROCERY_MARKET_CENTRAL,95.10,2026-09-30T04:33:23.371915+00:00,USD,Monthly Bill Payment
TXN-NORM-001553,USER_0597,USER_0598,416.52,2026-09-12T15:47:38.748348+00:00,USD,Personal Transfer
TXN-NORM-001554,USER_0432,USER_0433,371.83,2026-09-28T02:49:46.589455+00:00,USD,Personal Transfer
TXN-NORM-001555,USER_1590,GROCERY_MARKET_CENTRAL,239.26,2026-09-15T20:08:59.212965+00:00,USD,Monthly Bill Payment
TXN-NORM-001556,USER_0327,USER_0328,343.78,2026-09-17T10:45:09.260023+00:00,USD,Personal Transfer
TXN-NORM-001557,USER_0714,USER_0715,352.74,2026-09-13T00:33:21.053498+00:00,USD,Personal Transfer
TXN-NORM-001558,USER_0400,USER_0401,171.86,2026-09-17T03:28:51.062334+00:00,USD,Personal Transfer
TXN-NORM-001559,USER_1621,HEALTHCARE_CLINIC_CITY,78.20,2026-09-24T13:57:33.845543+00:00,USD,Monthly Bill Payment
TXN-NORM-001560,USER_0282,UTILITY_CITY_WATER,286.42,2026-09-15T08:39:34.707898+00:00,USD,Monthly Bill Payment
TXN-NORM-001561,USER_0401,USER_0402,395.97,2026-09-02T03:13:54.474424+00:00,USD,Personal Transfer
TXN-NORM-001562,USER_0303,UTILITY_METRO_POWER,56.22,2026-09-29T09:23:58.625268+00:00,USD,Monthly Bill Payment
TXN-NORM-001563,USER_0971,SUBSCRIPTION_STREAM_NOW,340.16,2026-09-03T15:09:07.182589+00:00,USD,Monthly Bill Payment
TXN-NORM-001564,USER_1285,USER_1286,207.37,2026-09-08T16:42:09.618755+00:00,USD,Personal Transfer
TXN-NORM-001565,USER_0620,USER_0621,350.52,2026-09-28T21:23:12.977637+00:00,USD,Personal Transfer
TXN-NORM-001566,USER_1629,USER_1630,411.82,2026-09-04T20:19:13.050534+00:00,USD,Personal Transfer
TXN-NORM-001567,USER_0783,UTILITY_METRO_POWER,62.90,2026-09-20T09:46:46.881535+00:00,USD,Monthly Bill Payment
TXN-NORM-001568,USER_0250,MUNICIPAL_TAX_BOARD,211.22,2026-09-20T16:14:23.749346+00:00,USD,Monthly Bill Payment
TXN-NORM-001569,USER_1173,MUNICIPAL_TAX_BOARD,83.86,2026-09-21T05:45:07.790427+00:00,USD,Monthly Bill Payment
TXN-NORM-001570,USER_0992,USER_0993,75.74,2026-09-21T17:33:09.665222+00:00,USD,Personal Transfer
TXN-NORM-001571,USER_0667,GROCERY_MARKET_CENTRAL,252.74,2026-09-27T07:24:11.034272+00:00,USD,Monthly Bill Payment
TXN-NORM-001572,USER_0807,MUNICIPAL_TAX_BOARD,297.07,2026-09-17T07:39:04.856739+00:00,USD,Monthly Bill Payment
TXN-NORM-001573,USER_1104,USER_1105,380.20,2026-09-23T22:13:45.576800+00:00,USD,Personal Transfer
TXN-NORM-001574,USER_1349,USER_1350,284.04,2026-09-06T23:22:21.829423+00:00,USD,Personal Transfer
TXN-NORM-001575,USER_0644,UTILITY_CITY_WATER,53.54,2026-09-05T14:20:18.674062+00:00,USD,Monthly Bill Payment
TXN-NORM-001576,USER_0526,USER_0527,159.81,2026-09-02T20:22:22.326590+00:00,USD,Personal Transfer
TXN-NORM-001577,USER_1115,TELECOM_APEX_MOBILE,40.00,2026-09-28T23:55:05.645889+00:00,USD,Monthly Bill Payment
TXN-NORM-001578,USER_1064,USER_1065,294.88,2026-09-10T11:59:30.657750+00:00,USD,Personal Transfer
TXN-NORM-001579,USER_1424,MUNICIPAL_TAX_BOARD,190.94,2026-09-27T14:53:37.446090+00:00,USD,Monthly Bill Payment
TXN-NORM-001580,USER_1409,UTILITY_CITY_WATER,71.04,2026-09-24T21:20:48.610048+00:00,USD,Monthly Bill Payment
TXN-NORM-001581,USER_0441,USER_0442,189.15,2026-09-18T19:12:45.173544+00:00,USD,Personal Transfer
TXN-NORM-001582,USER_0264,USER_0265,200.16,2026-09-13T20:14:52.507000+00:00,USD,Personal Transfer
TXN-NORM-001583,USER_0335,SUBSCRIPTION_STREAM_NOW,330.56,2026-09-04T09:51:48.945753+00:00,USD,Monthly Bill Payment
TXN-NORM-001584,USER_0294,HEALTHCARE_CLINIC_CITY,234.81,2026-09-04T01:18:44.403426+00:00,USD,Monthly Bill Payment
TXN-NORM-001585,USER_1464,GROCERY_MARKET_CENTRAL,74.88,2026-09-20T06:58:24.605853+00:00,USD,Monthly Bill Payment
TXN-NORM-001586,USER_1614,TELECOM_APEX_MOBILE,65.50,2026-09-02T17:48:57.279701+00:00,USD,Monthly Bill Payment
TXN-NORM-001587,USER_0226,USER_0227,58.15,2026-09-13T12:26:50.644087+00:00,USD,Personal Transfer
TXN-NORM-001588,USER_0684,USER_0685,19.78,2026-09-06T02:39:56.359918+00:00,USD,Personal Transfer
TXN-NORM-001589,USER_0773,USER_0774,463.93,2026-09-08T02:02:08.074864+00:00,USD,Personal Transfer
TXN-NORM-001590,USER_0360,MUNICIPAL_TAX_BOARD,138.39,2026-09-26T18:44:34.024063+00:00,USD,Monthly Bill Payment
TXN-NORM-001591,USER_1172,USER_1173,38.26,2026-09-17T06:39:45.642697+00:00,USD,Personal Transfer
TXN-NORM-001592,USER_0652,USER_0653,374.53,2026-09-13T02:06:05.782847+00:00,USD,Personal Transfer
TXN-NORM-001593,USER_1616,MUNICIPAL_TAX_BOARD,66.46,2026-09-18T20:03:19.903649+00:00,USD,Monthly Bill Payment
TXN-NORM-001594,USER_0020,USER_0021,198.72,2026-09-21T19:07:26.018382+00:00,USD,Personal Transfer
TXN-NORM-001595,USER_1507,GROCERY_MARKET_CENTRAL,105.96,2026-09-27T20:08:18.688771+00:00,USD,Monthly Bill Payment
TXN-NORM-001596,USER_1247,GROCERY_MARKET_CENTRAL,177.32,2026-09-15T02:18:02.045344+00:00,USD,Monthly Bill Payment
TXN-NORM-001597,USER_0588,HEALTHCARE_CLINIC_CITY,303.82,2026-09-13T23:08:53.397805+00:00,USD,Monthly Bill Payment
TXN-NORM-001598,USER_0626,UTILITY_METRO_POWER,49.93,2026-09-10T13:28:31.091576+00:00,USD,Monthly Bill Payment
TXN-NORM-001599,USER_0492,USER_0493,375.55,2026-09-06T09:02:35.095944+00:00,USD,Personal Transfer
TXN-NORM-001600,USER_1135,USER_1136,343.36,2026-09-24T07:07:08.748533+00:00,USD,Personal Transfer
TXN-NORM-001601,USER_1497,UTILITY_METRO_POWER,225.29,2026-09-15T18:08:49.313408+00:00,USD,Monthly Bill Payment
TXN-NORM-001602,USER_1528,HEALTHCARE_CLINIC_CITY,239.88,2026-09-14T01:12:57.160472+00:00,USD,Monthly Bill Payment
TXN-NORM-001603,USER_1082,USER_1083,342.14,2026-09-03T11:55:41.634823+00:00,USD,Personal Transfer
TXN-NORM-001604,USER_1565,GROCERY_MARKET_CENTRAL,68.33,2026-09-08T02:29:21.311230+00:00,USD,Monthly Bill Payment
TXN-NORM-001605,USER_0724,USER_0725,196.04,2026-09-14T00:37:17.392317+00:00,USD,Personal Transfer
TXN-NORM-001606,USER_0232,TELECOM_APEX_MOBILE,182.02,2026-09-20T19:24:02.522329+00:00,USD,Monthly Bill Payment
TXN-NORM-001607,USER_0543,TELECOM_APEX_MOBILE,326.96,2026-09-22T19:47:55.284762+00:00,USD,Monthly Bill Payment
TXN-NORM-001608,USER_1317,MUNICIPAL_TAX_BOARD,300.71,2026-09-27T06:34:57.351422+00:00,USD,Monthly Bill Payment
TXN-NORM-001609,USER_0118,TELECOM_APEX_MOBILE,59.83,2026-09-19T07:52:32.595670+00:00,USD,Monthly Bill Payment
TXN-NORM-001610,USER_0717,USER_0718,64.15,2026-09-07T09:03:04.320728+00:00,USD,Personal Transfer
TXN-NORM-001611,USER_1008,UTILITY_METRO_POWER,321.76,2026-09-16T16:06:59.009753+00:00,USD,Monthly Bill Payment
TXN-NORM-001612,USER_0015,SUBSCRIPTION_STREAM_NOW,146.65,2026-09-20T08:34:54.319575+00:00,USD,Monthly Bill Payment
TXN-NORM-001613,USER_0747,SUBSCRIPTION_STREAM_NOW,238.29,2026-09-07T03:29:20.739155+00:00,USD,Monthly Bill Payment
TXN-NORM-001614,USER_0900,TELECOM_APEX_MOBILE,312.16,2026-09-12T03:15:46.135912+00:00,USD,Monthly Bill Payment
TXN-NORM-001615,USER_1453,SUBSCRIPTION_STREAM_NOW,161.84,2026-09-07T01:28:02.793491+00:00,USD,Monthly Bill Payment
TXN-NORM-001616,USER_0679,USER_0680,480.45,2026-09-06T11:14:42.902626+00:00,USD,Personal Transfer
TXN-NORM-001617,USER_0545,HEALTHCARE_CLINIC_CITY,257.15,2026-09-16T00:43:47.358515+00:00,USD,Monthly Bill Payment
TXN-NORM-001618,USER_0666,USER_0667,367.11,2026-09-24T00:26:50.356072+00:00,USD,Personal Transfer
TXN-NORM-001619,USER_1520,USER_1521,399.47,2026-09-12T16:52:22.656777+00:00,USD,Personal Transfer
TXN-NORM-001620,USER_0259,HEALTHCARE_CLINIC_CITY,294.70,2026-09-15T23:15:02.245254+00:00,USD,Monthly Bill Payment
TXN-NORM-001621,USER_0880,USER_0881,155.39,2026-09-22T20:41:03.011743+00:00,USD,Personal Transfer
TXN-NORM-001622,USER_0996,MUNICIPAL_TAX_BOARD,85.73,2026-09-13T21:23:34.378424+00:00,USD,Monthly Bill Payment
TXN-NORM-001623,USER_0576,USER_0577,413.00,2026-09-26T03:44:45.934959+00:00,USD,Personal Transfer
TXN-NORM-001624,USER_0407,HEALTHCARE_CLINIC_CITY,188.26,2026-09-23T17:14:26.101197+00:00,USD,Monthly Bill Payment
TXN-NORM-001625,USER_0372,UTILITY_METRO_POWER,68.00,2026-09-25T18:03:20.051125+00:00,USD,Monthly Bill Payment
TXN-NORM-001626,USER_0079,UTILITY_METRO_POWER,225.35,2026-09-07T06:31:55.134094+00:00,USD,Monthly Bill Payment
TXN-NORM-001627,USER_0187,USER_0188,322.16,2026-09-12T17:49:02.881928+00:00,USD,Personal Transfer
TXN-NORM-001628,USER_0474,SUBSCRIPTION_STREAM_NOW,234.26,2026-09-13T16:14:01.417796+00:00,USD,Monthly Bill Payment
TXN-NORM-001629,USER_0624,SUBSCRIPTION_STREAM_NOW,105.26,2026-09-12T08:36:02.114671+00:00,USD,Monthly Bill Payment
TXN-NORM-001630,USER_0098,TELECOM_APEX_MOBILE,178.42,2026-09-02T03:58:31.886844+00:00,USD,Monthly Bill Payment
TXN-NORM-001631,USER_1243,TELECOM_APEX_MOBILE,123.92,2026-09-07T12:33:07.917741+00:00,USD,Monthly Bill Payment
TXN-NORM-001632,USER_0199,USER_0200,189.88,2026-09-20T23:03:39.704157+00:00,USD,Personal Transfer
TXN-NORM-001633,USER_0741,USER_0742,330.37,2026-09-18T14:59:05.481820+00:00,USD,Personal Transfer
TXN-NORM-001634,USER_0431,HEALTHCARE_CLINIC_CITY,266.34,2026-09-04T06:56:35.977040+00:00,USD,Monthly Bill Payment
TXN-NORM-001635,USER_0247,HEALTHCARE_CLINIC_CITY,169.88,2026-09-28T23:59:38.002270+00:00,USD,Monthly Bill Payment
TXN-NORM-001636,USER_0203,HEALTHCARE_CLINIC_CITY,179.11,2026-09-17T09:42:21.529315+00:00,USD,Monthly Bill Payment
TXN-NORM-001637,USER_1559,UTILITY_CITY_WATER,160.92,2026-09-21T21:09:38.044237+00:00,USD,Monthly Bill Payment
TXN-NORM-001638,USER_1458,TELECOM_APEX_MOBILE,170.76,2026-09-26T16:38:22.737692+00:00,USD,Monthly Bill Payment
TXN-NORM-001639,USER_1470,MUNICIPAL_TAX_BOARD,327.68,2026-09-14T12:51:47.319896+00:00,USD,Monthly Bill Payment
TXN-NORM-001640,USER_1032,USER_1033,484.23,2026-09-06T17:54:47.142073+00:00,USD,Personal Transfer
TXN-NORM-001641,USER_0594,GROCERY_MARKET_CENTRAL,154.19,2026-09-17T19:17:38.249628+00:00,USD,Monthly Bill Payment
TXN-NORM-001642,USER_1403,SUBSCRIPTION_STREAM_NOW,268.99,2026-09-16T03:23:52.901520+00:00,USD,Monthly Bill Payment
TXN-NORM-001643,USER_0787,UTILITY_CITY_WATER,26.17,2026-09-12T22:55:33.569488+00:00,USD,Monthly Bill Payment
TXN-NORM-001644,USER_1172,HEALTHCARE_CLINIC_CITY,259.19,2026-09-21T18:27:29.575855+00:00,USD,Monthly Bill Payment
TXN-NORM-001645,USER_0531,UTILITY_METRO_POWER,80.61,2026-09-08T05:31:13.938040+00:00,USD,Monthly Bill Payment
TXN-NORM-001646,USER_0094,TELECOM_APEX_MOBILE,326.36,2026-09-10T01:45:05.774132+00:00,USD,Monthly Bill Payment
TXN-NORM-001647,USER_0554,USER_0555,116.84,2026-09-03T11:45:51.984673+00:00,USD,Personal Transfer
TXN-NORM-001648,USER_0238,UTILITY_METRO_POWER,332.59,2026-09-11T21:23:37.754936+00:00,USD,Monthly Bill Payment
TXN-NORM-001649,USER_1125,UTILITY_METRO_POWER,228.44,2026-09-05T20:11:58.778889+00:00,USD,Monthly Bill Payment
TXN-NORM-001650,USER_0022,USER_0023,139.15,2026-09-08T04:24:46.615006+00:00,USD,Personal Transfer
TXN-NORM-001651,USER_0033,HEALTHCARE_CLINIC_CITY,248.64,2026-09-29T04:32:45.460199+00:00,USD,Monthly Bill Payment
TXN-NORM-001652,USER_1340,SUBSCRIPTION_STREAM_NOW,96.71,2026-09-19T11:35:24.123643+00:00,USD,Monthly Bill Payment
TXN-NORM-001653,USER_0551,SUBSCRIPTION_STREAM_NOW,100.31,2026-09-19T19:15:52.281298+00:00,USD,Monthly Bill Payment
TXN-NORM-001654,USER_1488,SUBSCRIPTION_STREAM_NOW,83.99,2026-09-06T11:48:28.463891+00:00,USD,Monthly Bill Payment
TXN-NORM-001655,USER_0379,USER_0380,102.50,2026-09-07T07:05:25.052635+00:00,USD,Personal Transfer
TXN-NORM-001656,USER_0578,SUBSCRIPTION_STREAM_NOW,248.39,2026-09-06T12:21:25.177952+00:00,USD,Monthly Bill Payment
TXN-NORM-001657,USER_0385,HEALTHCARE_CLINIC_CITY,340.38,2026-09-04T01:07:37.689254+00:00,USD,Monthly Bill Payment
TXN-NORM-001658,USER_0206,USER_0207,63.37,2026-09-05T13:57:48.904752+00:00,USD,Personal Transfer
TXN-NORM-001659,USER_0787,UTILITY_CITY_WATER,275.29,2026-09-24T19:59:57.893193+00:00,USD,Monthly Bill Payment
TXN-NORM-001660,USER_0549,UTILITY_METRO_POWER,336.23,2026-09-19T06:19:47.682672+00:00,USD,Monthly Bill Payment
TXN-NORM-001661,USER_0218,UTILITY_CITY_WATER,181.14,2026-09-24T15:30:13.640518+00:00,USD,Monthly Bill Payment
TXN-NORM-001662,USER_1153,USER_1154,247.27,2026-09-24T20:47:07.123609+00:00,USD,Personal Transfer
TXN-NORM-001663,USER_0500,GROCERY_MARKET_CENTRAL,39.47,2026-09-21T03:48:26.830062+00:00,USD,Monthly Bill Payment
TXN-NORM-001664,USER_1116,UTILITY_METRO_POWER,321.45,2026-09-16T13:04:43.686947+00:00,USD,Monthly Bill Payment
TXN-NORM-001665,USER_0050,TELECOM_APEX_MOBILE,98.41,2026-09-12T23:08:08.978777+00:00,USD,Monthly Bill Payment
TXN-NORM-001666,USER_1402,UTILITY_CITY_WATER,347.00,2026-09-26T12:59:34.796956+00:00,USD,Monthly Bill Payment
TXN-NORM-001667,USER_0460,MUNICIPAL_TAX_BOARD,133.46,2026-09-28T20:30:11.530506+00:00,USD,Monthly Bill Payment
TXN-NORM-001668,USER_0739,USER_0740,88.28,2026-09-27T10:58:50.513219+00:00,USD,Personal Transfer
TXN-NORM-001669,USER_0878,HEALTHCARE_CLINIC_CITY,248.33,2026-09-19T00:02:59.460958+00:00,USD,Monthly Bill Payment
TXN-NORM-001670,USER_1280,USER_1281,459.37,2026-09-11T13:57:44.592649+00:00,USD,Personal Transfer
TXN-NORM-001671,USER_1356,UTILITY_METRO_POWER,305.06,2026-09-09T05:56:44.973169+00:00,USD,Monthly Bill Payment
TXN-NORM-001672,USER_0305,USER_0306,231.65,2026-09-05T23:57:21.791598+00:00,USD,Personal Transfer
TXN-NORM-001673,USER_1632,USER_0001,295.25,2026-09-15T03:52:29.073748+00:00,USD,Personal Transfer
TXN-NORM-001674,USER_1489,GROCERY_MARKET_CENTRAL,150.13,2026-09-04T10:08:47.964837+00:00,USD,Monthly Bill Payment
TXN-NORM-001675,USER_0654,GROCERY_MARKET_CENTRAL,231.90,2026-09-15T17:18:14.927088+00:00,USD,Monthly Bill Payment
TXN-NORM-001676,USER_0284,USER_0285,218.05,2026-09-20T06:41:15.889901+00:00,USD,Personal Transfer
TXN-NORM-001677,USER_1019,UTILITY_METRO_POWER,213.81,2026-09-15T18:38:45.245419+00:00,USD,Monthly Bill Payment
TXN-NORM-001678,USER_0864,UTILITY_METRO_POWER,101.44,2026-09-23T17:08:22.956200+00:00,USD,Monthly Bill Payment
TXN-NORM-001679,USER_0006,SUBSCRIPTION_STREAM_NOW,336.23,2026-09-25T22:32:30.546656+00:00,USD,Monthly Bill Payment
TXN-NORM-001680,USER_0226,SUBSCRIPTION_STREAM_NOW,71.85,2026-09-11T15:37:23.192726+00:00,USD,Monthly Bill Payment
TXN-NORM-001681,USER_1130,USER_1131,416.49,2026-09-27T11:55:50.174634+00:00,USD,Personal Transfer
TXN-NORM-001682,USER_0115,USER_0116,370.54,2026-09-05T04:18:03.952422+00:00,USD,Personal Transfer
TXN-NORM-001683,USER_1426,USER_1427,297.08,2026-09-12T05:58:47.140523+00:00,USD,Personal Transfer
TXN-NORM-001684,USER_0977,USER_0978,192.14,2026-09-26T00:25:16.982197+00:00,USD,Personal Transfer
TXN-NORM-001685,USER_0162,GROCERY_MARKET_CENTRAL,84.29,2026-09-02T14:54:18.244952+00:00,USD,Monthly Bill Payment
TXN-NORM-001686,USER_1523,SUBSCRIPTION_STREAM_NOW,259.83,2026-09-16T20:04:49.962967+00:00,USD,Monthly Bill Payment
TXN-NORM-001687,USER_0910,USER_0911,90.61,2026-09-21T12:03:14.667128+00:00,USD,Personal Transfer
TXN-NORM-001688,USER_1316,SUBSCRIPTION_STREAM_NOW,295.62,2026-09-22T21:21:30.993639+00:00,USD,Monthly Bill Payment
TXN-NORM-001689,USER_1393,USER_1394,292.45,2026-09-14T18:33:48.997725+00:00,USD,Personal Transfer
TXN-NORM-001690,USER_0627,USER_0628,486.96,2026-09-13T18:22:22.585773+00:00,USD,Personal Transfer
TXN-NORM-001691,USER_1069,MUNICIPAL_TAX_BOARD,43.20,2026-09-28T12:39:18.618938+00:00,USD,Monthly Bill Payment
TXN-NORM-001692,USER_0804,HEALTHCARE_CLINIC_CITY,177.24,2026-09-22T15:47:07.484827+00:00,USD,Monthly Bill Payment
TXN-NORM-001693,USER_0642,USER_0643,41.52,2026-09-13T12:49:17.554530+00:00,USD,Personal Transfer
TXN-NORM-001694,USER_0761,UTILITY_METRO_POWER,142.88,2026-09-07T06:53:29.769378+00:00,USD,Monthly Bill Payment
TXN-NORM-001695,USER_1595,USER_1596,277.66,2026-09-02T21:20:53.459555+00:00,USD,Personal Transfer
TXN-NORM-001696,USER_0134,MUNICIPAL_TAX_BOARD,90.56,2026-09-02T09:57:00.748663+00:00,USD,Monthly Bill Payment
TXN-NORM-001697,USER_0067,GROCERY_MARKET_CENTRAL,182.24,2026-09-04T03:56:32.466834+00:00,USD,Monthly Bill Payment
TXN-NORM-001698,USER_0099,GROCERY_MARKET_CENTRAL,116.78,2026-09-28T01:32:25.395941+00:00,USD,Monthly Bill Payment
TXN-NORM-001699,USER_0816,TELECOM_APEX_MOBILE,341.50,2026-09-11T00:44:14.691009+00:00,USD,Monthly Bill Payment
TXN-NORM-001700,USER_1440,USER_1441,406.63,2026-09-11T02:47:02.370706+00:00,USD,Personal Transfer
TXN-NORM-001701,USER_0308,GROCERY_MARKET_CENTRAL,301.91,2026-09-24T14:03:52.804724+00:00,USD,Monthly Bill Payment
TXN-NORM-001702,USER_0595,HEALTHCARE_CLINIC_CITY,55.32,2026-09-20T21:15:03.425201+00:00,USD,Monthly Bill Payment
TXN-NORM-001703,USER_1472,HEALTHCARE_CLINIC_CITY,77.34,2026-09-07T22:36:50.506779+00:00,USD,Monthly Bill Payment
TXN-NORM-001704,USER_1028,GROCERY_MARKET_CENTRAL,67.64,2026-09-22T11:49:04.825262+00:00,USD,Monthly Bill Payment
TXN-NORM-001705,USER_0596,HEALTHCARE_CLINIC_CITY,276.61,2026-09-26T03:34:44.986172+00:00,USD,Monthly Bill Payment
TXN-NORM-001706,USER_0794,MUNICIPAL_TAX_BOARD,229.03,2026-09-29T15:08:51.215398+00:00,USD,Monthly Bill Payment
TXN-NORM-001707,USER_1019,GROCERY_MARKET_CENTRAL,339.91,2026-09-02T12:59:17.992159+00:00,USD,Monthly Bill Payment
TXN-NORM-001708,USER_1601,USER_1602,97.31,2026-09-16T05:48:17.939002+00:00,USD,Personal Transfer
TXN-NORM-001709,USER_0606,UTILITY_METRO_POWER,48.12,2026-09-10T00:19:59.612515+00:00,USD,Monthly Bill Payment
TXN-NORM-001710,USER_1456,USER_1457,385.13,2026-09-09T13:23:09.728495+00:00,USD,Personal Transfer
TXN-NORM-001711,USER_0906,USER_0907,251.81,2026-09-05T19:02:36.507532+00:00,USD,Personal Transfer
TXN-NORM-001712,USER_0745,USER_0746,192.87,2026-09-13T02:20:08.032416+00:00,USD,Personal Transfer
TXN-NORM-001713,USER_1280,USER_1281,233.29,2026-09-12T17:09:05.522930+00:00,USD,Personal Transfer
TXN-NORM-001714,USER_1398,GROCERY_MARKET_CENTRAL,104.57,2026-09-29T01:40:17.607792+00:00,USD,Monthly Bill Payment
TXN-NORM-001715,USER_1149,UTILITY_CITY_WATER,210.29,2026-09-25T22:00:31.793793+00:00,USD,Monthly Bill Payment
TXN-NORM-001716,USER_0150,SUBSCRIPTION_STREAM_NOW,177.26,2026-09-26T05:06:12.441944+00:00,USD,Monthly Bill Payment
TXN-NORM-001717,USER_1096,USER_1097,369.91,2026-09-14T18:50:56.040409+00:00,USD,Personal Transfer
TXN-NORM-001718,USER_0813,USER_0814,168.88,2026-09-07T17:01:56.813394+00:00,USD,Personal Transfer
TXN-NORM-001719,USER_1238,TELECOM_APEX_MOBILE,172.74,2026-09-21T22:46:14.203701+00:00,USD,Monthly Bill Payment
TXN-NORM-001720,USER_1117,MUNICIPAL_TAX_BOARD,35.18,2026-09-15T02:25:24.965668+00:00,USD,Monthly Bill Payment
TXN-NORM-001721,USER_1232,USER_1233,223.60,2026-09-03T23:00:59.567381+00:00,USD,Personal Transfer
TXN-NORM-001722,USER_0970,HEALTHCARE_CLINIC_CITY,162.45,2026-09-07T15:48:56.295244+00:00,USD,Monthly Bill Payment
TXN-NORM-001723,USER_0517,SUBSCRIPTION_STREAM_NOW,51.56,2026-09-04T03:39:21.804170+00:00,USD,Monthly Bill Payment
TXN-NORM-001724,USER_1459,TELECOM_APEX_MOBILE,84.83,2026-09-13T17:08:44.728344+00:00,USD,Monthly Bill Payment
TXN-NORM-001725,USER_0111,TELECOM_APEX_MOBILE,78.47,2026-09-27T07:56:21.505874+00:00,USD,Monthly Bill Payment
TXN-NORM-001726,USER_0716,USER_0717,226.84,2026-09-15T09:37:46.574728+00:00,USD,Personal Transfer
TXN-NORM-001727,USER_1420,HEALTHCARE_CLINIC_CITY,242.09,2026-09-24T22:33:28.719463+00:00,USD,Monthly Bill Payment
TXN-NORM-001728,USER_1263,UTILITY_CITY_WATER,316.36,2026-09-20T16:03:23.559399+00:00,USD,Monthly Bill Payment
TXN-NORM-001729,USER_0303,MUNICIPAL_TAX_BOARD,259.74,2026-09-11T02:32:00.077536+00:00,USD,Monthly Bill Payment
TXN-NORM-001730,USER_0923,USER_0924,485.19,2026-09-26T06:05:33.702891+00:00,USD,Personal Transfer
TXN-NORM-001731,USER_0200,HEALTHCARE_CLINIC_CITY,202.48,2026-09-22T19:09:32.771354+00:00,USD,Monthly Bill Payment
TXN-NORM-001732,USER_0341,HEALTHCARE_CLINIC_CITY,212.47,2026-09-08T00:19:31.894076+00:00,USD,Monthly Bill Payment
TXN-NORM-001733,USER_0030,TELECOM_APEX_MOBILE,188.18,2026-09-12T06:56:48.357980+00:00,USD,Monthly Bill Payment
TXN-NORM-001734,USER_0256,USER_0257,214.04,2026-09-20T10:20:40.532817+00:00,USD,Personal Transfer
TXN-NORM-001735,USER_0722,USER_0723,464.28,2026-09-14T00:39:55.037289+00:00,USD,Personal Transfer
TXN-NORM-001736,USER_0940,SUBSCRIPTION_STREAM_NOW,149.01,2026-09-06T21:24:56.398387+00:00,USD,Monthly Bill Payment
TXN-NORM-001737,USER_1351,USER_1352,315.88,2026-09-14T08:04:44.745328+00:00,USD,Personal Transfer
TXN-NORM-001738,USER_0204,USER_0205,330.07,2026-09-24T08:08:26.154065+00:00,USD,Personal Transfer
TXN-NORM-001739,USER_1263,USER_1264,230.39,2026-09-04T18:29:15.536209+00:00,USD,Personal Transfer
TXN-NORM-001740,USER_1191,USER_1192,123.10,2026-09-20T21:42:55.343163+00:00,USD,Personal Transfer
TXN-NORM-001741,USER_0932,TELECOM_APEX_MOBILE,339.48,2026-09-05T13:11:11.784189+00:00,USD,Monthly Bill Payment
TXN-NORM-001742,USER_0951,TELECOM_APEX_MOBILE,279.21,2026-09-25T02:45:06.754355+00:00,USD,Monthly Bill Payment
TXN-NORM-001743,USER_1040,GROCERY_MARKET_CENTRAL,318.37,2026-09-26T14:42:05.837602+00:00,USD,Monthly Bill Payment
TXN-NORM-001744,USER_0850,USER_0851,22.53,2026-09-02T09:13:02.041421+00:00,USD,Personal Transfer
TXN-NORM-001745,USER_0315,USER_0316,97.65,2026-09-25T14:43:45.626841+00:00,USD,Personal Transfer
TXN-NORM-001746,USER_1172,USER_1173,313.89,2026-09-08T23:31:48.407918+00:00,USD,Personal Transfer
TXN-NORM-001747,USER_0806,USER_0807,470.60,2026-09-24T15:06:18.013144+00:00,USD,Personal Transfer
TXN-NORM-001748,USER_0800,USER_0801,91.85,2026-09-07T00:16:15.904335+00:00,USD,Personal Transfer
TXN-NORM-001749,USER_0474,MUNICIPAL_TAX_BOARD,279.89,2026-09-24T05:31:53.114342+00:00,USD,Monthly Bill Payment
TXN-NORM-001750,USER_1561,UTILITY_CITY_WATER,55.31,2026-09-09T04:59:00.324780+00:00,USD,Monthly Bill Payment
TXN-NORM-001751,USER_0053,MUNICIPAL_TAX_BOARD,254.96,2026-09-19T10:31:27.024833+00:00,USD,Monthly Bill Payment
TXN-NORM-001752,USER_0162,HEALTHCARE_CLINIC_CITY,230.24,2026-09-02T14:49:02.764285+00:00,USD,Monthly Bill Payment
TXN-NORM-001753,USER_0734,UTILITY_CITY_WATER,199.01,2026-09-20T05:38:45.167045+00:00,USD,Monthly Bill Payment
TXN-NORM-001754,USER_0503,USER_0504,141.33,2026-09-24T18:38:56.699265+00:00,USD,Personal Transfer
TXN-NORM-001755,USER_0106,MUNICIPAL_TAX_BOARD,306.76,2026-09-27T20:07:35.489538+00:00,USD,Monthly Bill Payment
TXN-NORM-001756,USER_0228,TELECOM_APEX_MOBILE,110.15,2026-09-18T11:33:39.305921+00:00,USD,Monthly Bill Payment
TXN-NORM-001757,USER_0370,GROCERY_MARKET_CENTRAL,92.59,2026-09-16T00:18:47.350572+00:00,USD,Monthly Bill Payment
TXN-NORM-001758,USER_0207,HEALTHCARE_CLINIC_CITY,49.80,2026-09-02T10:37:08.589770+00:00,USD,Monthly Bill Payment
TXN-NORM-001759,USER_1408,UTILITY_CITY_WATER,83.44,2026-09-27T04:00:07.824357+00:00,USD,Monthly Bill Payment
TXN-NORM-001760,USER_0021,USER_0022,488.32,2026-09-20T04:13:45.421403+00:00,USD,Personal Transfer
TXN-NORM-001761,USER_0711,MUNICIPAL_TAX_BOARD,266.05,2026-09-18T20:42:15.884168+00:00,USD,Monthly Bill Payment
TXN-NORM-001762,USER_0250,MUNICIPAL_TAX_BOARD,272.31,2026-09-02T13:44:24.686027+00:00,USD,Monthly Bill Payment
TXN-NORM-001763,USER_0443,USER_0444,173.86,2026-09-05T04:16:44.462895+00:00,USD,Personal Transfer
TXN-NORM-001764,USER_0451,TELECOM_APEX_MOBILE,181.51,2026-09-21T04:46:47.449357+00:00,USD,Monthly Bill Payment
TXN-NORM-001765,USER_0189,HEALTHCARE_CLINIC_CITY,287.93,2026-09-17T12:09:56.883345+00:00,USD,Monthly Bill Payment
TXN-NORM-001766,USER_0894,UTILITY_CITY_WATER,89.31,2026-09-13T03:28:04.553018+00:00,USD,Monthly Bill Payment
TXN-NORM-001767,USER_1470,GROCERY_MARKET_CENTRAL,91.90,2026-09-13T01:36:10.460868+00:00,USD,Monthly Bill Payment
TXN-NORM-001768,USER_1479,HEALTHCARE_CLINIC_CITY,113.29,2026-09-26T22:11:40.573764+00:00,USD,Monthly Bill Payment
TXN-NORM-001769,USER_0653,MUNICIPAL_TAX_BOARD,139.70,2026-09-19T05:14:42.602347+00:00,USD,Monthly Bill Payment
TXN-NORM-001770,USER_1296,USER_1297,137.74,2026-09-14T07:51:13.821537+00:00,USD,Personal Transfer
TXN-NORM-001771,USER_0840,UTILITY_METRO_POWER,62.26,2026-09-25T06:21:57.213298+00:00,USD,Monthly Bill Payment
TXN-NORM-001772,USER_0661,UTILITY_CITY_WATER,238.51,2026-09-07T04:57:19.001200+00:00,USD,Monthly Bill Payment
TXN-NORM-001773,USER_0762,HEALTHCARE_CLINIC_CITY,28.54,2026-09-10T12:17:27.570434+00:00,USD,Monthly Bill Payment
TXN-NORM-001774,USER_0674,UTILITY_CITY_WATER,207.53,2026-09-18T00:19:38.681573+00:00,USD,Monthly Bill Payment
TXN-NORM-001775,USER_0790,MUNICIPAL_TAX_BOARD,115.37,2026-09-07T21:34:20.964718+00:00,USD,Monthly Bill Payment
TXN-NORM-001776,USER_1245,USER_1246,447.94,2026-09-24T08:39:10.014912+00:00,USD,Personal Transfer
TXN-NORM-001777,USER_0864,USER_0865,110.60,2026-09-14T07:00:49.129829+00:00,USD,Personal Transfer
TXN-NORM-001778,USER_1012,UTILITY_METRO_POWER,172.16,2026-09-29T21:35:40.462132+00:00,USD,Monthly Bill Payment
TXN-NORM-001779,USER_1232,UTILITY_METRO_POWER,234.19,2026-09-12T10:03:41.018999+00:00,USD,Monthly Bill Payment
TXN-NORM-001780,USER_1180,USER_1181,423.20,2026-09-27T12:58:10.495895+00:00,USD,Personal Transfer
TXN-NORM-001781,USER_0825,HEALTHCARE_CLINIC_CITY,30.29,2026-09-16T15:57:34.233343+00:00,USD,Monthly Bill Payment
TXN-NORM-001782,USER_0963,TELECOM_APEX_MOBILE,269.95,2026-09-24T12:02:46.417331+00:00,USD,Monthly Bill Payment
TXN-NORM-001783,USER_0820,UTILITY_METRO_POWER,152.83,2026-09-23T23:43:52.161680+00:00,USD,Monthly Bill Payment
TXN-NORM-001784,USER_1427,USER_1428,196.34,2026-09-15T15:37:17.533000+00:00,USD,Personal Transfer
TXN-NORM-001785,USER_1266,UTILITY_METRO_POWER,347.90,2026-09-07T23:32:00.048624+00:00,USD,Monthly Bill Payment
TXN-NORM-001786,USER_1409,USER_1410,366.19,2026-09-08T03:09:29.178732+00:00,USD,Personal Transfer
TXN-NORM-001787,USER_0756,USER_0757,348.80,2026-09-16T18:19:56.702605+00:00,USD,Personal Transfer
TXN-NORM-001788,USER_0108,TELECOM_APEX_MOBILE,49.39,2026-09-23T18:02:54.694055+00:00,USD,Monthly Bill Payment
TXN-NORM-001789,USER_0675,USER_0676,353.85,2026-09-24T07:45:26.382753+00:00,USD,Personal Transfer
TXN-NORM-001790,USER_0283,UTILITY_CITY_WATER,269.74,2026-09-05T12:36:09.566096+00:00,USD,Monthly Bill Payment
TXN-NORM-001791,USER_0847,SUBSCRIPTION_STREAM_NOW,239.91,2026-09-20T16:27:01.165998+00:00,USD,Monthly Bill Payment
TXN-NORM-001792,USER_0575,TELECOM_APEX_MOBILE,274.02,2026-09-22T09:52:12.923391+00:00,USD,Monthly Bill Payment
TXN-NORM-001793,USER_1457,HEALTHCARE_CLINIC_CITY,263.96,2026-09-17T15:04:54.483812+00:00,USD,Monthly Bill Payment
TXN-NORM-001794,USER_0422,USER_0423,118.05,2026-09-04T10:46:00.090824+00:00,USD,Personal Transfer
TXN-NORM-001795,USER_1374,UTILITY_METRO_POWER,135.65,2026-09-24T19:59:30.946976+00:00,USD,Monthly Bill Payment
TXN-NORM-001796,USER_1210,USER_1211,473.02,2026-09-16T12:19:32.633511+00:00,USD,Personal Transfer
TXN-NORM-001797,USER_1452,UTILITY_CITY_WATER,96.11,2026-09-06T04:29:03.649005+00:00,USD,Monthly Bill Payment
TXN-NORM-001798,USER_0745,SUBSCRIPTION_STREAM_NOW,86.08,2026-09-14T15:09:54.226049+00:00,USD,Monthly Bill Payment
TXN-NORM-001799,USER_0570,SUBSCRIPTION_STREAM_NOW,309.76,2026-09-21T00:04:25.368664+00:00,USD,Monthly Bill Payment
TXN-NORM-001800,USER_1526,TELECOM_APEX_MOBILE,34.29,2026-09-02T18:41:26.211627+00:00,USD,Monthly Bill Payment
TXN-NORM-001801,USER_1356,MUNICIPAL_TAX_BOARD,52.32,2026-09-11T17:03:13.041557+00:00,USD,Monthly Bill Payment
TXN-NORM-001802,USER_0884,TELECOM_APEX_MOBILE,42.28,2026-09-13T08:42:58.762600+00:00,USD,Monthly Bill Payment
TXN-NORM-001803,USER_0559,SUBSCRIPTION_STREAM_NOW,88.03,2026-09-03T15:04:01.421311+00:00,USD,Monthly Bill Payment
TXN-NORM-001804,USER_0388,SUBSCRIPTION_STREAM_NOW,60.48,2026-09-18T22:43:31.155709+00:00,USD,Monthly Bill Payment
TXN-NORM-001805,USER_0103,UTILITY_METRO_POWER,315.89,2026-09-28T18:38:38.862833+00:00,USD,Monthly Bill Payment
TXN-NORM-001806,USER_1179,UTILITY_CITY_WATER,311.85,2026-09-03T16:46:29.074589+00:00,USD,Monthly Bill Payment
TXN-NORM-001807,USER_1433,USER_1434,370.95,2026-09-12T19:03:17.964860+00:00,USD,Personal Transfer
TXN-NORM-001808,USER_1417,HEALTHCARE_CLINIC_CITY,118.60,2026-09-07T17:30:25.150577+00:00,USD,Monthly Bill Payment
TXN-NORM-001809,USER_1222,HEALTHCARE_CLINIC_CITY,227.19,2026-09-02T01:00:49.297654+00:00,USD,Monthly Bill Payment
TXN-NORM-001810,USER_1514,TELECOM_APEX_MOBILE,246.47,2026-09-27T07:40:17.051528+00:00,USD,Monthly Bill Payment
TXN-NORM-001811,USER_0342,HEALTHCARE_CLINIC_CITY,179.25,2026-09-26T23:57:08.751448+00:00,USD,Monthly Bill Payment
TXN-NORM-001812,USER_0685,HEALTHCARE_CLINIC_CITY,272.08,2026-09-29T00:00:19.406007+00:00,USD,Monthly Bill Payment
TXN-NORM-001813,USER_0020,GROCERY_MARKET_CENTRAL,105.44,2026-09-28T19:07:18.032633+00:00,USD,Monthly Bill Payment
TXN-NORM-001814,USER_0225,UTILITY_CITY_WATER,195.71,2026-09-02T14:55:41.618989+00:00,USD,Monthly Bill Payment
TXN-NORM-001815,USER_0343,USER_0344,404.89,2026-09-23T11:49:42.435199+00:00,USD,Personal Transfer
TXN-NORM-001816,USER_0688,SUBSCRIPTION_STREAM_NOW,107.40,2026-09-22T14:07:55.656286+00:00,USD,Monthly Bill Payment
TXN-NORM-001817,USER_0940,MUNICIPAL_TAX_BOARD,276.72,2026-09-12T00:28:07.041987+00:00,USD,Monthly Bill Payment
TXN-NORM-001818,USER_1221,SUBSCRIPTION_STREAM_NOW,303.29,2026-09-09T06:18:00.409498+00:00,USD,Monthly Bill Payment
TXN-NORM-001819,USER_1351,USER_1352,295.13,2026-09-11T16:49:38.544996+00:00,USD,Personal Transfer
TXN-NORM-001820,USER_1426,USER_1427,461.51,2026-09-11T20:16:03.302937+00:00,USD,Personal Transfer
TXN-NORM-001821,USER_0774,MUNICIPAL_TAX_BOARD,81.86,2026-09-29T06:48:02.529572+00:00,USD,Monthly Bill Payment
TXN-NORM-001822,USER_1391,TELECOM_APEX_MOBILE,86.94,2026-09-11T12:27:07.034997+00:00,USD,Monthly Bill Payment
TXN-NORM-001823,USER_1187,GROCERY_MARKET_CENTRAL,172.88,2026-09-11T10:42:23.641574+00:00,USD,Monthly Bill Payment
TXN-NORM-001824,USER_1624,USER_1625,464.71,2026-09-09T19:02:06.074658+00:00,USD,Personal Transfer
TXN-NORM-001825,USER_0302,MUNICIPAL_TAX_BOARD,240.90,2026-09-06T07:38:33.009272+00:00,USD,Monthly Bill Payment
TXN-NORM-001826,USER_0622,SUBSCRIPTION_STREAM_NOW,38.31,2026-09-03T21:40:01.931893+00:00,USD,Monthly Bill Payment
TXN-NORM-001827,USER_0580,USER_0581,17.47,2026-09-05T19:22:09.319851+00:00,USD,Personal Transfer
TXN-NORM-001828,USER_0722,USER_0723,184.86,2026-09-02T01:57:46.883900+00:00,USD,Personal Transfer
TXN-NORM-001829,USER_0581,USER_0582,360.90,2026-09-15T21:37:04.816015+00:00,USD,Personal Transfer
TXN-NORM-001830,USER_0293,USER_0294,121.15,2026-09-07T07:25:43.233110+00:00,USD,Personal Transfer
TXN-NORM-001831,USER_0970,USER_0971,208.57,2026-09-09T04:23:54.984685+00:00,USD,Personal Transfer
TXN-NORM-001832,USER_0201,USER_0202,288.50,2026-09-27T18:44:43.159399+00:00,USD,Personal Transfer
TXN-NORM-001833,USER_1391,USER_1392,387.32,2026-09-24T08:43:46.854993+00:00,USD,Personal Transfer
TXN-NORM-001834,USER_0513,UTILITY_METRO_POWER,121.63,2026-09-17T13:51:54.283226+00:00,USD,Monthly Bill Payment
TXN-NORM-001835,USER_1287,UTILITY_CITY_WATER,196.14,2026-09-07T09:17:09.624224+00:00,USD,Monthly Bill Payment
TXN-NORM-001836,USER_1422,TELECOM_APEX_MOBILE,163.99,2026-09-28T06:52:43.886178+00:00,USD,Monthly Bill Payment
TXN-NORM-001837,USER_0862,USER_0863,219.15,2026-09-14T15:05:32.715665+00:00,USD,Personal Transfer
TXN-NORM-001838,USER_1548,MUNICIPAL_TAX_BOARD,146.26,2026-09-27T08:14:33.402502+00:00,USD,Monthly Bill Payment
TXN-NORM-001839,USER_1272,GROCERY_MARKET_CENTRAL,299.66,2026-09-17T21:09:31.508697+00:00,USD,Monthly Bill Payment
TXN-NORM-001840,USER_0258,UTILITY_METRO_POWER,52.51,2026-09-02T12:16:09.692410+00:00,USD,Monthly Bill Payment
TXN-NORM-001841,USER_0554,USER_0555,62.24,2026-09-20T07:11:34.589737+00:00,USD,Personal Transfer
TXN-NORM-001842,USER_0596,HEALTHCARE_CLINIC_CITY,215.00,2026-09-21T00:56:15.626778+00:00,USD,Monthly Bill Payment
TXN-NORM-001843,USER_1047,USER_1048,84.91,2026-09-03T11:27:08.533506+00:00,USD,Personal Transfer
TXN-NORM-001844,USER_1517,USER_1518,319.70,2026-09-05T17:03:07.013500+00:00,USD,Personal Transfer
TXN-NORM-001845,USER_1473,USER_1474,348.57,2026-09-02T13:22:10.041990+00:00,USD,Personal Transfer
TXN-NORM-001846,USER_0235,UTILITY_METRO_POWER,105.34,2026-09-06T03:24:48.917600+00:00,USD,Monthly Bill Payment
TXN-NORM-001847,USER_0213,UTILITY_METRO_POWER,325.96,2026-09-25T13:24:37.077442+00:00,USD,Monthly Bill Payment
TXN-NORM-001848,USER_0615,GROCERY_MARKET_CENTRAL,202.68,2026-09-29T11:17:48.311821+00:00,USD,Monthly Bill Payment
TXN-NORM-001849,USER_1255,USER_1256,85.93,2026-09-25T20:14:47.685354+00:00,USD,Personal Transfer
TXN-NORM-001850,USER_0045,MUNICIPAL_TAX_BOARD,266.04,2026-09-24T20:40:04.130285+00:00,USD,Monthly Bill Payment
TXN-NORM-001851,USER_1120,UTILITY_METRO_POWER,336.70,2026-09-15T12:49:13.241467+00:00,USD,Monthly Bill Payment
TXN-NORM-001852,USER_1010,GROCERY_MARKET_CENTRAL,59.88,2026-09-09T22:23:41.151576+00:00,USD,Monthly Bill Payment
TXN-NORM-001853,USER_0854,USER_0855,73.26,2026-09-06T06:05:44.310660+00:00,USD,Personal Transfer
TXN-NORM-001854,USER_0798,TELECOM_APEX_MOBILE,337.91,2026-09-10T18:09:44.929873+00:00,USD,Monthly Bill Payment
TXN-NORM-001855,USER_0959,USER_0960,188.51,2026-09-14T12:28:40.600722+00:00,USD,Personal Transfer
TXN-NORM-001856,USER_1031,UTILITY_METRO_POWER,81.71,2026-09-27T10:16:52.190590+00:00,USD,Monthly Bill Payment
TXN-NORM-001857,USER_0311,HEALTHCARE_CLINIC_CITY,304.07,2026-09-22T05:27:56.709724+00:00,USD,Monthly Bill Payment
TXN-NORM-001858,USER_0287,SUBSCRIPTION_STREAM_NOW,47.17,2026-09-23T10:01:31.344483+00:00,USD,Monthly Bill Payment
TXN-NORM-001859,USER_1322,HEALTHCARE_CLINIC_CITY,326.41,2026-09-28T19:31:36.604089+00:00,USD,Monthly Bill Payment
TXN-NORM-001860,USER_1589,USER_1590,478.27,2026-09-09T09:35:39.869141+00:00,USD,Personal Transfer
TXN-NORM-001861,USER_0713,UTILITY_METRO_POWER,301.91,2026-09-24T23:07:30.642449+00:00,USD,Monthly Bill Payment
TXN-NORM-001862,USER_0326,HEALTHCARE_CLINIC_CITY,179.83,2026-09-20T22:50:31.487179+00:00,USD,Monthly Bill Payment
TXN-NORM-001863,USER_1557,UTILITY_CITY_WATER,261.65,2026-09-23T13:15:33.573849+00:00,USD,Monthly Bill Payment
TXN-NORM-001864,USER_0787,USER_0788,311.77,2026-09-13T12:43:10.567976+00:00,USD,Personal Transfer
TXN-NORM-001865,USER_0235,TELECOM_APEX_MOBILE,222.12,2026-09-23T06:21:23.173964+00:00,USD,Monthly Bill Payment
TXN-NORM-001866,USER_0061,USER_0062,79.61,2026-09-11T06:50:53.556306+00:00,USD,Personal Transfer
TXN-NORM-001867,USER_1306,SUBSCRIPTION_STREAM_NOW,245.63,2026-09-07T15:39:31.823948+00:00,USD,Monthly Bill Payment
TXN-NORM-001868,USER_0462,MUNICIPAL_TAX_BOARD,32.88,2026-09-06T12:01:06.662886+00:00,USD,Monthly Bill Payment
TXN-NORM-001869,USER_1370,UTILITY_METRO_POWER,141.86,2026-09-02T20:36:25.066294+00:00,USD,Monthly Bill Payment
TXN-NORM-001870,USER_0836,HEALTHCARE_CLINIC_CITY,262.24,2026-09-26T06:26:47.805274+00:00,USD,Monthly Bill Payment
TXN-NORM-001871,USER_1492,GROCERY_MARKET_CENTRAL,178.96,2026-09-15T20:14:20.739480+00:00,USD,Monthly Bill Payment
TXN-NORM-001872,USER_0722,UTILITY_METRO_POWER,167.64,2026-09-27T00:43:35.239376+00:00,USD,Monthly Bill Payment
TXN-NORM-001873,USER_1281,GROCERY_MARKET_CENTRAL,193.11,2026-09-03T18:59:10.643314+00:00,USD,Monthly Bill Payment
TXN-NORM-001874,USER_0207,UTILITY_CITY_WATER,291.93,2026-09-08T13:48:31.269531+00:00,USD,Monthly Bill Payment
TXN-NORM-001875,USER_0594,USER_0595,438.13,2026-09-09T04:47:31.025565+00:00,USD,Personal Transfer
TXN-NORM-001876,USER_0324,USER_0325,266.11,2026-09-04T03:22:14.741241+00:00,USD,Personal Transfer
TXN-NORM-001877,USER_1252,HEALTHCARE_CLINIC_CITY,314.84,2026-09-12T22:17:02.941464+00:00,USD,Monthly Bill Payment
TXN-NORM-001878,USER_1194,UTILITY_METRO_POWER,35.49,2026-09-27T16:22:06.862143+00:00,USD,Monthly Bill Payment
TXN-NORM-001879,USER_0864,UTILITY_CITY_WATER,202.80,2026-09-11T02:32:31.744658+00:00,USD,Monthly Bill Payment
TXN-NORM-001880,USER_1503,SUBSCRIPTION_STREAM_NOW,48.70,2026-09-22T21:46:04.996581+00:00,USD,Monthly Bill Payment
TXN-NORM-001881,USER_1155,USER_1156,490.81,2026-09-21T09:33:22.632148+00:00,USD,Personal Transfer
TXN-NORM-001882,USER_0853,MUNICIPAL_TAX_BOARD,180.60,2026-09-18T22:25:05.650460+00:00,USD,Monthly Bill Payment
TXN-NORM-001883,USER_0266,MUNICIPAL_TAX_BOARD,98.20,2026-09-02T22:51:59.129636+00:00,USD,Monthly Bill Payment
TXN-NORM-001884,USER_0718,UTILITY_METRO_POWER,33.56,2026-09-10T11:35:08.141566+00:00,USD,Monthly Bill Payment
TXN-NORM-001885,USER_1602,USER_1603,346.54,2026-09-17T03:48:27.069361+00:00,USD,Personal Transfer
TXN-NORM-001886,USER_0038,UTILITY_CITY_WATER,164.66,2026-09-03T17:02:47.605048+00:00,USD,Monthly Bill Payment
TXN-NORM-001887,USER_0875,MUNICIPAL_TAX_BOARD,344.32,2026-09-05T02:44:40.237496+00:00,USD,Monthly Bill Payment
TXN-NORM-001888,USER_0754,UTILITY_CITY_WATER,54.90,2026-09-11T08:24:24.935883+00:00,USD,Monthly Bill Payment
TXN-NORM-001889,USER_0021,UTILITY_METRO_POWER,308.81,2026-09-22T15:45:34.997590+00:00,USD,Monthly Bill Payment
TXN-NORM-001890,USER_0512,USER_0513,102.59,2026-09-04T01:09:57.041082+00:00,USD,Personal Transfer
TXN-NORM-001891,USER_0090,UTILITY_CITY_WATER,221.99,2026-09-18T20:04:39.945726+00:00,USD,Monthly Bill Payment
TXN-NORM-001892,USER_0981,USER_0982,470.11,2026-09-20T03:19:10.273768+00:00,USD,Personal Transfer
TXN-NORM-001893,USER_0422,GROCERY_MARKET_CENTRAL,96.59,2026-09-22T17:39:08.615552+00:00,USD,Monthly Bill Payment
TXN-NORM-001894,USER_1461,HEALTHCARE_CLINIC_CITY,104.37,2026-09-12T09:00:55.542534+00:00,USD,Monthly Bill Payment
TXN-NORM-001895,USER_0548,TELECOM_APEX_MOBILE,317.64,2026-09-16T22:59:03.405398+00:00,USD,Monthly Bill Payment
TXN-NORM-001896,USER_1445,USER_1446,457.34,2026-09-15T09:10:52.823428+00:00,USD,Personal Transfer
TXN-NORM-001897,USER_1067,TELECOM_APEX_MOBILE,260.60,2026-09-22T16:17:55.336293+00:00,USD,Monthly Bill Payment
TXN-NORM-001898,USER_1614,GROCERY_MARKET_CENTRAL,172.47,2026-09-29T14:53:30.008443+00:00,USD,Monthly Bill Payment
TXN-NORM-001899,USER_0234,MUNICIPAL_TAX_BOARD,149.86,2026-09-25T09:41:12.088850+00:00,USD,Monthly Bill Payment
TXN-NORM-001900,USER_0174,UTILITY_METRO_POWER,305.40,2026-09-26T02:08:22.474759+00:00,USD,Monthly Bill Payment
TXN-NORM-001901,USER_0788,HEALTHCARE_CLINIC_CITY,165.10,2026-09-08T11:52:26.459109+00:00,USD,Monthly Bill Payment
TXN-NORM-001902,USER_0108,USER_0109,27.61,2026-09-03T02:20:45.231105+00:00,USD,Personal Transfer
TXN-NORM-001903,USER_1247,USER_1248,380.36,2026-09-11T11:22:54.377789+00:00,USD,Personal Transfer
TXN-NORM-001904,USER_0444,USER_0445,222.36,2026-09-11T19:36:46.896647+00:00,USD,Personal Transfer
TXN-NORM-001905,USER_1494,USER_1495,203.23,2026-09-22T20:47:27.077325+00:00,USD,Personal Transfer
TXN-NORM-001906,USER_1478,USER_1479,292.71,2026-09-10T08:18:19.481948+00:00,USD,Personal Transfer
TXN-NORM-001907,USER_1164,USER_1165,376.63,2026-09-09T12:02:48.364178+00:00,USD,Personal Transfer
TXN-NORM-001908,USER_0488,UTILITY_CITY_WATER,275.69,2026-09-02T11:39:00.529560+00:00,USD,Monthly Bill Payment
TXN-NORM-001909,USER_0606,TELECOM_APEX_MOBILE,239.25,2026-09-13T02:00:29.877805+00:00,USD,Monthly Bill Payment
TXN-NORM-001910,USER_1603,USER_1604,163.84,2026-09-23T06:09:21.145604+00:00,USD,Personal Transfer
TXN-NORM-001911,USER_1354,SUBSCRIPTION_STREAM_NOW,30.61,2026-09-09T07:59:15.412226+00:00,USD,Monthly Bill Payment
TXN-NORM-001912,USER_0019,GROCERY_MARKET_CENTRAL,205.90,2026-09-29T07:49:24.933649+00:00,USD,Monthly Bill Payment
TXN-NORM-001913,USER_0837,MUNICIPAL_TAX_BOARD,204.22,2026-09-28T06:59:36.309004+00:00,USD,Monthly Bill Payment
TXN-NORM-001914,USER_0132,GROCERY_MARKET_CENTRAL,185.85,2026-09-09T06:25:41.253665+00:00,USD,Monthly Bill Payment
TXN-NORM-001915,USER_0466,UTILITY_METRO_POWER,237.75,2026-09-05T20:59:55.567737+00:00,USD,Monthly Bill Payment
TXN-NORM-001916,USER_0378,USER_0379,283.40,2026-09-26T03:40:16.288309+00:00,USD,Personal Transfer
TXN-NORM-001917,USER_0467,UTILITY_METRO_POWER,245.48,2026-09-22T00:07:44.596430+00:00,USD,Monthly Bill Payment
TXN-NORM-001918,USER_0724,UTILITY_METRO_POWER,50.18,2026-09-03T06:43:11.741653+00:00,USD,Monthly Bill Payment
TXN-NORM-001919,USER_0909,MUNICIPAL_TAX_BOARD,145.69,2026-09-04T03:35:38.414455+00:00,USD,Monthly Bill Payment
TXN-NORM-001920,USER_1395,UTILITY_METRO_POWER,131.13,2026-09-20T00:21:27.192341+00:00,USD,Monthly Bill Payment
TXN-NORM-001921,USER_1615,TELECOM_APEX_MOBILE,227.12,2026-09-29T09:49:34.233311+00:00,USD,Monthly Bill Payment
TXN-NORM-001922,USER_0329,MUNICIPAL_TAX_BOARD,33.30,2026-09-10T01:08:05.934055+00:00,USD,Monthly Bill Payment
TXN-NORM-001923,USER_1248,SUBSCRIPTION_STREAM_NOW,294.99,2026-09-10T22:16:20.234832+00:00,USD,Monthly Bill Payment
TXN-NORM-001924,USER_0067,USER_0068,479.93,2026-09-05T23:57:24.035010+00:00,USD,Personal Transfer
TXN-NORM-001925,USER_0460,HEALTHCARE_CLINIC_CITY,64.40,2026-09-30T03:06:08.028870+00:00,USD,Monthly Bill Payment
TXN-NORM-001926,USER_1081,USER_1082,145.55,2026-09-19T06:14:55.821691+00:00,USD,Personal Transfer
TXN-NORM-001927,USER_1179,GROCERY_MARKET_CENTRAL,342.68,2026-09-08T20:39:06.535151+00:00,USD,Monthly Bill Payment
TXN-NORM-001928,USER_0473,UTILITY_CITY_WATER,169.63,2026-09-22T18:07:12.738702+00:00,USD,Monthly Bill Payment
TXN-NORM-001929,USER_0840,TELECOM_APEX_MOBILE,237.33,2026-09-11T16:03:20.019960+00:00,USD,Monthly Bill Payment
TXN-NORM-001930,USER_1240,GROCERY_MARKET_CENTRAL,293.70,2026-09-23T23:30:33.311868+00:00,USD,Monthly Bill Payment
TXN-NORM-001931,USER_0257,USER_0258,298.61,2026-09-09T03:07:52.039981+00:00,USD,Personal Transfer
TXN-NORM-001932,USER_0283,UTILITY_METRO_POWER,51.49,2026-09-24T08:38:18.516364+00:00,USD,Monthly Bill Payment
TXN-NORM-001933,USER_0863,GROCERY_MARKET_CENTRAL,89.38,2026-09-06T12:26:03.668971+00:00,USD,Monthly Bill Payment
TXN-NORM-001934,USER_0369,USER_0370,142.74,2026-09-02T07:13:13.213232+00:00,USD,Personal Transfer
TXN-NORM-001935,USER_1136,USER_1137,436.69,2026-09-14T23:09:06.369326+00:00,USD,Personal Transfer
TXN-NORM-001936,USER_0884,MUNICIPAL_TAX_BOARD,306.74,2026-09-06T11:18:48.370376+00:00,USD,Monthly Bill Payment
TXN-NORM-001937,USER_0795,USER_0796,285.12,2026-09-12T03:25:04.774554+00:00,USD,Personal Transfer
TXN-NORM-001938,USER_1459,MUNICIPAL_TAX_BOARD,225.40,2026-09-11T13:32:36.599482+00:00,USD,Monthly Bill Payment
TXN-NORM-001939,USER_1480,SUBSCRIPTION_STREAM_NOW,230.02,2026-09-22T19:31:57.398943+00:00,USD,Monthly Bill Payment
TXN-NORM-001940,USER_1517,USER_1518,80.28,2026-09-10T10:50:33.654324+00:00,USD,Personal Transfer
TXN-NORM-001941,USER_0376,USER_0377,449.37,2026-09-18T06:19:05.249154+00:00,USD,Personal Transfer
TXN-NORM-001942,USER_1216,TELECOM_APEX_MOBILE,167.54,2026-09-21T03:02:53.477502+00:00,USD,Monthly Bill Payment
TXN-NORM-001943,USER_1042,USER_1043,159.21,2026-09-09T15:39:08.411474+00:00,USD,Personal Transfer
TXN-NORM-001944,USER_0699,TELECOM_APEX_MOBILE,149.82,2026-09-16T17:20:13.015831+00:00,USD,Monthly Bill Payment
TXN-NORM-001945,USER_1551,MUNICIPAL_TAX_BOARD,115.43,2026-09-05T23:44:03.901493+00:00,USD,Monthly Bill Payment
TXN-NORM-001946,USER_1261,TELECOM_APEX_MOBILE,114.00,2026-09-11T15:05:57.445851+00:00,USD,Monthly Bill Payment
TXN-NORM-001947,USER_0899,GROCERY_MARKET_CENTRAL,59.49,2026-09-06T19:24:37.879567+00:00,USD,Monthly Bill Payment
TXN-NORM-001948,USER_0475,USER_0476,421.81,2026-09-05T22:23:56.493316+00:00,USD,Personal Transfer
TXN-NORM-001949,USER_1546,MUNICIPAL_TAX_BOARD,199.82,2026-09-18T12:01:58.709752+00:00,USD,Monthly Bill Payment
TXN-NORM-001950,USER_0400,UTILITY_CITY_WATER,116.60,2026-09-24T23:13:42.034636+00:00,USD,Monthly Bill Payment
TXN-NORM-001951,USER_1170,SUBSCRIPTION_STREAM_NOW,120.86,2026-09-14T08:08:16.573670+00:00,USD,Monthly Bill Payment
TXN-NORM-001952,USER_0225,USER_0226,446.11,2026-09-27T12:21:07.388321+00:00,USD,Personal Transfer
TXN-NORM-001953,USER_1011,HEALTHCARE_CLINIC_CITY,62.85,2026-09-26T05:02:15.752310+00:00,USD,Monthly Bill Payment
TXN-NORM-001954,USER_0725,USER_0726,51.06,2026-09-22T19:32:05.655563+00:00,USD,Personal Transfer
TXN-NORM-001955,USER_0321,HEALTHCARE_CLINIC_CITY,127.31,2026-09-09T13:01:54.972515+00:00,USD,Monthly Bill Payment
TXN-NORM-001956,USER_0079,GROCERY_MARKET_CENTRAL,206.41,2026-09-28T03:54:49.007610+00:00,USD,Monthly Bill Payment
TXN-NORM-001957,USER_1283,UTILITY_CITY_WATER,215.56,2026-09-19T10:30:33.463047+00:00,USD,Monthly Bill Payment
TXN-NORM-001958,USER_0451,USER_0452,409.73,2026-09-09T07:33:07.932948+00:00,USD,Personal Transfer
TXN-NORM-001959,USER_1503,GROCERY_MARKET_CENTRAL,260.07,2026-09-05T12:11:52.350924+00:00,USD,Monthly Bill Payment
TXN-NORM-001960,USER_0439,UTILITY_CITY_WATER,37.61,2026-09-03T21:11:17.320705+00:00,USD,Monthly Bill Payment
TXN-NORM-001961,USER_1409,TELECOM_APEX_MOBILE,182.38,2026-09-12T15:42:32.416467+00:00,USD,Monthly Bill Payment
TXN-NORM-001962,USER_1346,USER_1347,156.68,2026-09-26T13:10:05.675465+00:00,USD,Personal Transfer
TXN-NORM-001963,USER_0994,SUBSCRIPTION_STREAM_NOW,121.01,2026-09-19T18:49:59.086174+00:00,USD,Monthly Bill Payment
TXN-NORM-001964,USER_0449,SUBSCRIPTION_STREAM_NOW,130.75,2026-09-26T16:40:50.707211+00:00,USD,Monthly Bill Payment
TXN-NORM-001965,USER_1357,UTILITY_METRO_POWER,137.96,2026-09-07T02:04:47.270035+00:00,USD,Monthly Bill Payment
TXN-NORM-001966,USER_0816,USER_0817,405.29,2026-09-23T23:20:26.354750+00:00,USD,Personal Transfer
TXN-NORM-001967,USER_1002,TELECOM_APEX_MOBILE,189.93,2026-09-20T21:51:49.698427+00:00,USD,Monthly Bill Payment
TXN-NORM-001968,USER_1604,HEALTHCARE_CLINIC_CITY,128.23,2026-09-17T20:09:14.982490+00:00,USD,Monthly Bill Payment
TXN-NORM-001969,USER_0802,USER_0803,41.50,2026-09-13T23:04:48.378010+00:00,USD,Personal Transfer
TXN-NORM-001970,USER_0995,USER_0996,232.10,2026-09-11T06:16:28.463206+00:00,USD,Personal Transfer
TXN-NORM-001971,USER_0454,HEALTHCARE_CLINIC_CITY,60.85,2026-09-06T15:43:42.954497+00:00,USD,Monthly Bill Payment
TXN-NORM-001972,USER_1257,UTILITY_METRO_POWER,285.78,2026-09-05T08:41:21.316474+00:00,USD,Monthly Bill Payment
TXN-NORM-001973,USER_0185,USER_0186,386.52,2026-09-11T12:23:10.914936+00:00,USD,Personal Transfer
TXN-NORM-001974,USER_0130,USER_0131,111.24,2026-09-16T16:15:14.529866+00:00,USD,Personal Transfer
TXN-NORM-001975,USER_0322,USER_0323,403.62,2026-09-13T01:32:39.850958+00:00,USD,Personal Transfer
TXN-NORM-001976,USER_0766,UTILITY_METRO_POWER,299.78,2026-09-08T00:46:33.130220+00:00,USD,Monthly Bill Payment
TXN-NORM-001977,USER_1547,USER_1548,250.18,2026-09-05T02:52:52.371771+00:00,USD,Personal Transfer
TXN-NORM-001978,USER_0322,TELECOM_APEX_MOBILE,268.72,2026-09-02T16:40:02.490081+00:00,USD,Monthly Bill Payment
TXN-NORM-001979,USER_1606,UTILITY_METRO_POWER,49.87,2026-09-13T06:39:34.176417+00:00,USD,Monthly Bill Payment
TXN-NORM-001980,USER_1034,USER_1035,22.15,2026-09-23T12:54:37.177367+00:00,USD,Personal Transfer
TXN-NORM-001981,USER_1110,GROCERY_MARKET_CENTRAL,221.85,2026-09-06T11:16:37.646870+00:00,USD,Monthly Bill Payment
TXN-NORM-001982,USER_0640,USER_0641,147.91,2026-09-13T14:23:56.111645+00:00,USD,Personal Transfer
TXN-NORM-001983,USER_0416,TELECOM_APEX_MOBILE,164.60,2026-09-29T09:49:05.143864+00:00,USD,Monthly Bill Payment
TXN-NORM-001984,USER_0456,USER_0457,455.22,2026-09-18T00:20:35.141719+00:00,USD,Personal Transfer
TXN-NORM-001985,USER_1093,SUBSCRIPTION_STREAM_NOW,334.22,2026-09-13T01:13:38.238267+00:00,USD,Monthly Bill Payment
TXN-NORM-001986,USER_1563,UTILITY_METRO_POWER,154.14,2026-09-05T01:31:14.002159+00:00,USD,Monthly Bill Payment
TXN-NORM-001987,USER_0476,TELECOM_APEX_MOBILE,133.04,2026-09-15T04:21:10.235496+00:00,USD,Monthly Bill Payment
TXN-NORM-001988,USER_1291,USER_1292,434.44,2026-09-04T14:29:20.992337+00:00,USD,Personal Transfer
TXN-NORM-001989,USER_1004,GROCERY_MARKET_CENTRAL,178.89,2026-09-04T14:13:18.931860+00:00,USD,Monthly Bill Payment
TXN-NORM-001990,USER_1481,USER_1482,254.31,2026-09-23T00:30:07.580292+00:00,USD,Personal Transfer
TXN-NORM-001991,USER_0844,TELECOM_APEX_MOBILE,248.92,2026-09-11T07:40:12.244692+00:00,USD,Monthly Bill Payment
TXN-NORM-001992,USER_1227,MUNICIPAL_TAX_BOARD,283.28,2026-09-02T03:55:51.085133+00:00,USD,Monthly Bill Payment
TXN-NORM-001993,USER_1118,SUBSCRIPTION_STREAM_NOW,255.38,2026-09-28T19:11:52.739905+00:00,USD,Monthly Bill Payment
TXN-NORM-001994,USER_1054,UTILITY_METRO_POWER,163.35,2026-09-22T11:39:35.053073+00:00,USD,Monthly Bill Payment
TXN-NORM-001995,USER_0159,HEALTHCARE_CLINIC_CITY,64.48,2026-09-23T01:45:40.817672+00:00,USD,Monthly Bill Payment
TXN-NORM-001996,USER_0405,SUBSCRIPTION_STREAM_NOW,185.93,2026-09-28T22:07:42.493654+00:00,USD,Monthly Bill Payment
TXN-NORM-001997,USER_1283,USER_1284,19.49,2026-09-15T21:02:28.866543+00:00,USD,Personal Transfer
TXN-NORM-001998,USER_0241,TELECOM_APEX_MOBILE,224.91,2026-09-10T06:57:43.777784+00:00,USD,Monthly Bill Payment
TXN-NORM-001999,USER_0762,HEALTHCARE_CLINIC_CITY,91.45,2026-09-06T18:04:02.000430+00:00,USD,Monthly Bill Payment
TXN-NORM-002000,USER_1258,USER_1259,239.50,2026-09-12T10:29:28.374261+00:00,USD,Personal Transfer
TXN-NORM-002001,USER_0677,USER_0678,269.32,2026-09-21T23:45:57.192989+00:00,USD,Personal Transfer
TXN-NORM-002002,USER_0971,UTILITY_METRO_POWER,347.83,2026-09-13T12:39:23.222459+00:00,USD,Monthly Bill Payment
TXN-NORM-002003,USER_0012,SUBSCRIPTION_STREAM_NOW,132.59,2026-09-07T02:38:00.466814+00:00,USD,Monthly Bill Payment
TXN-NORM-002004,USER_0126,HEALTHCARE_CLINIC_CITY,206.73,2026-09-18T09:48:48.145536+00:00,USD,Monthly Bill Payment
TXN-NORM-002005,USER_0463,TELECOM_APEX_MOBILE,291.75,2026-09-02T09:08:39.981300+00:00,USD,Monthly Bill Payment
TXN-NORM-002006,USER_0873,TELECOM_APEX_MOBILE,207.36,2026-09-10T19:06:49.492845+00:00,USD,Monthly Bill Payment
TXN-NORM-002007,USER_1314,USER_1315,369.37,2026-09-04T01:22:40.850051+00:00,USD,Personal Transfer
TXN-NORM-002008,USER_0574,MUNICIPAL_TAX_BOARD,215.88,2026-09-17T15:40:35.684537+00:00,USD,Monthly Bill Payment
TXN-NORM-002009,USER_1569,HEALTHCARE_CLINIC_CITY,308.18,2026-09-18T03:42:32.633067+00:00,USD,Monthly Bill Payment
TXN-NORM-002010,USER_1370,USER_1371,127.44,2026-09-07T14:23:06.384595+00:00,USD,Personal Transfer
TXN-NORM-002011,USER_0444,UTILITY_CITY_WATER,179.53,2026-09-24T07:28:32.604354+00:00,USD,Monthly Bill Payment
TXN-NORM-002012,USER_0001,MUNICIPAL_TAX_BOARD,287.35,2026-09-26T18:27:49.288318+00:00,USD,Monthly Bill Payment
TXN-NORM-002013,USER_0872,USER_0873,286.67,2026-09-10T23:40:08.537527+00:00,USD,Personal Transfer
TXN-NORM-002014,USER_0773,USER_0774,421.74,2026-09-21T21:37:04.962326+00:00,USD,Personal Transfer
TXN-NORM-002015,USER_0650,HEALTHCARE_CLINIC_CITY,295.92,2026-09-26T15:00:52.957457+00:00,USD,Monthly Bill Payment
TXN-NORM-002016,USER_1457,HEALTHCARE_CLINIC_CITY,281.41,2026-09-14T12:41:41.070080+00:00,USD,Monthly Bill Payment
TXN-NORM-002017,USER_1404,UTILITY_METRO_POWER,306.49,2026-09-27T07:03:50.610983+00:00,USD,Monthly Bill Payment
TXN-NORM-002018,USER_0955,USER_0956,314.23,2026-09-11T22:17:33.408374+00:00,USD,Personal Transfer
TXN-NORM-002019,USER_0392,SUBSCRIPTION_STREAM_NOW,142.32,2026-09-06T17:27:43.739170+00:00,USD,Monthly Bill Payment
TXN-NORM-002020,USER_0400,TELECOM_APEX_MOBILE,322.64,2026-09-10T13:12:15.401879+00:00,USD,Monthly Bill Payment
TXN-NORM-002021,USER_1030,USER_1031,148.35,2026-09-18T17:22:46.131725+00:00,USD,Personal Transfer
TXN-NORM-002022,USER_0981,HEALTHCARE_CLINIC_CITY,43.60,2026-09-29T20:25:45.827833+00:00,USD,Monthly Bill Payment
TXN-NORM-002023,USER_1172,USER_1173,321.64,2026-09-26T11:01:20.009014+00:00,USD,Personal Transfer
TXN-NORM-002024,USER_1005,TELECOM_APEX_MOBILE,34.37,2026-09-22T18:35:25.720739+00:00,USD,Monthly Bill Payment
TXN-NORM-002025,USER_1461,SUBSCRIPTION_STREAM_NOW,296.07,2026-09-22T10:26:25.037350+00:00,USD,Monthly Bill Payment
TXN-NORM-002026,USER_0245,UTILITY_METRO_POWER,303.81,2026-09-19T13:35:19.343056+00:00,USD,Monthly Bill Payment
TXN-NORM-002027,USER_0569,USER_0570,421.08,2026-09-07T03:46:28.274231+00:00,USD,Personal Transfer
TXN-NORM-002028,USER_0649,USER_0650,21.87,2026-09-06T22:15:19.409303+00:00,USD,Personal Transfer
TXN-NORM-002029,USER_1361,UTILITY_CITY_WATER,293.14,2026-09-25T03:24:06.305241+00:00,USD,Monthly Bill Payment
TXN-NORM-002030,USER_1028,UTILITY_METRO_POWER,114.55,2026-09-09T09:24:21.895858+00:00,USD,Monthly Bill Payment
TXN-NORM-002031,USER_0407,USER_0408,147.78,2026-09-13T03:45:05.325696+00:00,USD,Personal Transfer
TXN-NORM-002032,USER_0719,SUBSCRIPTION_STREAM_NOW,53.65,2026-09-14T20:12:09.093773+00:00,USD,Monthly Bill Payment
TXN-NORM-002033,USER_0186,HEALTHCARE_CLINIC_CITY,338.87,2026-09-04T13:52:54.940146+00:00,USD,Monthly Bill Payment
TXN-NORM-002034,USER_1571,UTILITY_METRO_POWER,310.09,2026-09-02T11:52:23.123812+00:00,USD,Monthly Bill Payment
TXN-NORM-002035,USER_0506,GROCERY_MARKET_CENTRAL,264.89,2026-09-21T00:06:27.632052+00:00,USD,Monthly Bill Payment
TXN-NORM-002036,USER_0636,UTILITY_CITY_WATER,208.64,2026-09-21T15:21:47.962824+00:00,USD,Monthly Bill Payment
TXN-NORM-002037,USER_0848,TELECOM_APEX_MOBILE,109.29,2026-09-07T05:37:56.568818+00:00,USD,Monthly Bill Payment
TXN-NORM-002038,USER_0901,GROCERY_MARKET_CENTRAL,233.59,2026-09-15T20:47:38.778189+00:00,USD,Monthly Bill Payment
TXN-NORM-002039,USER_0921,USER_0922,475.59,2026-09-21T02:28:30.836838+00:00,USD,Personal Transfer
TXN-NORM-002040,USER_1199,SUBSCRIPTION_STREAM_NOW,137.75,2026-09-17T00:20:37.820757+00:00,USD,Monthly Bill Payment
TXN-NORM-002041,USER_1397,USER_1398,263.94,2026-09-07T20:23:23.338338+00:00,USD,Personal Transfer
TXN-NORM-002042,USER_0432,UTILITY_METRO_POWER,193.03,2026-09-14T20:32:50.461006+00:00,USD,Monthly Bill Payment
TXN-NORM-002043,USER_1293,MUNICIPAL_TAX_BOARD,147.82,2026-09-06T01:24:13.125774+00:00,USD,Monthly Bill Payment
TXN-NORM-002044,USER_1206,USER_1207,189.06,2026-09-10T20:55:37.161297+00:00,USD,Personal Transfer
TXN-NORM-002045,USER_0017,UTILITY_METRO_POWER,85.81,2026-09-15T10:28:31.449927+00:00,USD,Monthly Bill Payment
TXN-NORM-002046,USER_0734,UTILITY_METRO_POWER,167.68,2026-09-14T23:47:48.801126+00:00,USD,Monthly Bill Payment
TXN-NORM-002047,USER_1263,SUBSCRIPTION_STREAM_NOW,178.91,2026-09-18T08:49:58.675088+00:00,USD,Monthly Bill Payment
TXN-NORM-002048,USER_0499,HEALTHCARE_CLINIC_CITY,155.37,2026-09-12T13:48:16.616006+00:00,USD,Monthly Bill Payment
TXN-NORM-002049,USER_0083,USER_0084,221.56,2026-09-26T08:21:44.201055+00:00,USD,Personal Transfer
TXN-NORM-002050,USER_0552,USER_0553,263.42,2026-09-12T21:54:32.227065+00:00,USD,Personal Transfer
TXN-NORM-002051,USER_0616,USER_0617,379.65,2026-09-28T22:19:18.354533+00:00,USD,Personal Transfer
TXN-NORM-002052,USER_0267,USER_0268,165.00,2026-09-23T18:30:33.901744+00:00,USD,Personal Transfer
TXN-NORM-002053,USER_1569,SUBSCRIPTION_STREAM_NOW,25.27,2026-09-11T21:19:00.721234+00:00,USD,Monthly Bill Payment
TXN-NORM-002054,USER_0303,UTILITY_CITY_WATER,101.76,2026-09-06T21:42:01.284789+00:00,USD,Monthly Bill Payment
TXN-NORM-002055,USER_0417,MUNICIPAL_TAX_BOARD,299.84,2026-09-22T02:59:49.388913+00:00,USD,Monthly Bill Payment
TXN-NORM-002056,USER_0767,MUNICIPAL_TAX_BOARD,248.21,2026-09-06T07:35:14.053213+00:00,USD,Monthly Bill Payment
TXN-NORM-002057,USER_1432,SUBSCRIPTION_STREAM_NOW,254.52,2026-09-15T10:32:21.833320+00:00,USD,Monthly Bill Payment
TXN-NORM-002058,USER_1563,USER_1564,468.60,2026-09-12T23:43:10.173402+00:00,USD,Personal Transfer
TXN-NORM-002059,USER_0819,USER_0820,206.02,2026-09-27T08:20:54.201608+00:00,USD,Personal Transfer
TXN-NORM-002060,USER_0147,MUNICIPAL_TAX_BOARD,82.90,2026-09-20T10:10:57.924544+00:00,USD,Monthly Bill Payment
TXN-NORM-002061,USER_0482,MUNICIPAL_TAX_BOARD,269.30,2026-09-11T05:36:51.108435+00:00,USD,Monthly Bill Payment
TXN-NORM-002062,USER_0159,UTILITY_CITY_WATER,123.13,2026-09-05T19:53:29.884453+00:00,USD,Monthly Bill Payment
TXN-NORM-002063,USER_0191,TELECOM_APEX_MOBILE,126.10,2026-09-20T12:29:54.558411+00:00,USD,Monthly Bill Payment
TXN-NORM-002064,USER_1383,USER_1384,94.32,2026-09-03T05:54:11.755002+00:00,USD,Personal Transfer
TXN-NORM-002065,USER_1398,HEALTHCARE_CLINIC_CITY,263.12,2026-09-04T19:01:57.241948+00:00,USD,Monthly Bill Payment
TXN-NORM-002066,USER_1344,USER_1345,169.73,2026-09-24T03:37:26.107129+00:00,USD,Personal Transfer
TXN-NORM-002067,USER_1177,HEALTHCARE_CLINIC_CITY,336.97,2026-09-20T21:27:44.072347+00:00,USD,Monthly Bill Payment
TXN-NORM-002068,USER_0823,HEALTHCARE_CLINIC_CITY,231.09,2026-09-03T19:10:02.731789+00:00,USD,Monthly Bill Payment
TXN-NORM-002069,USER_1237,USER_1238,244.67,2026-09-27T13:21:16.793601+00:00,USD,Personal Transfer
TXN-NORM-002070,USER_0687,USER_0688,101.74,2026-09-28T23:55:50.480763+00:00,USD,Personal Transfer
TXN-NORM-002071,USER_0869,UTILITY_METRO_POWER,134.56,2026-09-12T12:19:21.838284+00:00,USD,Monthly Bill Payment
TXN-NORM-002072,USER_1450,UTILITY_METRO_POWER,176.05,2026-09-07T20:10:18.112385+00:00,USD,Monthly Bill Payment
TXN-NORM-002073,USER_0082,MUNICIPAL_TAX_BOARD,248.08,2026-09-15T20:18:01.790219+00:00,USD,Monthly Bill Payment
TXN-NORM-002074,USER_0517,TELECOM_APEX_MOBILE,83.09,2026-09-20T13:56:39.036059+00:00,USD,Monthly Bill Payment
TXN-NORM-002075,USER_0731,UTILITY_METRO_POWER,218.63,2026-09-14T14:13:26.250151+00:00,USD,Monthly Bill Payment
TXN-NORM-002076,USER_0732,USER_0733,99.99,2026-09-17T01:23:14.679965+00:00,USD,Personal Transfer
TXN-NORM-002077,USER_1096,TELECOM_APEX_MOBILE,137.25,2026-09-22T15:30:24.645318+00:00,USD,Monthly Bill Payment
TXN-NORM-002078,USER_0939,USER_0940,52.12,2026-09-09T02:52:59.393478+00:00,USD,Personal Transfer
TXN-NORM-002079,USER_0764,MUNICIPAL_TAX_BOARD,343.59,2026-09-18T20:49:23.148858+00:00,USD,Monthly Bill Payment
TXN-NORM-002080,USER_0162,SUBSCRIPTION_STREAM_NOW,32.27,2026-09-19T21:12:42.553871+00:00,USD,Monthly Bill Payment
TXN-NORM-002081,USER_1530,SUBSCRIPTION_STREAM_NOW,338.68,2026-09-20T01:27:43.616838+00:00,USD,Monthly Bill Payment
TXN-NORM-002082,USER_1626,MUNICIPAL_TAX_BOARD,200.23,2026-09-09T09:47:57.699732+00:00,USD,Monthly Bill Payment
TXN-NORM-002083,USER_1626,SUBSCRIPTION_STREAM_NOW,94.94,2026-09-24T11:58:46.794767+00:00,USD,Monthly Bill Payment
TXN-NORM-002084,USER_0895,MUNICIPAL_TAX_BOARD,243.22,2026-09-21T03:56:46.276033+00:00,USD,Monthly Bill Payment
TXN-NORM-002085,USER_1239,UTILITY_METRO_POWER,157.33,2026-09-07T04:03:19.098809+00:00,USD,Monthly Bill Payment
TXN-NORM-002086,USER_0039,USER_0040,239.28,2026-09-20T09:45:10.856658+00:00,USD,Personal Transfer
TXN-NORM-002087,USER_1619,USER_1620,23.77,2026-09-10T21:40:22.310464+00:00,USD,Personal Transfer
TXN-NORM-002088,USER_0665,SUBSCRIPTION_STREAM_NOW,231.30,2026-09-19T09:24:03.308528+00:00,USD,Monthly Bill Payment
TXN-NORM-002089,USER_0674,TELECOM_APEX_MOBILE,128.88,2026-09-15T00:12:49.295403+00:00,USD,Monthly Bill Payment
TXN-NORM-002090,USER_0911,MUNICIPAL_TAX_BOARD,251.76,2026-09-26T04:41:36.372768+00:00,USD,Monthly Bill Payment
TXN-NORM-002091,USER_1379,SUBSCRIPTION_STREAM_NOW,207.43,2026-09-13T01:52:26.766730+00:00,USD,Monthly Bill Payment
TXN-NORM-002092,USER_0708,TELECOM_APEX_MOBILE,269.03,2026-09-23T01:35:05.145543+00:00,USD,Monthly Bill Payment
TXN-NORM-002093,USER_0925,USER_0926,185.54,2026-09-02T18:50:47.165211+00:00,USD,Personal Transfer
TXN-NORM-002094,USER_0884,HEALTHCARE_CLINIC_CITY,184.50,2026-09-23T11:11:14.146562+00:00,USD,Monthly Bill Payment
TXN-NORM-002095,USER_0481,GROCERY_MARKET_CENTRAL,65.14,2026-09-17T06:00:19.483128+00:00,USD,Monthly Bill Payment
TXN-NORM-002096,USER_0811,GROCERY_MARKET_CENTRAL,76.71,2026-09-29T18:54:51.077283+00:00,USD,Monthly Bill Payment
TXN-NORM-002097,USER_1593,USER_1594,379.37,2026-09-29T14:14:08.751062+00:00,USD,Personal Transfer
TXN-NORM-002098,USER_0857,USER_0858,66.23,2026-09-09T23:48:16.296330+00:00,USD,Personal Transfer
TXN-NORM-002099,USER_1407,USER_1408,274.78,2026-09-23T10:00:11.629197+00:00,USD,Personal Transfer
TXN-NORM-002100,USER_0804,GROCERY_MARKET_CENTRAL,325.48,2026-09-13T14:11:44.205269+00:00,USD,Monthly Bill Payment
TXN-NORM-002101,USER_0322,USER_0323,273.34,2026-09-07T01:20:19.643630+00:00,USD,Personal Transfer
TXN-NORM-002102,USER_0685,USER_0686,296.38,2026-09-20T04:11:06.843364+00:00,USD,Personal Transfer
TXN-NORM-002103,USER_0857,USER_0858,123.73,2026-09-13T04:46:57.832233+00:00,USD,Personal Transfer
TXN-NORM-002104,USER_1249,TELECOM_APEX_MOBILE,223.19,2026-09-30T03:17:12.209495+00:00,USD,Monthly Bill Payment
TXN-NORM-002105,USER_0341,UTILITY_METRO_POWER,266.46,2026-09-14T23:46:35.912557+00:00,USD,Monthly Bill Payment
TXN-NORM-002106,USER_1618,USER_1619,457.91,2026-09-17T09:57:27.388401+00:00,USD,Personal Transfer
TXN-NORM-002107,USER_0938,HEALTHCARE_CLINIC_CITY,324.45,2026-09-26T08:33:56.778938+00:00,USD,Monthly Bill Payment
TXN-NORM-002108,USER_0661,MUNICIPAL_TAX_BOARD,174.88,2026-09-03T13:00:55.199439+00:00,USD,Monthly Bill Payment
TXN-NORM-002109,USER_0502,USER_0503,100.79,2026-09-14T10:18:12.648197+00:00,USD,Personal Transfer
TXN-NORM-002110,USER_0945,UTILITY_CITY_WATER,104.58,2026-09-05T06:44:51.332953+00:00,USD,Monthly Bill Payment
TXN-NORM-002111,USER_1479,USER_1480,343.28,2026-09-01T23:43:32.641080+00:00,USD,Personal Transfer
TXN-NORM-002112,USER_1065,USER_1066,217.29,2026-09-25T21:32:30.033757+00:00,USD,Personal Transfer
TXN-NORM-002113,USER_0533,USER_0534,248.19,2026-09-16T17:40:13.797482+00:00,USD,Personal Transfer
TXN-NORM-002114,USER_1487,SUBSCRIPTION_STREAM_NOW,257.90,2026-09-24T10:16:20.899990+00:00,USD,Monthly Bill Payment
TXN-NORM-002115,USER_1048,UTILITY_CITY_WATER,300.30,2026-09-14T03:09:16.820470+00:00,USD,Monthly Bill Payment
TXN-NORM-002116,USER_1553,USER_1554,96.94,2026-09-22T21:45:44.638143+00:00,USD,Personal Transfer
TXN-NORM-002117,USER_0846,USER_0847,249.06,2026-09-06T00:16:59.233085+00:00,USD,Personal Transfer
TXN-NORM-002118,USER_0542,HEALTHCARE_CLINIC_CITY,184.76,2026-09-19T17:47:25.267088+00:00,USD,Monthly Bill Payment
TXN-NORM-002119,USER_0502,USER_0503,396.88,2026-09-11T21:02:59.162189+00:00,USD,Personal Transfer
TXN-NORM-002120,USER_1433,UTILITY_CITY_WATER,73.11,2026-09-09T11:32:24.708836+00:00,USD,Monthly Bill Payment
TXN-NORM-002121,USER_0591,TELECOM_APEX_MOBILE,124.67,2026-09-26T18:30:44.026925+00:00,USD,Monthly Bill Payment
TXN-NORM-002122,USER_1467,SUBSCRIPTION_STREAM_NOW,243.82,2026-09-20T01:36:20.918507+00:00,USD,Monthly Bill Payment
TXN-NORM-002123,USER_0317,USER_0318,156.78,2026-09-21T07:27:38.110820+00:00,USD,Personal Transfer
TXN-NORM-002124,USER_0787,TELECOM_APEX_MOBILE,73.22,2026-09-08T08:37:50.084083+00:00,USD,Monthly Bill Payment
TXN-NORM-002125,USER_0025,MUNICIPAL_TAX_BOARD,317.50,2026-09-22T08:46:29.714284+00:00,USD,Monthly Bill Payment
TXN-NORM-002126,USER_0705,TELECOM_APEX_MOBILE,147.84,2026-09-18T13:05:45.171539+00:00,USD,Monthly Bill Payment
TXN-NORM-002127,USER_0994,SUBSCRIPTION_STREAM_NOW,316.57,2026-09-26T15:39:32.884761+00:00,USD,Monthly Bill Payment
TXN-NORM-002128,USER_0030,USER_0031,115.12,2026-09-03T20:04:30.018265+00:00,USD,Personal Transfer
TXN-NORM-002129,USER_0308,UTILITY_CITY_WATER,140.86,2026-09-23T14:02:30.295250+00:00,USD,Monthly Bill Payment
TXN-NORM-002130,USER_0941,HEALTHCARE_CLINIC_CITY,299.87,2026-09-19T13:54:51.796458+00:00,USD,Monthly Bill Payment
TXN-NORM-002131,USER_1604,USER_1605,337.16,2026-09-27T01:10:27.516993+00:00,USD,Personal Transfer
TXN-NORM-002132,USER_0817,MUNICIPAL_TAX_BOARD,337.54,2026-09-28T09:09:41.265424+00:00,USD,Monthly Bill Payment
TXN-NORM-002133,USER_1519,MUNICIPAL_TAX_BOARD,194.96,2026-09-04T00:03:52.463170+00:00,USD,Monthly Bill Payment
TXN-NORM-002134,USER_0502,HEALTHCARE_CLINIC_CITY,258.15,2026-09-22T15:45:34.310050+00:00,USD,Monthly Bill Payment
TXN-NORM-002135,USER_0364,HEALTHCARE_CLINIC_CITY,86.75,2026-09-19T01:21:42.994454+00:00,USD,Monthly Bill Payment
TXN-NORM-002136,USER_0131,USER_0132,115.75,2026-09-05T19:12:17.171854+00:00,USD,Personal Transfer
TXN-NORM-002137,USER_0500,MUNICIPAL_TAX_BOARD,311.53,2026-09-18T12:43:07.265864+00:00,USD,Monthly Bill Payment
TXN-NORM-002138,USER_0105,UTILITY_METRO_POWER,168.62,2026-09-19T16:21:47.728732+00:00,USD,Monthly Bill Payment
TXN-NORM-002139,USER_0975,SUBSCRIPTION_STREAM_NOW,122.49,2026-09-17T03:12:12.615623+00:00,USD,Monthly Bill Payment
TXN-NORM-002140,USER_0020,SUBSCRIPTION_STREAM_NOW,277.65,2026-09-25T21:47:07.476278+00:00,USD,Monthly Bill Payment
TXN-NORM-002141,USER_0399,TELECOM_APEX_MOBILE,270.23,2026-09-20T00:33:03.013478+00:00,USD,Monthly Bill Payment
TXN-NORM-002142,USER_1232,SUBSCRIPTION_STREAM_NOW,192.12,2026-09-19T18:32:12.377553+00:00,USD,Monthly Bill Payment
TXN-NORM-002143,USER_1322,TELECOM_APEX_MOBILE,245.30,2026-09-26T05:28:04.595864+00:00,USD,Monthly Bill Payment
TXN-NORM-002144,USER_1031,UTILITY_METRO_POWER,128.74,2026-09-14T05:34:11.983516+00:00,USD,Monthly Bill Payment
TXN-NORM-002145,USER_1044,SUBSCRIPTION_STREAM_NOW,243.72,2026-09-06T09:25:56.757903+00:00,USD,Monthly Bill Payment
TXN-NORM-002146,USER_0194,USER_0195,392.71,2026-09-14T07:21:56.174203+00:00,USD,Personal Transfer
TXN-NORM-002147,USER_1563,GROCERY_MARKET_CENTRAL,197.38,2026-09-10T16:26:04.848468+00:00,USD,Monthly Bill Payment
TXN-NORM-002148,USER_0211,USER_0212,340.87,2026-09-27T21:05:18.538031+00:00,USD,Personal Transfer
TXN-NORM-002149,USER_0664,UTILITY_CITY_WATER,223.29,2026-09-23T08:28:46.873855+00:00,USD,Monthly Bill Payment
TXN-NORM-002150,USER_0322,MUNICIPAL_TAX_BOARD,281.34,2026-09-16T18:54:32.997062+00:00,USD,Monthly Bill Payment
TXN-NORM-002151,USER_1597,USER_1598,468.15,2026-09-08T11:03:11.961231+00:00,USD,Personal Transfer
TXN-NORM-002152,USER_0622,HEALTHCARE_CLINIC_CITY,127.49,2026-09-10T18:20:11.544792+00:00,USD,Monthly Bill Payment
TXN-NORM-002153,USER_0631,GROCERY_MARKET_CENTRAL,330.50,2026-09-13T05:54:57.100118+00:00,USD,Monthly Bill Payment
TXN-NORM-002154,USER_0114,USER_0115,387.02,2026-09-11T18:39:42.842364+00:00,USD,Personal Transfer
TXN-NORM-002155,USER_0040,USER_0041,418.79,2026-09-07T17:06:06.798748+00:00,USD,Personal Transfer
TXN-NORM-002156,USER_0049,MUNICIPAL_TAX_BOARD,265.18,2026-09-24T05:35:00.042509+00:00,USD,Monthly Bill Payment
TXN-NORM-002157,USER_0441,UTILITY_METRO_POWER,104.02,2026-09-14T08:11:35.048865+00:00,USD,Monthly Bill Payment
TXN-NORM-002158,USER_0667,USER_0668,393.90,2026-09-28T14:51:28.155878+00:00,USD,Personal Transfer
TXN-NORM-002159,USER_0799,USER_0800,150.87,2026-09-27T17:14:27.482901+00:00,USD,Personal Transfer
TXN-NORM-002160,USER_1243,TELECOM_APEX_MOBILE,114.72,2026-09-03T10:47:06.758807+00:00,USD,Monthly Bill Payment
TXN-NORM-002161,USER_0757,HEALTHCARE_CLINIC_CITY,49.05,2026-09-10T06:51:26.315309+00:00,USD,Monthly Bill Payment
TXN-NORM-002162,USER_1588,USER_1589,159.94,2026-09-24T21:58:30.397969+00:00,USD,Personal Transfer
TXN-NORM-002163,USER_0410,MUNICIPAL_TAX_BOARD,272.91,2026-09-14T09:27:34.913076+00:00,USD,Monthly Bill Payment
TXN-NORM-002164,USER_0534,GROCERY_MARKET_CENTRAL,275.22,2026-09-24T12:48:14.775994+00:00,USD,Monthly Bill Payment
TXN-NORM-002165,USER_1610,USER_1611,389.76,2026-09-22T20:13:24.239662+00:00,USD,Personal Transfer
TXN-NORM-002166,USER_1531,USER_1532,238.49,2026-09-07T10:56:00.588217+00:00,USD,Personal Transfer
TXN-NORM-002167,USER_0683,MUNICIPAL_TAX_BOARD,267.99,2026-09-29T04:08:31.191830+00:00,USD,Monthly Bill Payment
TXN-NORM-002168,USER_0048,GROCERY_MARKET_CENTRAL,183.07,2026-09-20T04:51:38.625172+00:00,USD,Monthly Bill Payment
TXN-NORM-002169,USER_0099,USER_0100,289.37,2026-09-03T20:47:03.881575+00:00,USD,Personal Transfer
TXN-NORM-002170,USER_0066,USER_0067,276.32,2026-09-26T12:50:53.859104+00:00,USD,Personal Transfer
TXN-NORM-002171,USER_0579,UTILITY_METRO_POWER,341.62,2026-09-19T12:46:36.213802+00:00,USD,Monthly Bill Payment
TXN-NORM-002172,USER_1599,SUBSCRIPTION_STREAM_NOW,223.26,2026-09-06T05:56:48.247942+00:00,USD,Monthly Bill Payment
TXN-NORM-002173,USER_0391,USER_0392,149.28,2026-09-23T16:55:37.421718+00:00,USD,Personal Transfer
TXN-NORM-002174,USER_0925,USER_0926,175.26,2026-09-29T15:53:59.561959+00:00,USD,Personal Transfer
TXN-NORM-002175,USER_0373,UTILITY_METRO_POWER,155.48,2026-09-11T18:52:11.716548+00:00,USD,Monthly Bill Payment
TXN-NORM-002176,USER_0602,UTILITY_CITY_WATER,129.77,2026-09-24T19:58:40.373741+00:00,USD,Monthly Bill Payment
TXN-NORM-002177,USER_0309,SUBSCRIPTION_STREAM_NOW,237.42,2026-09-08T09:12:49.685900+00:00,USD,Monthly Bill Payment
TXN-NORM-002178,USER_0411,USER_0412,441.95,2026-09-18T05:59:38.265449+00:00,USD,Personal Transfer
TXN-NORM-002179,USER_1182,UTILITY_CITY_WATER,57.79,2026-09-23T13:18:43.598144+00:00,USD,Monthly Bill Payment
TXN-NORM-002180,USER_1093,TELECOM_APEX_MOBILE,335.26,2026-09-25T11:34:35.976577+00:00,USD,Monthly Bill Payment
TXN-NORM-002181,USER_0671,USER_0672,161.92,2026-09-27T21:18:01.800955+00:00,USD,Personal Transfer
TXN-NORM-002182,USER_0869,USER_0870,187.34,2026-09-08T12:13:09.496966+00:00,USD,Personal Transfer
TXN-NORM-002183,USER_0282,USER_0283,474.79,2026-09-28T05:38:40.645723+00:00,USD,Personal Transfer
TXN-NORM-002184,USER_0053,UTILITY_METRO_POWER,170.21,2026-09-22T17:56:37.740797+00:00,USD,Monthly Bill Payment
TXN-NORM-002185,USER_0818,UTILITY_CITY_WATER,189.68,2026-09-23T08:44:02.554825+00:00,USD,Monthly Bill Payment
TXN-NORM-002186,USER_1185,USER_1186,471.24,2026-09-05T09:00:34.197865+00:00,USD,Personal Transfer
TXN-NORM-002187,USER_1517,UTILITY_CITY_WATER,93.36,2026-09-23T01:49:14.864948+00:00,USD,Monthly Bill Payment
TXN-NORM-002188,USER_0186,USER_0187,69.32,2026-09-12T02:53:40.455588+00:00,USD,Personal Transfer
TXN-NORM-002189,USER_0936,GROCERY_MARKET_CENTRAL,57.52,2026-09-12T21:17:03.026815+00:00,USD,Monthly Bill Payment
TXN-NORM-002190,USER_0739,USER_0740,331.22,2026-09-25T15:26:36.929068+00:00,USD,Personal Transfer
TXN-NORM-002191,USER_0470,USER_0471,243.61,2026-09-04T14:52:55.339488+00:00,USD,Personal Transfer
TXN-NORM-002192,USER_0563,USER_0564,426.00,2026-09-26T19:24:10.686620+00:00,USD,Personal Transfer
TXN-NORM-002193,USER_0364,HEALTHCARE_CLINIC_CITY,177.69,2026-09-05T11:12:27.061073+00:00,USD,Monthly Bill Payment
TXN-NORM-002194,USER_0080,MUNICIPAL_TAX_BOARD,159.83,2026-09-24T12:03:25.790447+00:00,USD,Monthly Bill Payment
TXN-NORM-002195,USER_0323,GROCERY_MARKET_CENTRAL,288.35,2026-09-06T19:07:14.126430+00:00,USD,Monthly Bill Payment
TXN-NORM-002196,USER_0372,SUBSCRIPTION_STREAM_NOW,91.32,2026-09-27T17:45:58.294664+00:00,USD,Monthly Bill Payment
TXN-NORM-002197,USER_0827,TELECOM_APEX_MOBILE,34.26,2026-09-27T10:42:12.884222+00:00,USD,Monthly Bill Payment
TXN-NORM-002198,USER_0053,GROCERY_MARKET_CENTRAL,71.91,2026-09-26T14:20:15.025237+00:00,USD,Monthly Bill Payment
TXN-NORM-002199,USER_0835,UTILITY_METRO_POWER,29.85,2026-09-12T11:01:49.758458+00:00,USD,Monthly Bill Payment
TXN-NORM-002200,USER_0457,SUBSCRIPTION_STREAM_NOW,344.59,2026-09-29T10:35:34.922129+00:00,USD,Monthly Bill Payment
TXN-NORM-002201,USER_1100,SUBSCRIPTION_STREAM_NOW,177.58,2026-09-25T15:30:26.642653+00:00,USD,Monthly Bill Payment
TXN-NORM-002202,USER_0527,HEALTHCARE_CLINIC_CITY,257.80,2026-09-20T12:33:29.565732+00:00,USD,Monthly Bill Payment
TXN-NORM-002203,USER_0979,UTILITY_CITY_WATER,192.29,2026-09-25T04:01:50.753054+00:00,USD,Monthly Bill Payment
TXN-NORM-002204,USER_0293,SUBSCRIPTION_STREAM_NOW,116.75,2026-09-04T04:11:01.478063+00:00,USD,Monthly Bill Payment
TXN-NORM-002205,USER_1260,HEALTHCARE_CLINIC_CITY,122.86,2026-09-08T06:38:45.087765+00:00,USD,Monthly Bill Payment
TXN-NORM-002206,USER_1456,USER_1457,451.27,2026-09-20T17:43:53.115374+00:00,USD,Personal Transfer
TXN-NORM-002207,USER_0672,GROCERY_MARKET_CENTRAL,150.13,2026-09-20T05:55:26.679251+00:00,USD,Monthly Bill Payment
TXN-NORM-002208,USER_0099,USER_0100,322.80,2026-09-29T01:26:37.328821+00:00,USD,Personal Transfer
TXN-NORM-002209,USER_1628,SUBSCRIPTION_STREAM_NOW,182.25,2026-09-12T19:40:22.452435+00:00,USD,Monthly Bill Payment
TXN-NORM-002210,USER_0705,UTILITY_CITY_WATER,172.29,2026-09-26T12:06:04.211293+00:00,USD,Monthly Bill Payment
TXN-NORM-002211,USER_0539,GROCERY_MARKET_CENTRAL,192.21,2026-09-05T08:58:30.078446+00:00,USD,Monthly Bill Payment
TXN-NORM-002212,USER_0691,GROCERY_MARKET_CENTRAL,308.39,2026-09-26T23:23:09.509174+00:00,USD,Monthly Bill Payment
TXN-NORM-002213,USER_1582,MUNICIPAL_TAX_BOARD,110.43,2026-09-20T16:18:39.268351+00:00,USD,Monthly Bill Payment
TXN-NORM-002214,USER_1602,UTILITY_CITY_WATER,341.90,2026-09-19T19:34:45.075115+00:00,USD,Monthly Bill Payment
TXN-NORM-002215,USER_0228,TELECOM_APEX_MOBILE,124.78,2026-09-21T19:32:14.914795+00:00,USD,Monthly Bill Payment
TXN-NORM-002216,USER_0894,GROCERY_MARKET_CENTRAL,330.91,2026-09-28T03:56:18.338687+00:00,USD,Monthly Bill Payment
TXN-NORM-002217,USER_1047,UTILITY_METRO_POWER,89.57,2026-09-25T11:41:21.294207+00:00,USD,Monthly Bill Payment
TXN-NORM-002218,USER_1525,GROCERY_MARKET_CENTRAL,197.43,2026-09-18T16:23:13.005913+00:00,USD,Monthly Bill Payment
TXN-NORM-002219,USER_0097,USER_0098,474.37,2026-09-12T03:58:04.409684+00:00,USD,Personal Transfer
TXN-NORM-002220,USER_1088,HEALTHCARE_CLINIC_CITY,304.16,2026-09-06T09:21:55.911129+00:00,USD,Monthly Bill Payment
TXN-NORM-002221,USER_0464,USER_0465,471.96,2026-09-22T20:54:21.695467+00:00,USD,Personal Transfer
TXN-NORM-002222,USER_1249,TELECOM_APEX_MOBILE,151.68,2026-09-07T10:12:25.886958+00:00,USD,Monthly Bill Payment
TXN-NORM-002223,USER_1069,USER_1070,81.02,2026-09-27T06:11:04.728882+00:00,USD,Personal Transfer
TXN-NORM-002224,USER_0615,HEALTHCARE_CLINIC_CITY,224.26,2026-09-09T02:54:24.215209+00:00,USD,Monthly Bill Payment
TXN-NORM-002225,USER_0137,GROCERY_MARKET_CENTRAL,77.08,2026-09-13T08:41:14.835386+00:00,USD,Monthly Bill Payment
TXN-NORM-002226,USER_0497,MUNICIPAL_TAX_BOARD,87.85,2026-09-06T17:34:46.943953+00:00,USD,Monthly Bill Payment
TXN-NORM-002227,USER_0718,SUBSCRIPTION_STREAM_NOW,65.13,2026-09-28T22:35:50.678888+00:00,USD,Monthly Bill Payment
TXN-NORM-002228,USER_1515,UTILITY_CITY_WATER,243.48,2026-09-20T18:03:01.238296+00:00,USD,Monthly Bill Payment
TXN-NORM-002229,USER_1558,UTILITY_METRO_POWER,275.79,2026-09-19T21:19:20.007230+00:00,USD,Monthly Bill Payment
TXN-NORM-002230,USER_1226,UTILITY_METRO_POWER,200.91,2026-09-20T13:29:05.492738+00:00,USD,Monthly Bill Payment
TXN-NORM-002231,USER_1250,TELECOM_APEX_MOBILE,333.58,2026-09-04T03:28:30.012276+00:00,USD,Monthly Bill Payment
TXN-NORM-002232,USER_0084,SUBSCRIPTION_STREAM_NOW,163.42,2026-09-26T17:45:30.387271+00:00,USD,Monthly Bill Payment
TXN-NORM-002233,USER_0345,USER_0346,156.19,2026-09-21T16:11:10.189199+00:00,USD,Personal Transfer
TXN-NORM-002234,USER_1071,GROCERY_MARKET_CENTRAL,301.24,2026-09-30T00:38:47.448581+00:00,USD,Monthly Bill Payment
TXN-NORM-002235,USER_1013,USER_1014,324.46,2026-09-29T03:26:18.466766+00:00,USD,Personal Transfer
TXN-NORM-002236,USER_1577,TELECOM_APEX_MOBILE,233.09,2026-09-22T07:10:31.675245+00:00,USD,Monthly Bill Payment
TXN-NORM-002237,USER_0674,UTILITY_METRO_POWER,57.87,2026-09-25T12:28:02.281958+00:00,USD,Monthly Bill Payment
TXN-NORM-002238,USER_0995,TELECOM_APEX_MOBILE,58.79,2026-09-16T02:32:09.545681+00:00,USD,Monthly Bill Payment
TXN-NORM-002239,USER_1600,USER_1601,266.70,2026-09-15T20:42:20.539082+00:00,USD,Personal Transfer
TXN-NORM-002240,USER_1368,UTILITY_METRO_POWER,63.18,2026-09-18T15:52:23.095055+00:00,USD,Monthly Bill Payment
TXN-NORM-002241,USER_1565,SUBSCRIPTION_STREAM_NOW,258.44,2026-09-18T11:42:59.029662+00:00,USD,Monthly Bill Payment
TXN-NORM-002242,USER_0082,GROCERY_MARKET_CENTRAL,194.90,2026-09-24T07:44:09.963251+00:00,USD,Monthly Bill Payment
TXN-NORM-002243,USER_0817,USER_0818,455.42,2026-09-19T19:41:16.967841+00:00,USD,Personal Transfer
TXN-NORM-002244,USER_0443,TELECOM_APEX_MOBILE,324.22,2026-09-02T19:40:01.580874+00:00,USD,Monthly Bill Payment
TXN-NORM-002245,USER_0059,USER_0060,411.91,2026-09-25T18:32:42.181879+00:00,USD,Personal Transfer
TXN-NORM-002246,USER_0705,GROCERY_MARKET_CENTRAL,40.53,2026-09-29T00:25:29.240781+00:00,USD,Monthly Bill Payment
TXN-NORM-002247,USER_0939,USER_0940,285.86,2026-09-19T15:41:01.152247+00:00,USD,Personal Transfer
TXN-NORM-002248,USER_1121,GROCERY_MARKET_CENTRAL,80.92,2026-09-22T21:11:33.291326+00:00,USD,Monthly Bill Payment
TXN-NORM-002249,USER_1024,USER_1025,416.91,2026-09-11T08:13:16.380275+00:00,USD,Personal Transfer
TXN-NORM-002250,USER_0208,USER_0209,316.57,2026-09-04T18:17:12.930419+00:00,USD,Personal Transfer
TXN-NORM-002251,USER_1310,HEALTHCARE_CLINIC_CITY,182.77,2026-09-12T18:33:12.595915+00:00,USD,Monthly Bill Payment
TXN-NORM-002252,USER_0691,USER_0692,171.54,2026-09-26T22:22:51.993088+00:00,USD,Personal Transfer
TXN-NORM-002253,USER_0229,MUNICIPAL_TAX_BOARD,199.93,2026-09-10T19:07:45.374737+00:00,USD,Monthly Bill Payment
TXN-NORM-002254,USER_0816,HEALTHCARE_CLINIC_CITY,219.34,2026-09-03T22:19:46.718135+00:00,USD,Monthly Bill Payment
TXN-NORM-002255,USER_1359,TELECOM_APEX_MOBILE,153.95,2026-09-09T12:19:09.297159+00:00,USD,Monthly Bill Payment
TXN-NORM-002256,USER_0789,MUNICIPAL_TAX_BOARD,340.49,2026-09-28T19:14:16.052118+00:00,USD,Monthly Bill Payment
TXN-NORM-002257,USER_0664,USER_0665,280.77,2026-09-14T02:58:19.712129+00:00,USD,Personal Transfer
TXN-NORM-002258,USER_1368,USER_1369,352.11,2026-09-02T18:56:00.407264+00:00,USD,Personal Transfer
TXN-NORM-002259,USER_0449,UTILITY_METRO_POWER,121.46,2026-09-08T06:46:03.157259+00:00,USD,Monthly Bill Payment
TXN-NORM-002260,USER_0043,USER_0044,284.82,2026-09-15T19:25:59.259267+00:00,USD,Personal Transfer
TXN-NORM-002261,USER_1164,MUNICIPAL_TAX_BOARD,313.80,2026-09-07T10:39:04.076858+00:00,USD,Monthly Bill Payment
TXN-NORM-002262,USER_0793,USER_0794,403.84,2026-09-21T22:29:13.465410+00:00,USD,Personal Transfer
TXN-NORM-002263,USER_0884,MUNICIPAL_TAX_BOARD,141.05,2026-09-27T03:24:31.421778+00:00,USD,Monthly Bill Payment
TXN-NORM-002264,USER_1420,MUNICIPAL_TAX_BOARD,213.16,2026-09-26T01:03:08.295813+00:00,USD,Monthly Bill Payment
TXN-NORM-002265,USER_0198,USER_0199,167.04,2026-09-24T06:04:46.010654+00:00,USD,Personal Transfer
TXN-NORM-002266,USER_1238,TELECOM_APEX_MOBILE,211.63,2026-09-11T18:08:01.193682+00:00,USD,Monthly Bill Payment
TXN-NORM-002267,USER_0109,UTILITY_CITY_WATER,32.19,2026-09-14T11:39:54.204972+00:00,USD,Monthly Bill Payment
TXN-NORM-002268,USER_0919,GROCERY_MARKET_CENTRAL,254.55,2026-09-03T19:25:57.520383+00:00,USD,Monthly Bill Payment
TXN-NORM-002269,USER_0131,USER_0132,137.23,2026-09-03T21:48:01.381404+00:00,USD,Personal Transfer
TXN-NORM-002270,USER_1491,GROCERY_MARKET_CENTRAL,331.39,2026-09-18T23:23:44.555965+00:00,USD,Monthly Bill Payment
TXN-NORM-002271,USER_0812,UTILITY_CITY_WATER,210.20,2026-09-14T17:29:02.435832+00:00,USD,Monthly Bill Payment
TXN-NORM-002272,USER_1041,USER_1042,18.29,2026-09-06T04:53:42.465779+00:00,USD,Personal Transfer
TXN-NORM-002273,USER_1249,UTILITY_METRO_POWER,224.50,2026-09-22T22:24:26.332975+00:00,USD,Monthly Bill Payment
TXN-NORM-002274,USER_1085,MUNICIPAL_TAX_BOARD,276.46,2026-09-06T11:35:39.674931+00:00,USD,Monthly Bill Payment
TXN-NORM-002275,USER_0368,USER_0369,72.96,2026-09-03T04:54:41.520815+00:00,USD,Personal Transfer
TXN-NORM-002276,USER_0183,SUBSCRIPTION_STREAM_NOW,148.92,2026-09-13T12:28:14.229586+00:00,USD,Monthly Bill Payment
TXN-NORM-002277,USER_0972,TELECOM_APEX_MOBILE,82.66,2026-09-11T10:35:14.007879+00:00,USD,Monthly Bill Payment
TXN-NORM-002278,USER_0882,USER_0883,209.69,2026-09-15T21:15:13.016773+00:00,USD,Personal Transfer
TXN-NORM-002279,USER_0465,SUBSCRIPTION_STREAM_NOW,269.34,2026-09-19T21:07:55.353845+00:00,USD,Monthly Bill Payment
TXN-NORM-002280,USER_1073,UTILITY_METRO_POWER,246.88,2026-09-26T07:45:48.450001+00:00,USD,Monthly Bill Payment
TXN-NORM-002281,USER_0196,TELECOM_APEX_MOBILE,150.04,2026-09-28T14:37:35.028424+00:00,USD,Monthly Bill Payment
TXN-NORM-002282,USER_0057,USER_0058,48.65,2026-09-18T01:41:07.685542+00:00,USD,Personal Transfer
TXN-NORM-002283,USER_0354,UTILITY_CITY_WATER,342.13,2026-09-19T06:42:10.165222+00:00,USD,Monthly Bill Payment
TXN-NORM-002284,USER_0199,USER_0200,100.81,2026-09-27T16:05:12.322071+00:00,USD,Personal Transfer
TXN-NORM-002285,USER_0903,USER_0904,87.19,2026-09-26T11:57:42.002459+00:00,USD,Personal Transfer
TXN-NORM-002286,USER_0912,TELECOM_APEX_MOBILE,328.89,2026-09-02T23:12:47.731429+00:00,USD,Monthly Bill Payment
TXN-NORM-002287,USER_0221,UTILITY_METRO_POWER,186.74,2026-09-07T00:09:25.424443+00:00,USD,Monthly Bill Payment
TXN-NORM-002288,USER_1236,HEALTHCARE_CLINIC_CITY,203.09,2026-09-19T06:28:35.170942+00:00,USD,Monthly Bill Payment
TXN-NORM-002289,USER_0797,USER_0798,134.42,2026-09-28T03:51:35.398430+00:00,USD,Personal Transfer
TXN-NORM-002290,USER_0290,SUBSCRIPTION_STREAM_NOW,38.52,2026-09-24T19:41:18.907101+00:00,USD,Monthly Bill Payment
TXN-NORM-002291,USER_0121,USER_0122,267.12,2026-09-27T14:05:06.231861+00:00,USD,Personal Transfer
TXN-NORM-002292,USER_1359,USER_1360,279.99,2026-09-27T16:47:10.179263+00:00,USD,Personal Transfer
TXN-NORM-002293,USER_0412,HEALTHCARE_CLINIC_CITY,163.55,2026-09-05T18:24:52.227864+00:00,USD,Monthly Bill Payment
TXN-NORM-002294,USER_0892,TELECOM_APEX_MOBILE,207.41,2026-09-16T00:54:56.137647+00:00,USD,Monthly Bill Payment
TXN-NORM-002295,USER_1249,HEALTHCARE_CLINIC_CITY,252.14,2026-09-16T00:25:09.867429+00:00,USD,Monthly Bill Payment
TXN-NORM-002296,USER_1081,USER_1082,447.66,2026-09-07T01:39:15.478645+00:00,USD,Personal Transfer
TXN-NORM-002297,USER_1532,USER_1533,38.26,2026-09-17T07:38:00.706968+00:00,USD,Personal Transfer
TXN-NORM-002298,USER_0058,MUNICIPAL_TAX_BOARD,42.04,2026-09-10T10:37:09.322225+00:00,USD,Monthly Bill Payment
TXN-NORM-002299,USER_1402,USER_1403,194.85,2026-09-22T13:27:35.192017+00:00,USD,Personal Transfer
TXN-NORM-002300,USER_1432,UTILITY_CITY_WATER,256.53,2026-09-08T07:12:28.640604+00:00,USD,Monthly Bill Payment
TXN-NORM-002301,USER_0150,USER_0151,462.21,2026-09-15T13:04:10.606371+00:00,USD,Personal Transfer
TXN-NORM-002302,USER_0422,USER_0423,453.63,2026-09-05T08:17:42.916574+00:00,USD,Personal Transfer
TXN-NORM-002303,USER_1351,USER_1352,415.89,2026-09-25T03:26:28.263155+00:00,USD,Personal Transfer
TXN-NORM-002304,USER_0762,USER_0763,305.39,2026-09-13T02:42:05.646146+00:00,USD,Personal Transfer
TXN-NORM-002305,USER_1274,USER_1275,291.71,2026-09-26T21:40:00.832748+00:00,USD,Personal Transfer
TXN-NORM-002306,USER_1283,HEALTHCARE_CLINIC_CITY,28.32,2026-09-28T07:26:23.982134+00:00,USD,Monthly Bill Payment
TXN-NORM-002307,USER_0848,GROCERY_MARKET_CENTRAL,183.67,2026-09-25T12:29:40.405666+00:00,USD,Monthly Bill Payment
TXN-NORM-002308,USER_1230,GROCERY_MARKET_CENTRAL,170.97,2026-09-21T02:50:48.579590+00:00,USD,Monthly Bill Payment
TXN-NORM-002309,USER_1358,USER_1359,92.08,2026-09-03T19:44:23.188126+00:00,USD,Personal Transfer
TXN-NORM-002310,USER_1621,HEALTHCARE_CLINIC_CITY,108.36,2026-09-07T06:20:36.814064+00:00,USD,Monthly Bill Payment
TXN-NORM-002311,USER_1395,USER_1396,153.92,2026-09-21T12:21:05.562815+00:00,USD,Personal Transfer
TXN-NORM-002312,USER_1168,UTILITY_CITY_WATER,333.82,2026-09-23T11:49:30.335418+00:00,USD,Monthly Bill Payment
TXN-NORM-002313,USER_1137,USER_1138,247.23,2026-09-07T09:20:51.933597+00:00,USD,Personal Transfer
TXN-NORM-002314,USER_0229,GROCERY_MARKET_CENTRAL,250.43,2026-09-25T04:19:24.841665+00:00,USD,Monthly Bill Payment
TXN-NORM-002315,USER_0139,UTILITY_CITY_WATER,168.66,2026-09-19T12:12:07.772372+00:00,USD,Monthly Bill Payment
TXN-NORM-002316,USER_1576,UTILITY_CITY_WATER,260.60,2026-09-28T01:21:56.400015+00:00,USD,Monthly Bill Payment
TXN-NORM-002317,USER_0090,TELECOM_APEX_MOBILE,324.60,2026-09-28T15:29:31.701418+00:00,USD,Monthly Bill Payment
TXN-NORM-002318,USER_0718,SUBSCRIPTION_STREAM_NOW,74.76,2026-09-26T22:30:11.258708+00:00,USD,Monthly Bill Payment
TXN-NORM-002319,USER_0598,HEALTHCARE_CLINIC_CITY,259.38,2026-09-08T06:34:03.922319+00:00,USD,Monthly Bill Payment
TXN-NORM-002320,USER_0052,USER_0053,271.35,2026-09-03T23:29:31.601099+00:00,USD,Personal Transfer
TXN-NORM-002321,USER_1141,UTILITY_METRO_POWER,247.55,2026-09-17T09:48:13.680382+00:00,USD,Monthly Bill Payment
TXN-NORM-002322,USER_0840,TELECOM_APEX_MOBILE,145.37,2026-09-02T10:51:32.743473+00:00,USD,Monthly Bill Payment
TXN-NORM-002323,USER_0294,USER_0295,16.66,2026-09-20T20:01:06.240340+00:00,USD,Personal Transfer
TXN-NORM-002324,USER_0120,USER_0121,123.89,2026-09-23T08:01:06.463434+00:00,USD,Personal Transfer
TXN-NORM-002325,USER_1287,GROCERY_MARKET_CENTRAL,321.01,2026-09-16T23:24:19.431793+00:00,USD,Monthly Bill Payment
TXN-NORM-002326,USER_1171,HEALTHCARE_CLINIC_CITY,102.24,2026-09-10T03:00:27.148537+00:00,USD,Monthly Bill Payment
TXN-NORM-002327,USER_1005,UTILITY_CITY_WATER,172.62,2026-09-11T23:00:35.752974+00:00,USD,Monthly Bill Payment
TXN-NORM-002328,USER_0738,TELECOM_APEX_MOBILE,311.63,2026-09-09T22:53:01.704081+00:00,USD,Monthly Bill Payment
TXN-NORM-002329,USER_0754,USER_0755,35.64,2026-09-14T03:38:26.947228+00:00,USD,Personal Transfer
TXN-NORM-002330,USER_0841,USER_0842,75.64,2026-09-17T03:24:14.686415+00:00,USD,Personal Transfer
TXN-NORM-002331,USER_1284,SUBSCRIPTION_STREAM_NOW,174.69,2026-09-28T14:01:00.888569+00:00,USD,Monthly Bill Payment
TXN-NORM-002332,USER_0927,TELECOM_APEX_MOBILE,241.25,2026-09-13T00:51:04.808685+00:00,USD,Monthly Bill Payment
TXN-NORM-002333,USER_0273,USER_0274,107.62,2026-09-07T18:01:50.656097+00:00,USD,Personal Transfer
TXN-NORM-002334,USER_0399,USER_0400,239.74,2026-09-22T13:41:37.798881+00:00,USD,Personal Transfer
TXN-NORM-002335,USER_1565,USER_1566,205.52,2026-09-12T13:35:37.996245+00:00,USD,Personal Transfer
TXN-NORM-002336,USER_0964,GROCERY_MARKET_CENTRAL,335.61,2026-09-20T08:05:17.485863+00:00,USD,Monthly Bill Payment
TXN-NORM-002337,USER_1278,UTILITY_CITY_WATER,239.39,2026-09-07T17:30:29.160335+00:00,USD,Monthly Bill Payment
TXN-NORM-002338,USER_1060,UTILITY_CITY_WATER,150.44,2026-09-28T01:41:58.456938+00:00,USD,Monthly Bill Payment
TXN-NORM-002339,USER_1367,SUBSCRIPTION_STREAM_NOW,211.90,2026-09-29T08:43:25.292266+00:00,USD,Monthly Bill Payment
TXN-NORM-002340,USER_0406,HEALTHCARE_CLINIC_CITY,67.43,2026-09-10T21:14:19.799907+00:00,USD,Monthly Bill Payment
TXN-NORM-002341,USER_0997,UTILITY_METRO_POWER,280.76,2026-09-27T19:52:01.215362+00:00,USD,Monthly Bill Payment
TXN-NORM-002342,USER_0176,GROCERY_MARKET_CENTRAL,54.23,2026-09-27T10:53:49.307206+00:00,USD,Monthly Bill Payment
TXN-NORM-002343,USER_0731,GROCERY_MARKET_CENTRAL,46.46,2026-09-06T04:33:37.414444+00:00,USD,Monthly Bill Payment
TXN-NORM-002344,USER_1277,USER_1278,179.23,2026-09-18T14:34:37.666978+00:00,USD,Personal Transfer
TXN-NORM-002345,USER_0359,UTILITY_CITY_WATER,78.06,2026-09-04T19:18:50.608125+00:00,USD,Monthly Bill Payment
TXN-NORM-002346,USER_0243,MUNICIPAL_TAX_BOARD,229.32,2026-09-19T04:59:22.472897+00:00,USD,Monthly Bill Payment
TXN-NORM-002347,USER_1434,USER_1435,336.98,2026-09-21T06:30:58.925974+00:00,USD,Personal Transfer
TXN-NORM-002348,USER_0301,USER_0302,441.91,2026-09-04T11:31:50.489091+00:00,USD,Personal Transfer
TXN-NORM-002349,USER_0969,HEALTHCARE_CLINIC_CITY,346.03,2026-09-06T12:09:19.133887+00:00,USD,Monthly Bill Payment
TXN-NORM-002350,USER_0743,USER_0744,448.58,2026-09-18T06:30:35.341502+00:00,USD,Personal Transfer
TXN-NORM-002351,USER_1008,USER_1009,444.95,2026-09-17T23:00:04.443114+00:00,USD,Personal Transfer
TXN-NORM-002352,USER_0142,UTILITY_CITY_WATER,61.07,2026-09-19T16:13:04.405843+00:00,USD,Monthly Bill Payment
TXN-NORM-002353,USER_1620,USER_1621,360.03,2026-09-07T15:41:58.097345+00:00,USD,Personal Transfer
TXN-NORM-002354,USER_1611,MUNICIPAL_TAX_BOARD,314.59,2026-09-19T04:03:35.840512+00:00,USD,Monthly Bill Payment
TXN-NORM-002355,USER_0856,USER_0857,264.01,2026-09-12T06:08:55.028912+00:00,USD,Personal Transfer
TXN-NORM-002356,USER_1066,USER_1067,95.94,2026-09-02T20:02:53.996139+00:00,USD,Personal Transfer
TXN-NORM-002357,USER_1330,TELECOM_APEX_MOBILE,38.15,2026-09-10T21:10:24.763882+00:00,USD,Monthly Bill Payment
TXN-NORM-002358,USER_1536,USER_1537,282.37,2026-09-20T03:28:18.812086+00:00,USD,Personal Transfer
TXN-NORM-002359,USER_0268,USER_0269,293.22,2026-09-27T14:35:52.689387+00:00,USD,Personal Transfer
TXN-NORM-002360,USER_0620,UTILITY_METRO_POWER,250.97,2026-09-27T11:28:35.456289+00:00,USD,Monthly Bill Payment
TXN-NORM-002361,USER_0554,USER_0555,358.03,2026-09-11T15:34:28.094201+00:00,USD,Personal Transfer
TXN-NORM-002362,USER_0272,USER_0273,151.60,2026-09-22T01:26:14.933344+00:00,USD,Personal Transfer
TXN-NORM-002363,USER_0171,USER_0172,338.12,2026-09-27T11:27:44.951341+00:00,USD,Personal Transfer
TXN-NORM-002364,USER_0653,USER_0654,77.34,2026-09-26T18:05:25.794089+00:00,USD,Personal Transfer
TXN-NORM-002365,USER_1561,UTILITY_CITY_WATER,210.87,2026-09-04T06:17:40.923462+00:00,USD,Monthly Bill Payment
TXN-NORM-002366,USER_0486,USER_0487,21.52,2026-09-25T20:29:37.528684+00:00,USD,Personal Transfer
TXN-NORM-002367,USER_0699,USER_0700,318.67,2026-09-19T03:28:05.989328+00:00,USD,Personal Transfer
TXN-NORM-002368,USER_0944,UTILITY_METRO_POWER,43.25,2026-09-11T02:37:15.841219+00:00,USD,Monthly Bill Payment
TXN-NORM-002369,USER_0285,UTILITY_METRO_POWER,258.43,2026-09-22T15:08:52.231676+00:00,USD,Monthly Bill Payment
TXN-NORM-002370,USER_0188,UTILITY_METRO_POWER,258.02,2026-09-24T02:40:01.770577+00:00,USD,Monthly Bill Payment
TXN-NORM-002371,USER_0793,UTILITY_CITY_WATER,255.18,2026-09-17T03:42:30.116291+00:00,USD,Monthly Bill Payment
TXN-NORM-002372,USER_1015,HEALTHCARE_CLINIC_CITY,217.34,2026-09-07T07:45:20.557403+00:00,USD,Monthly Bill Payment
TXN-NORM-002373,USER_0126,UTILITY_CITY_WATER,110.56,2026-09-15T23:27:42.634562+00:00,USD,Monthly Bill Payment
TXN-NORM-002374,USER_1111,GROCERY_MARKET_CENTRAL,49.63,2026-09-07T03:55:08.901899+00:00,USD,Monthly Bill Payment
TXN-NORM-002375,USER_0384,USER_0385,206.41,2026-09-23T02:58:33.361236+00:00,USD,Personal Transfer
TXN-NORM-002376,USER_1214,SUBSCRIPTION_STREAM_NOW,106.56,2026-09-13T14:40:50.465077+00:00,USD,Monthly Bill Payment
TXN-NORM-002377,USER_0707,USER_0708,380.83,2026-09-16T20:57:24.644970+00:00,USD,Personal Transfer
TXN-NORM-002378,USER_0133,GROCERY_MARKET_CENTRAL,290.75,2026-09-15T13:46:51.143212+00:00,USD,Monthly Bill Payment
TXN-NORM-002379,USER_0164,USER_0165,488.93,2026-09-27T09:07:44.877363+00:00,USD,Personal Transfer
TXN-NORM-002380,USER_1382,HEALTHCARE_CLINIC_CITY,221.79,2026-09-18T14:57:03.439836+00:00,USD,Monthly Bill Payment
TXN-NORM-002381,USER_0135,TELECOM_APEX_MOBILE,266.21,2026-09-22T10:45:56.116394+00:00,USD,Monthly Bill Payment
TXN-NORM-002382,USER_0984,MUNICIPAL_TAX_BOARD,349.71,2026-09-10T17:46:43.831901+00:00,USD,Monthly Bill Payment
TXN-NORM-002383,USER_0390,SUBSCRIPTION_STREAM_NOW,310.99,2026-09-06T23:02:08.093828+00:00,USD,Monthly Bill Payment
TXN-NORM-002384,USER_0665,USER_0666,436.31,2026-09-25T20:41:14.700053+00:00,USD,Personal Transfer
TXN-NORM-002385,USER_0952,UTILITY_METRO_POWER,308.84,2026-09-06T04:58:19.332295+00:00,USD,Monthly Bill Payment
TXN-NORM-002386,USER_1615,TELECOM_APEX_MOBILE,29.53,2026-09-29T12:33:41.009454+00:00,USD,Monthly Bill Payment
TXN-NORM-002387,USER_1621,USER_1622,473.83,2026-09-27T04:14:50.168337+00:00,USD,Personal Transfer
TXN-NORM-002388,USER_0445,TELECOM_APEX_MOBILE,89.27,2026-09-12T19:41:31.985885+00:00,USD,Monthly Bill Payment
TXN-NORM-002389,USER_1019,UTILITY_CITY_WATER,183.12,2026-09-10T12:52:18.308269+00:00,USD,Monthly Bill Payment
TXN-NORM-002390,USER_1483,HEALTHCARE_CLINIC_CITY,44.42,2026-09-14T02:15:52.912315+00:00,USD,Monthly Bill Payment
TXN-NORM-002391,USER_0218,TELECOM_APEX_MOBILE,70.98,2026-09-11T09:30:11.864167+00:00,USD,Monthly Bill Payment
TXN-NORM-002392,USER_1063,USER_1064,21.29,2026-09-24T17:01:19.159773+00:00,USD,Personal Transfer
TXN-NORM-002393,USER_0631,MUNICIPAL_TAX_BOARD,164.42,2026-09-11T13:49:48.631189+00:00,USD,Monthly Bill Payment
TXN-NORM-002394,USER_0250,TELECOM_APEX_MOBILE,287.32,2026-09-16T22:48:41.092807+00:00,USD,Monthly Bill Payment
TXN-NORM-002395,USER_0263,SUBSCRIPTION_STREAM_NOW,145.25,2026-09-28T21:13:01.441448+00:00,USD,Monthly Bill Payment
TXN-NORM-002396,USER_0505,GROCERY_MARKET_CENTRAL,318.33,2026-09-11T03:47:26.159358+00:00,USD,Monthly Bill Payment
TXN-NORM-002397,USER_1299,USER_1300,180.27,2026-09-29T05:11:16.788559+00:00,USD,Personal Transfer
TXN-NORM-002398,USER_1626,GROCERY_MARKET_CENTRAL,230.62,2026-09-07T07:53:19.281539+00:00,USD,Monthly Bill Payment
TXN-NORM-002399,USER_0469,USER_0470,288.20,2026-09-19T00:57:44.207333+00:00,USD,Personal Transfer
TXN-NORM-002400,USER_0040,UTILITY_CITY_WATER,227.67,2026-09-26T19:56:08.081896+00:00,USD,Monthly Bill Payment
TXN-NORM-002401,USER_0167,SUBSCRIPTION_STREAM_NOW,151.61,2026-09-14T23:17:00.228969+00:00,USD,Monthly Bill Payment
TXN-NORM-002402,USER_0396,USER_0397,426.17,2026-09-09T14:44:01.658740+00:00,USD,Personal Transfer
TXN-NORM-002403,USER_0121,TELECOM_APEX_MOBILE,293.07,2026-09-07T23:16:38.364913+00:00,USD,Monthly Bill Payment
TXN-NORM-002404,USER_0989,TELECOM_APEX_MOBILE,221.55,2026-09-24T00:40:17.955400+00:00,USD,Monthly Bill Payment
TXN-NORM-002405,USER_1099,MUNICIPAL_TAX_BOARD,221.65,2026-09-24T15:14:49.914785+00:00,USD,Monthly Bill Payment
TXN-NORM-002406,USER_0606,USER_0607,402.44,2026-09-22T12:26:14.540367+00:00,USD,Personal Transfer
TXN-NORM-002407,USER_0579,TELECOM_APEX_MOBILE,91.38,2026-09-12T05:29:32.034768+00:00,USD,Monthly Bill Payment
TXN-NORM-002408,USER_0607,TELECOM_APEX_MOBILE,176.11,2026-09-20T10:49:05.184038+00:00,USD,Monthly Bill Payment
TXN-NORM-002409,USER_0303,SUBSCRIPTION_STREAM_NOW,271.50,2026-09-12T14:50:00.821995+00:00,USD,Monthly Bill Payment
TXN-NORM-002410,USER_0221,USER_0222,309.17,2026-09-14T17:26:58.527746+00:00,USD,Personal Transfer
TXN-NORM-002411,USER_0584,UTILITY_METRO_POWER,307.01,2026-09-05T07:35:02.975718+00:00,USD,Monthly Bill Payment
TXN-NORM-002412,USER_1132,UTILITY_METRO_POWER,229.39,2026-09-06T04:54:03.729455+00:00,USD,Monthly Bill Payment
TXN-NORM-002413,USER_1324,TELECOM_APEX_MOBILE,130.30,2026-09-06T18:16:15.903762+00:00,USD,Monthly Bill Payment
TXN-NORM-002414,USER_1550,HEALTHCARE_CLINIC_CITY,256.94,2026-09-26T10:35:50.293085+00:00,USD,Monthly Bill Payment
TXN-NORM-002415,USER_1018,MUNICIPAL_TAX_BOARD,78.10,2026-09-03T18:57:44.136009+00:00,USD,Monthly Bill Payment
TXN-NORM-002416,USER_1462,UTILITY_METRO_POWER,159.11,2026-09-23T06:04:12.163387+00:00,USD,Monthly Bill Payment
TXN-NORM-002417,USER_1538,SUBSCRIPTION_STREAM_NOW,233.59,2026-09-12T23:09:53.615776+00:00,USD,Monthly Bill Payment
TXN-NORM-002418,USER_0811,USER_0812,115.52,2026-09-17T03:16:21.957201+00:00,USD,Personal Transfer
TXN-NORM-002419,USER_0326,UTILITY_CITY_WATER,43.37,2026-09-27T11:55:23.141622+00:00,USD,Monthly Bill Payment
TXN-NORM-002420,USER_1400,UTILITY_METRO_POWER,38.71,2026-09-03T12:02:33.665173+00:00,USD,Monthly Bill Payment
TXN-NORM-002421,USER_1554,TELECOM_APEX_MOBILE,129.96,2026-09-06T04:08:05.571138+00:00,USD,Monthly Bill Payment
TXN-NORM-002422,USER_1549,UTILITY_METRO_POWER,242.63,2026-09-13T03:57:00.809937+00:00,USD,Monthly Bill Payment
TXN-NORM-002423,USER_1428,UTILITY_METRO_POWER,92.87,2026-09-03T21:31:25.361779+00:00,USD,Monthly Bill Payment
TXN-NORM-002424,USER_1194,TELECOM_APEX_MOBILE,190.47,2026-09-11T13:57:45.150656+00:00,USD,Monthly Bill Payment
TXN-NORM-002425,USER_0337,HEALTHCARE_CLINIC_CITY,266.88,2026-09-06T00:19:01.866706+00:00,USD,Monthly Bill Payment
TXN-NORM-002426,USER_0577,GROCERY_MARKET_CENTRAL,90.52,2026-09-12T16:11:54.007457+00:00,USD,Monthly Bill Payment
TXN-NORM-002427,USER_1245,UTILITY_METRO_POWER,236.40,2026-09-07T12:54:21.199052+00:00,USD,Monthly Bill Payment
TXN-NORM-002428,USER_0925,UTILITY_CITY_WATER,61.63,2026-09-19T01:37:54.422321+00:00,USD,Monthly Bill Payment
TXN-NORM-002429,USER_0794,USER_0795,383.48,2026-09-22T16:59:16.288490+00:00,USD,Personal Transfer
TXN-NORM-002430,USER_1507,USER_1508,302.73,2026-09-25T06:03:47.013538+00:00,USD,Personal Transfer
TXN-NORM-002431,USER_0622,GROCERY_MARKET_CENTRAL,107.01,2026-09-03T13:24:16.252282+00:00,USD,Monthly Bill Payment
TXN-NORM-002432,USER_1047,TELECOM_APEX_MOBILE,92.06,2026-09-02T07:35:35.331569+00:00,USD,Monthly Bill Payment
TXN-NORM-002433,USER_1475,GROCERY_MARKET_CENTRAL,78.71,2026-09-11T09:13:58.012424+00:00,USD,Monthly Bill Payment
TXN-NORM-002434,USER_1007,MUNICIPAL_TAX_BOARD,59.86,2026-09-18T16:02:38.477408+00:00,USD,Monthly Bill Payment
TXN-NORM-002435,USER_0001,USER_0002,466.13,2026-09-19T00:21:03.738446+00:00,USD,Personal Transfer
TXN-NORM-002436,USER_0622,UTILITY_METRO_POWER,144.62,2026-09-22T06:28:11.330677+00:00,USD,Monthly Bill Payment
TXN-NORM-002437,USER_1323,TELECOM_APEX_MOBILE,160.68,2026-09-13T23:49:06.218561+00:00,USD,Monthly Bill Payment
TXN-NORM-002438,USER_0046,UTILITY_CITY_WATER,110.39,2026-09-02T20:08:52.132367+00:00,USD,Monthly Bill Payment
TXN-NORM-002439,USER_0420,SUBSCRIPTION_STREAM_NOW,81.74,2026-09-19T12:40:27.139441+00:00,USD,Monthly Bill Payment
TXN-NORM-002440,USER_0231,UTILITY_METRO_POWER,253.43,2026-09-08T14:54:26.293445+00:00,USD,Monthly Bill Payment
TXN-NORM-002441,USER_0983,SUBSCRIPTION_STREAM_NOW,245.36,2026-09-21T06:41:49.070470+00:00,USD,Monthly Bill Payment
TXN-NORM-002442,USER_0062,UTILITY_CITY_WATER,341.19,2026-09-14T09:25:37.125329+00:00,USD,Monthly Bill Payment
TXN-NORM-002443,USER_1182,USER_1183,151.56,2026-09-20T09:48:57.867710+00:00,USD,Personal Transfer
TXN-NORM-002444,USER_0982,UTILITY_CITY_WATER,101.32,2026-09-09T13:17:25.175338+00:00,USD,Monthly Bill Payment
TXN-NORM-002445,USER_0918,USER_0919,288.16,2026-09-29T14:07:45.935216+00:00,USD,Personal Transfer
TXN-NORM-002446,USER_0892,GROCERY_MARKET_CENTRAL,266.32,2026-09-21T15:50:35.763064+00:00,USD,Monthly Bill Payment
TXN-NORM-002447,USER_0587,SUBSCRIPTION_STREAM_NOW,201.99,2026-09-19T00:43:13.183410+00:00,USD,Monthly Bill Payment
TXN-NORM-002448,USER_0765,USER_0766,371.57,2026-09-12T06:20:14.104317+00:00,USD,Personal Transfer
TXN-NORM-002449,USER_0711,TELECOM_APEX_MOBILE,274.38,2026-09-18T09:23:35.335900+00:00,USD,Monthly Bill Payment
TXN-NORM-002450,USER_0303,USER_0304,278.00,2026-09-23T08:25:39.670031+00:00,USD,Personal Transfer
TXN-NORM-002451,USER_0738,USER_0739,81.76,2026-09-04T12:13:02.208095+00:00,USD,Personal Transfer
TXN-NORM-002452,USER_0735,UTILITY_METRO_POWER,136.62,2026-09-14T13:10:05.104984+00:00,USD,Monthly Bill Payment
TXN-NORM-002453,USER_1281,GROCERY_MARKET_CENTRAL,211.45,2026-09-11T12:04:07.532490+00:00,USD,Monthly Bill Payment
TXN-NORM-002454,USER_1623,SUBSCRIPTION_STREAM_NOW,311.23,2026-09-21T04:26:35.884890+00:00,USD,Monthly Bill Payment
TXN-NORM-002455,USER_1027,MUNICIPAL_TAX_BOARD,241.01,2026-09-16T05:34:11.878386+00:00,USD,Monthly Bill Payment
TXN-NORM-002456,USER_0338,USER_0339,71.71,2026-09-21T05:55:48.808352+00:00,USD,Personal Transfer
TXN-NORM-002457,USER_1499,USER_1500,333.59,2026-09-12T15:55:35.383774+00:00,USD,Personal Transfer
TXN-NORM-002458,USER_0805,GROCERY_MARKET_CENTRAL,346.08,2026-09-12T02:15:10.437955+00:00,USD,Monthly Bill Payment
TXN-NORM-002459,USER_0463,UTILITY_METRO_POWER,315.28,2026-09-14T15:55:00.401358+00:00,USD,Monthly Bill Payment
TXN-NORM-002460,USER_1034,USER_1035,475.80,2026-09-15T15:43:16.338676+00:00,USD,Personal Transfer
TXN-NORM-002461,USER_0496,USER_0497,324.55,2026-09-10T10:45:36.431445+00:00,USD,Personal Transfer
TXN-NORM-002462,USER_0392,UTILITY_CITY_WATER,293.99,2026-09-02T17:26:22.254887+00:00,USD,Monthly Bill Payment
TXN-NORM-002463,USER_1394,TELECOM_APEX_MOBILE,240.02,2026-09-08T22:32:57.625512+00:00,USD,Monthly Bill Payment
TXN-NORM-002464,USER_0022,USER_0023,116.10,2026-09-10T14:48:27.422209+00:00,USD,Personal Transfer
TXN-NORM-002465,USER_0878,SUBSCRIPTION_STREAM_NOW,342.53,2026-09-27T10:51:04.164036+00:00,USD,Monthly Bill Payment
TXN-NORM-002466,USER_1024,GROCERY_MARKET_CENTRAL,149.72,2026-09-03T06:06:04.554300+00:00,USD,Monthly Bill Payment
TXN-NORM-002467,USER_1104,USER_1105,252.80,2026-09-14T00:09:27.736187+00:00,USD,Personal Transfer
TXN-NORM-002468,USER_0056,TELECOM_APEX_MOBILE,201.71,2026-09-28T16:34:10.657539+00:00,USD,Monthly Bill Payment
TXN-NORM-002469,USER_0170,SUBSCRIPTION_STREAM_NOW,268.44,2026-09-25T01:04:23.601994+00:00,USD,Monthly Bill Payment
TXN-NORM-002470,USER_0495,MUNICIPAL_TAX_BOARD,277.58,2026-09-15T05:56:46.386983+00:00,USD,Monthly Bill Payment
TXN-NORM-002471,USER_0925,UTILITY_CITY_WATER,217.86,2026-09-13T05:03:33.033596+00:00,USD,Monthly Bill Payment
TXN-NORM-002472,USER_1383,USER_1384,258.51,2026-09-28T09:54:10.924690+00:00,USD,Personal Transfer
TXN-NORM-002473,USER_0949,MUNICIPAL_TAX_BOARD,63.24,2026-09-17T13:01:26.823504+00:00,USD,Monthly Bill Payment
TXN-NORM-002474,USER_1059,UTILITY_CITY_WATER,37.94,2026-09-27T07:27:16.071605+00:00,USD,Monthly Bill Payment
TXN-NORM-002475,USER_1232,UTILITY_METRO_POWER,89.72,2026-09-04T23:43:17.132932+00:00,USD,Monthly Bill Payment
TXN-NORM-002476,USER_0996,SUBSCRIPTION_STREAM_NOW,39.26,2026-09-12T18:33:18.755271+00:00,USD,Monthly Bill Payment
TXN-NORM-002477,USER_0375,HEALTHCARE_CLINIC_CITY,169.52,2026-09-26T12:12:57.784289+00:00,USD,Monthly Bill Payment
TXN-NORM-002478,USER_1436,USER_1437,79.02,2026-09-05T04:16:00.797918+00:00,USD,Personal Transfer
TXN-NORM-002479,USER_1240,HEALTHCARE_CLINIC_CITY,164.74,2026-09-14T10:34:59.813968+00:00,USD,Monthly Bill Payment
TXN-NORM-002480,USER_1451,SUBSCRIPTION_STREAM_NOW,35.90,2026-09-21T05:24:35.671483+00:00,USD,Monthly Bill Payment
TXN-NORM-002481,USER_0894,TELECOM_APEX_MOBILE,310.28,2026-09-13T14:13:31.575494+00:00,USD,Monthly Bill Payment
TXN-NORM-002482,USER_1362,UTILITY_CITY_WATER,64.33,2026-09-13T06:05:42.748141+00:00,USD,Monthly Bill Payment
TXN-NORM-002483,USER_0332,HEALTHCARE_CLINIC_CITY,348.87,2026-09-07T04:56:30.231084+00:00,USD,Monthly Bill Payment
TXN-NORM-002484,USER_0765,SUBSCRIPTION_STREAM_NOW,62.65,2026-09-15T07:00:17.787972+00:00,USD,Monthly Bill Payment
TXN-NORM-002485,USER_0082,HEALTHCARE_CLINIC_CITY,151.98,2026-09-06T00:52:25.763906+00:00,USD,Monthly Bill Payment
TXN-NORM-002486,USER_0762,HEALTHCARE_CLINIC_CITY,111.41,2026-09-23T20:39:11.221530+00:00,USD,Monthly Bill Payment
TXN-NORM-002487,USER_1087,UTILITY_CITY_WATER,304.69,2026-09-26T11:14:20.009734+00:00,USD,Monthly Bill Payment
TXN-NORM-002488,USER_0438,UTILITY_METRO_POWER,81.04,2026-09-15T14:30:56.386792+00:00,USD,Monthly Bill Payment
TXN-NORM-002489,USER_1133,HEALTHCARE_CLINIC_CITY,66.26,2026-09-16T22:04:24.007381+00:00,USD,Monthly Bill Payment
TXN-NORM-002490,USER_1045,UTILITY_METRO_POWER,209.00,2026-09-23T14:10:34.324048+00:00,USD,Monthly Bill Payment
TXN-NORM-002491,USER_0506,GROCERY_MARKET_CENTRAL,110.30,2026-09-13T17:31:07.345402+00:00,USD,Monthly Bill Payment
TXN-NORM-002492,USER_0123,USER_0124,206.39,2026-09-03T08:56:54.492382+00:00,USD,Personal Transfer
TXN-NORM-002493,USER_0395,USER_0396,309.12,2026-09-28T05:07:00.992005+00:00,USD,Personal Transfer
TXN-NORM-002494,USER_0461,USER_0462,437.86,2026-09-05T20:20:27.807474+00:00,USD,Personal Transfer
TXN-NORM-002495,USER_1302,GROCERY_MARKET_CENTRAL,49.39,2026-09-18T19:59:34.459426+00:00,USD,Monthly Bill Payment
TXN-NORM-002496,USER_1229,GROCERY_MARKET_CENTRAL,72.31,2026-09-03T16:34:02.029434+00:00,USD,Monthly Bill Payment
TXN-NORM-002497,USER_1314,HEALTHCARE_CLINIC_CITY,287.21,2026-09-09T19:37:23.870262+00:00,USD,Monthly Bill Payment
TXN-NORM-002498,USER_0700,TELECOM_APEX_MOBILE,303.00,2026-09-17T02:47:50.961005+00:00,USD,Monthly Bill Payment
TXN-NORM-002499,USER_0963,TELECOM_APEX_MOBILE,54.57,2026-09-12T16:25:42.398521+00:00,USD,Monthly Bill Payment
TXN-NORM-002500,USER_1003,USER_1004,320.12,2026-09-16T16:23:19.598988+00:00,USD,Personal Transfer
TXN-NORM-002501,USER_0556,USER_0557,464.51,2026-09-18T14:45:58.384591+00:00,USD,Personal Transfer
TXN-NORM-002502,USER_0664,USER_0665,108.05,2026-09-17T23:43:12.936596+00:00,USD,Personal Transfer
TXN-NORM-002503,USER_0687,SUBSCRIPTION_STREAM_NOW,242.65,2026-09-13T13:36:00.039406+00:00,USD,Monthly Bill Payment
TXN-NORM-002504,USER_0386,USER_0387,388.41,2026-09-26T18:33:45.161976+00:00,USD,Personal Transfer
TXN-NORM-002505,USER_0605,GROCERY_MARKET_CENTRAL,175.37,2026-09-21T06:56:55.128169+00:00,USD,Monthly Bill Payment
TXN-NORM-002506,USER_1066,UTILITY_CITY_WATER,91.86,2026-09-22T08:15:14.175380+00:00,USD,Monthly Bill Payment
TXN-NORM-002507,USER_1618,UTILITY_CITY_WATER,152.28,2026-09-11T18:41:15.607307+00:00,USD,Monthly Bill Payment
TXN-NORM-002508,USER_1469,TELECOM_APEX_MOBILE,221.94,2026-09-18T00:00:34.606252+00:00,USD,Monthly Bill Payment
TXN-NORM-002509,USER_0518,UTILITY_METRO_POWER,86.40,2026-09-12T17:32:45.343607+00:00,USD,Monthly Bill Payment
TXN-NORM-002510,USER_0522,USER_0523,290.22,2026-09-14T18:26:27.629658+00:00,USD,Personal Transfer
TXN-NORM-002511,USER_0408,UTILITY_METRO_POWER,179.82,2026-09-29T18:17:51.791053+00:00,USD,Monthly Bill Payment
TXN-NORM-002512,USER_0793,GROCERY_MARKET_CENTRAL,285.42,2026-09-05T18:20:41.191791+00:00,USD,Monthly Bill Payment
TXN-NORM-002513,USER_0112,MUNICIPAL_TAX_BOARD,112.23,2026-09-03T20:02:34.109269+00:00,USD,Monthly Bill Payment
TXN-NORM-002514,USER_1606,UTILITY_METRO_POWER,314.68,2026-09-23T00:08:41.824160+00:00,USD,Monthly Bill Payment
TXN-NORM-002515,USER_1161,SUBSCRIPTION_STREAM_NOW,103.22,2026-09-05T04:18:53.620182+00:00,USD,Monthly Bill Payment
TXN-NORM-002516,USER_0452,MUNICIPAL_TAX_BOARD,139.90,2026-09-18T00:28:06.757147+00:00,USD,Monthly Bill Payment
TXN-NORM-002517,USER_0485,UTILITY_CITY_WATER,80.85,2026-09-17T14:57:51.777704+00:00,USD,Monthly Bill Payment
TXN-NORM-002518,USER_0785,MUNICIPAL_TAX_BOARD,265.65,2026-09-19T03:09:20.014556+00:00,USD,Monthly Bill Payment
TXN-NORM-002519,USER_0553,USER_0554,212.11,2026-09-05T12:42:27.254164+00:00,USD,Personal Transfer
TXN-NORM-002520,USER_0496,UTILITY_CITY_WATER,115.83,2026-09-06T14:16:51.326355+00:00,USD,Monthly Bill Payment
TXN-NORM-002521,USER_0007,UTILITY_CITY_WATER,100.46,2026-09-10T20:26:03.865140+00:00,USD,Monthly Bill Payment
TXN-NORM-002522,USER_0168,SUBSCRIPTION_STREAM_NOW,301.44,2026-09-14T07:34:29.410659+00:00,USD,Monthly Bill Payment
TXN-NORM-002523,USER_1538,HEALTHCARE_CLINIC_CITY,184.74,2026-09-17T04:02:50.846372+00:00,USD,Monthly Bill Payment
TXN-NORM-002524,USER_1618,USER_1619,261.17,2026-09-11T07:06:47.532869+00:00,USD,Personal Transfer
TXN-NORM-002525,USER_0795,USER_0796,356.18,2026-09-19T02:41:54.656074+00:00,USD,Personal Transfer
TXN-NORM-002526,USER_1231,USER_1232,210.94,2026-09-21T00:45:23.686554+00:00,USD,Personal Transfer
TXN-NORM-002527,USER_0447,TELECOM_APEX_MOBILE,317.00,2026-09-13T08:24:23.363660+00:00,USD,Monthly Bill Payment
TXN-NORM-002528,USER_0778,MUNICIPAL_TAX_BOARD,104.32,2026-09-14T20:38:11.428343+00:00,USD,Monthly Bill Payment
TXN-NORM-002529,USER_1429,MUNICIPAL_TAX_BOARD,137.18,2026-09-21T15:16:17.219890+00:00,USD,Monthly Bill Payment
TXN-NORM-002530,USER_0781,SUBSCRIPTION_STREAM_NOW,54.07,2026-09-14T12:30:27.679642+00:00,USD,Monthly Bill Payment
TXN-NORM-002531,USER_0523,UTILITY_CITY_WATER,79.78,2026-09-09T14:06:13.865730+00:00,USD,Monthly Bill Payment
TXN-NORM-002532,USER_1200,UTILITY_METRO_POWER,343.23,2026-09-18T17:27:39.080373+00:00,USD,Monthly Bill Payment
TXN-NORM-002533,USER_0747,MUNICIPAL_TAX_BOARD,250.98,2026-09-08T07:32:26.250636+00:00,USD,Monthly Bill Payment
TXN-NORM-002534,USER_0103,UTILITY_CITY_WATER,120.27,2026-09-16T17:34:35.966665+00:00,USD,Monthly Bill Payment
TXN-NORM-002535,USER_0893,TELECOM_APEX_MOBILE,79.15,2026-09-27T14:09:43.471034+00:00,USD,Monthly Bill Payment
TXN-NORM-002536,USER_0137,HEALTHCARE_CLINIC_CITY,279.51,2026-09-04T08:47:04.739386+00:00,USD,Monthly Bill Payment
TXN-NORM-002537,USER_1518,UTILITY_CITY_WATER,101.78,2026-09-17T14:14:58.754781+00:00,USD,Monthly Bill Payment
TXN-NORM-002538,USER_0401,GROCERY_MARKET_CENTRAL,279.52,2026-09-04T00:16:27.543820+00:00,USD,Monthly Bill Payment
TXN-NORM-002539,USER_1094,UTILITY_CITY_WATER,74.63,2026-09-15T02:52:53.501384+00:00,USD,Monthly Bill Payment
TXN-NORM-002540,USER_0383,TELECOM_APEX_MOBILE,191.80,2026-09-02T05:04:23.944497+00:00,USD,Monthly Bill Payment
TXN-NORM-002541,USER_0043,UTILITY_CITY_WATER,40.71,2026-09-27T04:43:01.134129+00:00,USD,Monthly Bill Payment
TXN-NORM-002542,USER_0320,USER_0321,394.83,2026-09-08T22:59:36.093240+00:00,USD,Personal Transfer
TXN-NORM-002543,USER_0948,UTILITY_CITY_WATER,77.68,2026-09-06T18:25:37.544484+00:00,USD,Monthly Bill Payment
TXN-NORM-002544,USER_1242,USER_1243,15.28,2026-09-04T02:26:45.974986+00:00,USD,Personal Transfer
TXN-NORM-002545,USER_0944,MUNICIPAL_TAX_BOARD,261.03,2026-09-15T22:03:29.584260+00:00,USD,Monthly Bill Payment
TXN-NORM-002546,USER_1076,MUNICIPAL_TAX_BOARD,212.68,2026-09-20T06:42:03.859567+00:00,USD,Monthly Bill Payment
TXN-NORM-002547,USER_1535,MUNICIPAL_TAX_BOARD,303.83,2026-09-09T06:55:26.654895+00:00,USD,Monthly Bill Payment
TXN-NORM-002548,USER_0259,USER_0260,159.74,2026-09-07T23:49:08.020151+00:00,USD,Personal Transfer
TXN-NORM-002549,USER_1238,USER_1239,26.58,2026-09-12T18:57:13.438125+00:00,USD,Personal Transfer
TXN-NORM-002550,USER_0998,HEALTHCARE_CLINIC_CITY,268.86,2026-09-02T17:57:29.097593+00:00,USD,Monthly Bill Payment
TXN-NORM-002551,USER_0922,USER_0923,399.97,2026-09-23T23:25:06.261708+00:00,USD,Personal Transfer
TXN-NORM-002552,USER_0812,SUBSCRIPTION_STREAM_NOW,107.20,2026-09-02T12:19:00.258566+00:00,USD,Monthly Bill Payment
TXN-NORM-002553,USER_0818,UTILITY_CITY_WATER,160.14,2026-09-14T23:23:03.850300+00:00,USD,Monthly Bill Payment
TXN-NORM-002554,USER_0106,TELECOM_APEX_MOBILE,42.26,2026-09-05T22:09:06.809696+00:00,USD,Monthly Bill Payment
TXN-NORM-002555,USER_0953,USER_0954,305.14,2026-09-27T00:25:58.879164+00:00,USD,Personal Transfer
TXN-NORM-002556,USER_0727,USER_0728,490.96,2026-09-17T04:44:21.108778+00:00,USD,Personal Transfer
TXN-NORM-002557,USER_0982,MUNICIPAL_TAX_BOARD,78.93,2026-09-11T09:19:25.827755+00:00,USD,Monthly Bill Payment
TXN-NORM-002558,USER_0208,UTILITY_METRO_POWER,190.59,2026-09-21T21:36:21.324335+00:00,USD,Monthly Bill Payment
TXN-NORM-002559,USER_1292,GROCERY_MARKET_CENTRAL,224.20,2026-09-02T21:54:50.550119+00:00,USD,Monthly Bill Payment
TXN-NORM-002560,USER_0711,MUNICIPAL_TAX_BOARD,215.33,2026-09-09T18:02:14.038288+00:00,USD,Monthly Bill Payment
TXN-NORM-002561,USER_0898,USER_0899,392.96,2026-09-13T21:18:36.414253+00:00,USD,Personal Transfer
TXN-NORM-002562,USER_1493,USER_1494,414.99,2026-09-16T01:09:57.382657+00:00,USD,Personal Transfer
TXN-NORM-002563,USER_0677,USER_0678,83.97,2026-09-14T08:04:52.439859+00:00,USD,Personal Transfer
TXN-NORM-002564,USER_0403,UTILITY_METRO_POWER,39.30,2026-09-12T22:41:08.759018+00:00,USD,Monthly Bill Payment
TXN-NORM-002565,USER_0025,USER_0026,402.74,2026-09-07T10:03:58.120927+00:00,USD,Personal Transfer
TXN-NORM-002566,USER_0311,UTILITY_METRO_POWER,78.10,2026-09-17T19:51:28.442285+00:00,USD,Monthly Bill Payment
TXN-NORM-002567,USER_0077,SUBSCRIPTION_STREAM_NOW,322.42,2026-09-15T06:49:31.920506+00:00,USD,Monthly Bill Payment
TXN-NORM-002568,USER_0340,USER_0341,237.91,2026-09-15T14:32:08.531448+00:00,USD,Personal Transfer
TXN-NORM-002569,USER_0702,MUNICIPAL_TAX_BOARD,206.53,2026-09-29T16:30:42.598696+00:00,USD,Monthly Bill Payment
TXN-NORM-002570,USER_1520,HEALTHCARE_CLINIC_CITY,296.49,2026-09-20T11:20:41.381227+00:00,USD,Monthly Bill Payment
TXN-NORM-002571,USER_1208,GROCERY_MARKET_CENTRAL,32.22,2026-09-09T19:25:40.942128+00:00,USD,Monthly Bill Payment
TXN-NORM-002572,USER_0990,HEALTHCARE_CLINIC_CITY,347.18,2026-09-28T08:18:01.878696+00:00,USD,Monthly Bill Payment
TXN-NORM-002573,USER_0106,USER_0107,414.67,2026-09-10T10:36:33.595784+00:00,USD,Personal Transfer
TXN-NORM-002574,USER_1137,UTILITY_CITY_WATER,325.97,2026-09-23T21:29:56.994158+00:00,USD,Monthly Bill Payment
TXN-NORM-002575,USER_1429,MUNICIPAL_TAX_BOARD,132.64,2026-09-12T08:53:36.184682+00:00,USD,Monthly Bill Payment
TXN-NORM-002576,USER_0167,TELECOM_APEX_MOBILE,325.99,2026-09-19T05:24:59.039270+00:00,USD,Monthly Bill Payment
TXN-NORM-002577,USER_0117,SUBSCRIPTION_STREAM_NOW,342.97,2026-09-24T15:35:53.045999+00:00,USD,Monthly Bill Payment
TXN-NORM-002578,USER_0684,USER_0685,441.37,2026-09-05T08:04:51.839951+00:00,USD,Personal Transfer
TXN-NORM-002579,USER_1008,USER_1009,223.60,2026-09-13T01:12:32.616266+00:00,USD,Personal Transfer
TXN-NORM-002580,USER_0482,UTILITY_CITY_WATER,219.34,2026-09-18T23:35:22.185754+00:00,USD,Monthly Bill Payment
TXN-NORM-002581,USER_1216,GROCERY_MARKET_CENTRAL,264.66,2026-09-04T02:58:43.293985+00:00,USD,Monthly Bill Payment
TXN-NORM-002582,USER_0308,GROCERY_MARKET_CENTRAL,287.63,2026-09-15T14:15:38.705730+00:00,USD,Monthly Bill Payment
TXN-NORM-002583,USER_1328,UTILITY_METRO_POWER,68.38,2026-09-03T18:58:21.036295+00:00,USD,Monthly Bill Payment
TXN-NORM-002584,USER_0752,USER_0753,292.42,2026-09-27T19:50:55.529551+00:00,USD,Personal Transfer
TXN-NORM-002585,USER_0083,MUNICIPAL_TAX_BOARD,51.76,2026-09-10T11:51:12.880282+00:00,USD,Monthly Bill Payment
TXN-NORM-002586,USER_0081,UTILITY_CITY_WATER,316.54,2026-09-24T22:15:45.772981+00:00,USD,Monthly Bill Payment
TXN-NORM-002587,USER_1005,MUNICIPAL_TAX_BOARD,117.44,2026-09-18T09:36:14.364866+00:00,USD,Monthly Bill Payment
TXN-NORM-002588,USER_0134,GROCERY_MARKET_CENTRAL,252.48,2026-09-25T17:50:50.350870+00:00,USD,Monthly Bill Payment
TXN-NORM-002589,USER_0197,SUBSCRIPTION_STREAM_NOW,301.95,2026-09-08T08:17:03.826283+00:00,USD,Monthly Bill Payment
TXN-NORM-002590,USER_1362,MUNICIPAL_TAX_BOARD,124.58,2026-09-15T12:15:36.034831+00:00,USD,Monthly Bill Payment
TXN-NORM-002591,USER_1339,USER_1340,492.53,2026-09-13T05:48:21.224903+00:00,USD,Personal Transfer
TXN-NORM-002592,USER_0634,USER_0635,356.07,2026-09-08T04:31:56.863535+00:00,USD,Personal Transfer
TXN-NORM-002593,USER_0076,UTILITY_METRO_POWER,349.42,2026-09-18T06:03:45.362924+00:00,USD,Monthly Bill Payment
TXN-NORM-002594,USER_0259,TELECOM_APEX_MOBILE,213.26,2026-09-04T05:18:36.722934+00:00,USD,Monthly Bill Payment
TXN-NORM-002595,USER_1472,HEALTHCARE_CLINIC_CITY,93.18,2026-09-13T13:50:21.693634+00:00,USD,Monthly Bill Payment
TXN-NORM-002596,USER_0970,USER_0971,182.37,2026-09-12T09:28:28.449126+00:00,USD,Personal Transfer
TXN-NORM-002597,USER_0101,UTILITY_CITY_WATER,289.07,2026-09-25T21:00:50.592570+00:00,USD,Monthly Bill Payment
TXN-NORM-002598,USER_0950,USER_0951,79.46,2026-09-13T06:01:32.615811+00:00,USD,Personal Transfer
TXN-NORM-002599,USER_0670,USER_0671,379.48,2026-09-21T22:01:52.870299+00:00,USD,Personal Transfer
TXN-NORM-002600,USER_1434,SUBSCRIPTION_STREAM_NOW,55.30,2026-09-26T04:39:56.459388+00:00,USD,Monthly Bill Payment
TXN-NORM-002601,USER_0686,MUNICIPAL_TAX_BOARD,185.99,2026-09-26T17:00:23.256271+00:00,USD,Monthly Bill Payment
TXN-NORM-002602,USER_0570,USER_0571,388.87,2026-09-22T09:04:14.018743+00:00,USD,Personal Transfer
TXN-NORM-002603,USER_1294,UTILITY_METRO_POWER,58.99,2026-09-11T18:23:52.874052+00:00,USD,Monthly Bill Payment
TXN-NORM-002604,USER_1581,USER_1582,176.27,2026-09-15T23:04:15.916446+00:00,USD,Personal Transfer
TXN-NORM-002605,USER_1349,USER_1350,204.48,2026-09-22T20:10:03.094583+00:00,USD,Personal Transfer
TXN-NORM-002606,USER_1083,USER_1084,388.31,2026-09-19T01:57:20.705550+00:00,USD,Personal Transfer
TXN-NORM-002607,USER_1498,USER_1499,498.44,2026-09-14T19:36:10.299589+00:00,USD,Personal Transfer
TXN-NORM-002608,USER_0935,HEALTHCARE_CLINIC_CITY,338.65,2026-09-11T13:43:45.289357+00:00,USD,Monthly Bill Payment
TXN-NORM-002609,USER_0129,MUNICIPAL_TAX_BOARD,210.87,2026-09-26T20:25:56.654160+00:00,USD,Monthly Bill Payment
TXN-NORM-002610,USER_0646,USER_0647,447.38,2026-09-08T06:58:12.726246+00:00,USD,Personal Transfer
TXN-NORM-002611,USER_0080,USER_0081,143.70,2026-09-20T17:23:55.990454+00:00,USD,Personal Transfer
TXN-NORM-002612,USER_1087,SUBSCRIPTION_STREAM_NOW,25.73,2026-09-08T12:10:04.468843+00:00,USD,Monthly Bill Payment
TXN-NORM-002613,USER_0098,USER_0099,410.00,2026-09-24T11:14:52.076691+00:00,USD,Personal Transfer
TXN-NORM-002614,USER_1120,USER_1121,306.12,2026-09-02T14:09:36.755032+00:00,USD,Personal Transfer
TXN-NORM-002615,USER_0105,UTILITY_METRO_POWER,302.95,2026-09-18T07:42:09.645015+00:00,USD,Monthly Bill Payment
TXN-NORM-002616,USER_0797,HEALTHCARE_CLINIC_CITY,164.59,2026-09-11T03:25:19.605224+00:00,USD,Monthly Bill Payment
TXN-NORM-002617,USER_0674,UTILITY_CITY_WATER,327.60,2026-09-28T03:19:44.409699+00:00,USD,Monthly Bill Payment
TXN-NORM-002618,USER_1498,UTILITY_CITY_WATER,319.44,2026-09-20T10:03:59.949925+00:00,USD,Monthly Bill Payment
TXN-NORM-002619,USER_0418,USER_0419,498.97,2026-09-12T04:43:47.796808+00:00,USD,Personal Transfer
TXN-NORM-002620,USER_1417,UTILITY_METRO_POWER,302.23,2026-09-03T20:14:39.755662+00:00,USD,Monthly Bill Payment
TXN-NORM-002621,USER_0007,USER_0008,69.98,2026-09-03T21:45:54.228152+00:00,USD,Personal Transfer
TXN-NORM-002622,USER_0925,UTILITY_METRO_POWER,181.40,2026-09-16T07:02:36.268125+00:00,USD,Monthly Bill Payment
TXN-NORM-002623,USER_1259,UTILITY_CITY_WATER,151.06,2026-09-04T03:31:22.753999+00:00,USD,Monthly Bill Payment
TXN-NORM-002624,USER_0388,MUNICIPAL_TAX_BOARD,286.42,2026-09-08T17:57:05.110397+00:00,USD,Monthly Bill Payment
TXN-NORM-002625,USER_1625,USER_1626,180.92,2026-09-29T14:52:31.966920+00:00,USD,Personal Transfer
TXN-NORM-002626,USER_1070,USER_1071,382.30,2026-09-17T07:29:29.727234+00:00,USD,Personal Transfer
TXN-NORM-002627,USER_0720,GROCERY_MARKET_CENTRAL,191.54,2026-09-26T02:00:27.966381+00:00,USD,Monthly Bill Payment
TXN-NORM-002628,USER_0825,MUNICIPAL_TAX_BOARD,268.01,2026-09-07T16:32:12.765387+00:00,USD,Monthly Bill Payment
TXN-NORM-002629,USER_0138,USER_0139,388.86,2026-09-23T03:36:06.540537+00:00,USD,Personal Transfer
TXN-NORM-002630,USER_0794,SUBSCRIPTION_STREAM_NOW,86.13,2026-09-12T01:25:45.204584+00:00,USD,Monthly Bill Payment
TXN-NORM-002631,USER_1170,TELECOM_APEX_MOBILE,160.05,2026-09-29T18:25:19.462472+00:00,USD,Monthly Bill Payment
TXN-NORM-002632,USER_0016,USER_0017,423.87,2026-09-25T20:43:59.224003+00:00,USD,Personal Transfer
TXN-NORM-002633,USER_1218,SUBSCRIPTION_STREAM_NOW,204.92,2026-09-23T06:53:50.643736+00:00,USD,Monthly Bill Payment
TXN-NORM-002634,USER_1130,USER_1131,420.08,2026-09-11T07:22:05.823567+00:00,USD,Personal Transfer
TXN-NORM-002635,USER_0650,UTILITY_METRO_POWER,304.06,2026-09-17T06:19:47.272979+00:00,USD,Monthly Bill Payment
TXN-NORM-002636,USER_0113,USER_0114,140.27,2026-09-20T11:17:57.336186+00:00,USD,Personal Transfer
TXN-NORM-002637,USER_0778,USER_0779,487.94,2026-09-10T02:24:07.252676+00:00,USD,Personal Transfer
TXN-NORM-002638,USER_0746,UTILITY_METRO_POWER,33.50,2026-09-10T17:19:40.863302+00:00,USD,Monthly Bill Payment
TXN-NORM-002639,USER_0584,MUNICIPAL_TAX_BOARD,220.94,2026-09-21T19:00:17.349799+00:00,USD,Monthly Bill Payment
TXN-NORM-002640,USER_0206,TELECOM_APEX_MOBILE,128.45,2026-09-04T17:56:02.297861+00:00,USD,Monthly Bill Payment
TXN-NORM-002641,USER_0254,UTILITY_METRO_POWER,114.87,2026-09-07T17:47:47.120604+00:00,USD,Monthly Bill Payment
TXN-NORM-002642,USER_1558,HEALTHCARE_CLINIC_CITY,203.40,2026-09-16T22:42:31.389509+00:00,USD,Monthly Bill Payment
TXN-NORM-002643,USER_1183,USER_1184,449.23,2026-09-17T08:08:41.542234+00:00,USD,Personal Transfer
TXN-NORM-002644,USER_1541,USER_1542,334.08,2026-09-10T23:19:34.851824+00:00,USD,Personal Transfer
TXN-NORM-002645,USER_0552,USER_0553,16.94,2026-09-05T16:40:45.496735+00:00,USD,Personal Transfer
TXN-NORM-002646,USER_0977,UTILITY_METRO_POWER,110.89,2026-09-24T20:00:29.712716+00:00,USD,Monthly Bill Payment
TXN-NORM-002647,USER_1211,USER_1212,177.02,2026-09-26T23:47:30.310800+00:00,USD,Personal Transfer
TXN-NORM-002648,USER_0380,GROCERY_MARKET_CENTRAL,30.47,2026-09-17T18:04:45.340844+00:00,USD,Monthly Bill Payment
TXN-NORM-002649,USER_0448,USER_0449,17.56,2026-09-05T13:38:44.955320+00:00,USD,Personal Transfer
TXN-NORM-002650,USER_1072,USER_1073,280.57,2026-09-18T02:04:07.664576+00:00,USD,Personal Transfer
TXN-NORM-002651,USER_0122,GROCERY_MARKET_CENTRAL,196.53,2026-09-19T08:14:15.100833+00:00,USD,Monthly Bill Payment
TXN-NORM-002652,USER_0706,MUNICIPAL_TAX_BOARD,118.49,2026-09-29T11:22:14.083882+00:00,USD,Monthly Bill Payment
TXN-NORM-002653,USER_0511,HEALTHCARE_CLINIC_CITY,221.71,2026-09-27T02:19:16.306443+00:00,USD,Monthly Bill Payment
TXN-NORM-002654,USER_0003,USER_0004,137.67,2026-09-13T07:44:10.466998+00:00,USD,Personal Transfer
TXN-NORM-002655,USER_0263,UTILITY_CITY_WATER,68.05,2026-09-24T14:27:11.505483+00:00,USD,Monthly Bill Payment
TXN-NORM-002656,USER_0083,UTILITY_METRO_POWER,247.32,2026-09-08T18:33:50.296979+00:00,USD,Monthly Bill Payment
TXN-NORM-002657,USER_0273,USER_0274,16.37,2026-09-09T14:10:38.128038+00:00,USD,Personal Transfer
TXN-NORM-002658,USER_0431,USER_0432,66.87,2026-09-24T21:34:54.189192+00:00,USD,Personal Transfer
TXN-NORM-002659,USER_0423,TELECOM_APEX_MOBILE,130.66,2026-09-05T23:44:22.321442+00:00,USD,Monthly Bill Payment
TXN-NORM-002660,USER_0842,HEALTHCARE_CLINIC_CITY,90.50,2026-09-16T13:17:57.463748+00:00,USD,Monthly Bill Payment
TXN-NORM-002661,USER_1301,HEALTHCARE_CLINIC_CITY,303.89,2026-09-12T20:55:56.543962+00:00,USD,Monthly Bill Payment
TXN-NORM-002662,USER_1357,UTILITY_METRO_POWER,106.94,2026-09-15T17:13:35.358720+00:00,USD,Monthly Bill Payment
TXN-NORM-002663,USER_0888,SUBSCRIPTION_STREAM_NOW,195.39,2026-09-03T12:17:59.470432+00:00,USD,Monthly Bill Payment
TXN-NORM-002664,USER_0418,TELECOM_APEX_MOBILE,82.54,2026-09-26T11:49:22.415494+00:00,USD,Monthly Bill Payment
TXN-NORM-002665,USER_1576,SUBSCRIPTION_STREAM_NOW,138.05,2026-09-23T18:07:05.477314+00:00,USD,Monthly Bill Payment
TXN-NORM-002666,USER_1320,SUBSCRIPTION_STREAM_NOW,338.14,2026-09-07T16:49:19.373743+00:00,USD,Monthly Bill Payment
TXN-NORM-002667,USER_0553,GROCERY_MARKET_CENTRAL,101.19,2026-09-08T01:06:26.751588+00:00,USD,Monthly Bill Payment
TXN-NORM-002668,USER_0996,TELECOM_APEX_MOBILE,259.40,2026-09-29T10:04:20.849860+00:00,USD,Monthly Bill Payment
TXN-NORM-002669,USER_1070,SUBSCRIPTION_STREAM_NOW,31.60,2026-09-04T21:21:46.730000+00:00,USD,Monthly Bill Payment
TXN-NORM-002670,USER_1162,USER_1163,407.71,2026-09-05T02:23:37.143665+00:00,USD,Personal Transfer
TXN-NORM-002671,USER_1552,USER_1553,256.06,2026-09-27T22:42:47.186601+00:00,USD,Personal Transfer
TXN-NORM-002672,USER_1083,HEALTHCARE_CLINIC_CITY,275.15,2026-09-28T22:06:34.683946+00:00,USD,Monthly Bill Payment
TXN-NORM-002673,USER_0860,UTILITY_METRO_POWER,263.10,2026-09-02T00:33:40.667588+00:00,USD,Monthly Bill Payment
TXN-NORM-002674,USER_1477,USER_1478,111.74,2026-09-09T02:11:54.840637+00:00,USD,Personal Transfer
TXN-NORM-002675,USER_0824,USER_0825,199.26,2026-09-28T23:45:14.076201+00:00,USD,Personal Transfer
TXN-NORM-002676,USER_1280,TELECOM_APEX_MOBILE,140.99,2026-09-08T15:16:27.722693+00:00,USD,Monthly Bill Payment
TXN-NORM-002677,USER_1555,MUNICIPAL_TAX_BOARD,30.34,2026-09-11T08:06:51.053204+00:00,USD,Monthly Bill Payment
TXN-NORM-002678,USER_0157,GROCERY_MARKET_CENTRAL,39.26,2026-09-27T00:44:41.707571+00:00,USD,Monthly Bill Payment
TXN-NORM-002679,USER_0957,HEALTHCARE_CLINIC_CITY,346.68,2026-09-29T14:23:31.825223+00:00,USD,Monthly Bill Payment
TXN-NORM-002680,USER_1124,TELECOM_APEX_MOBILE,56.48,2026-09-05T18:29:44.205703+00:00,USD,Monthly Bill Payment
TXN-NORM-002681,USER_0526,HEALTHCARE_CLINIC_CITY,216.30,2026-09-18T06:04:23.087792+00:00,USD,Monthly Bill Payment
TXN-NORM-002682,USER_0922,USER_0923,72.61,2026-09-04T15:38:46.281236+00:00,USD,Personal Transfer
TXN-NORM-002683,USER_0513,USER_0514,245.87,2026-09-16T23:56:08.176269+00:00,USD,Personal Transfer
TXN-NORM-002684,USER_0568,GROCERY_MARKET_CENTRAL,184.10,2026-09-20T02:30:33.906538+00:00,USD,Monthly Bill Payment
TXN-NORM-002685,USER_0444,USER_0445,259.29,2026-09-26T14:43:55.521179+00:00,USD,Personal Transfer
TXN-NORM-002686,USER_0470,USER_0471,184.25,2026-09-10T01:03:40.095815+00:00,USD,Personal Transfer
TXN-NORM-002687,USER_0731,USER_0732,373.37,2026-09-17T10:54:22.857381+00:00,USD,Personal Transfer
TXN-NORM-002688,USER_1285,GROCERY_MARKET_CENTRAL,76.01,2026-09-20T14:24:23.300387+00:00,USD,Monthly Bill Payment
TXN-NORM-002689,USER_1511,UTILITY_CITY_WATER,120.87,2026-09-06T23:43:14.129475+00:00,USD,Monthly Bill Payment
TXN-NORM-002690,USER_0126,USER_0127,72.17,2026-09-08T04:30:43.026348+00:00,USD,Personal Transfer
TXN-NORM-002691,USER_1483,HEALTHCARE_CLINIC_CITY,165.34,2026-09-19T15:12:35.857693+00:00,USD,Monthly Bill Payment
TXN-NORM-002692,USER_1409,UTILITY_METRO_POWER,80.70,2026-09-27T12:12:51.797493+00:00,USD,Monthly Bill Payment
TXN-NORM-002693,USER_0072,UTILITY_METRO_POWER,273.44,2026-09-21T08:48:02.825944+00:00,USD,Monthly Bill Payment
TXN-NORM-002694,USER_0434,HEALTHCARE_CLINIC_CITY,289.09,2026-09-13T20:33:09.772620+00:00,USD,Monthly Bill Payment
TXN-NORM-002695,USER_0546,USER_0547,234.73,2026-09-22T02:14:30.445916+00:00,USD,Personal Transfer
TXN-NORM-002696,USER_1218,UTILITY_CITY_WATER,223.56,2026-09-18T03:42:35.316355+00:00,USD,Monthly Bill Payment
TXN-NORM-002697,USER_1628,HEALTHCARE_CLINIC_CITY,284.45,2026-09-10T19:47:46.593700+00:00,USD,Monthly Bill Payment
TXN-NORM-002698,USER_0042,UTILITY_METRO_POWER,309.29,2026-09-10T14:16:22.966146+00:00,USD,Monthly Bill Payment
TXN-NORM-002699,USER_0237,USER_0238,372.45,2026-09-05T07:31:28.252666+00:00,USD,Personal Transfer
TXN-NORM-002700,USER_1093,USER_1094,456.03,2026-09-05T12:35:30.759661+00:00,USD,Personal Transfer
TXN-NORM-002701,USER_1190,USER_1191,102.20,2026-09-24T13:48:54.834892+00:00,USD,Personal Transfer
TXN-NORM-002702,USER_0475,USER_0476,431.28,2026-09-08T11:57:38.485415+00:00,USD,Personal Transfer
TXN-NORM-002703,USER_1114,USER_1115,269.66,2026-09-08T13:27:17.546306+00:00,USD,Personal Transfer
TXN-NORM-002704,USER_0192,UTILITY_CITY_WATER,39.31,2026-09-11T04:37:28.786807+00:00,USD,Monthly Bill Payment
TXN-NORM-002705,USER_1005,USER_1006,323.58,2026-09-07T18:36:08.858484+00:00,USD,Personal Transfer
TXN-NORM-002706,USER_1061,HEALTHCARE_CLINIC_CITY,202.69,2026-09-14T15:21:45.542245+00:00,USD,Monthly Bill Payment
TXN-NORM-002707,USER_1511,USER_1512,178.78,2026-09-14T22:55:05.188189+00:00,USD,Personal Transfer
TXN-NORM-002708,USER_0068,USER_0069,407.65,2026-09-23T12:38:11.442501+00:00,USD,Personal Transfer
TXN-NORM-002709,USER_0063,HEALTHCARE_CLINIC_CITY,86.89,2026-09-06T09:54:59.039120+00:00,USD,Monthly Bill Payment
TXN-NORM-002710,USER_0202,GROCERY_MARKET_CENTRAL,230.02,2026-09-27T03:16:10.075525+00:00,USD,Monthly Bill Payment
TXN-NORM-002711,USER_1239,SUBSCRIPTION_STREAM_NOW,243.46,2026-09-06T09:01:22.230641+00:00,USD,Monthly Bill Payment
TXN-NORM-002712,USER_1628,USER_1629,92.25,2026-09-20T02:57:54.491979+00:00,USD,Personal Transfer
TXN-NORM-002713,USER_1118,USER_1119,253.20,2026-09-19T02:41:35.577097+00:00,USD,Personal Transfer
TXN-NORM-002714,USER_1573,MUNICIPAL_TAX_BOARD,281.20,2026-09-07T00:35:55.576465+00:00,USD,Monthly Bill Payment
TXN-NORM-002715,USER_0644,UTILITY_METRO_POWER,39.35,2026-09-03T09:55:26.039553+00:00,USD,Monthly Bill Payment
TXN-NORM-002716,USER_0101,TELECOM_APEX_MOBILE,231.92,2026-09-09T07:45:23.884865+00:00,USD,Monthly Bill Payment
TXN-NORM-002717,USER_0182,SUBSCRIPTION_STREAM_NOW,207.98,2026-09-16T07:15:25.497013+00:00,USD,Monthly Bill Payment
TXN-NORM-002718,USER_0483,TELECOM_APEX_MOBILE,239.93,2026-09-24T06:52:24.028884+00:00,USD,Monthly Bill Payment
TXN-NORM-002719,USER_0750,UTILITY_METRO_POWER,204.58,2026-09-07T00:09:23.277515+00:00,USD,Monthly Bill Payment
TXN-NORM-002720,USER_0081,SUBSCRIPTION_STREAM_NOW,220.68,2026-09-03T11:09:48.202009+00:00,USD,Monthly Bill Payment
TXN-NORM-002721,USER_1258,MUNICIPAL_TAX_BOARD,278.05,2026-09-19T00:05:25.685896+00:00,USD,Monthly Bill Payment
TXN-NORM-002722,USER_1077,UTILITY_METRO_POWER,326.65,2026-09-03T21:26:56.117080+00:00,USD,Monthly Bill Payment
TXN-NORM-002723,USER_0803,HEALTHCARE_CLINIC_CITY,263.32,2026-09-16T11:36:03.683546+00:00,USD,Monthly Bill Payment
TXN-NORM-002724,USER_1319,UTILITY_CITY_WATER,192.59,2026-09-28T20:24:44.107957+00:00,USD,Monthly Bill Payment
TXN-NORM-002725,USER_0775,USER_0776,144.88,2026-09-07T01:29:23.551416+00:00,USD,Personal Transfer
TXN-NORM-002726,USER_0318,USER_0319,343.78,2026-09-06T04:47:56.542205+00:00,USD,Personal Transfer
TXN-NORM-002727,USER_1487,TELECOM_APEX_MOBILE,76.54,2026-09-18T01:27:23.228109+00:00,USD,Monthly Bill Payment
TXN-NORM-002728,USER_0498,USER_0499,365.29,2026-09-23T00:19:19.114833+00:00,USD,Personal Transfer
TXN-NORM-002729,USER_1083,SUBSCRIPTION_STREAM_NOW,308.87,2026-09-04T23:11:02.158945+00:00,USD,Monthly Bill Payment
TXN-NORM-002730,USER_0800,TELECOM_APEX_MOBILE,332.50,2026-09-29T15:15:12.258454+00:00,USD,Monthly Bill Payment
TXN-NORM-002731,USER_0766,USER_0767,210.59,2026-09-25T22:38:24.138188+00:00,USD,Personal Transfer
TXN-NORM-002732,USER_0470,USER_0471,107.96,2026-09-12T05:48:51.417572+00:00,USD,Personal Transfer
TXN-NORM-002733,USER_1494,SUBSCRIPTION_STREAM_NOW,282.43,2026-09-04T14:22:09.911497+00:00,USD,Monthly Bill Payment
TXN-NORM-002734,USER_0596,UTILITY_CITY_WATER,262.50,2026-09-28T13:00:49.386476+00:00,USD,Monthly Bill Payment
TXN-NORM-002735,USER_0755,TELECOM_APEX_MOBILE,132.75,2026-09-21T10:15:59.414827+00:00,USD,Monthly Bill Payment
TXN-NORM-002736,USER_0275,HEALTHCARE_CLINIC_CITY,135.48,2026-09-25T00:03:31.387772+00:00,USD,Monthly Bill Payment
TXN-NORM-002737,USER_0594,USER_0595,114.25,2026-09-03T17:10:03.677836+00:00,USD,Personal Transfer
TXN-NORM-002738,USER_0443,GROCERY_MARKET_CENTRAL,196.02,2026-09-23T12:52:30.325441+00:00,USD,Monthly Bill Payment
TXN-NORM-002739,USER_1203,UTILITY_CITY_WATER,287.18,2026-09-22T00:49:53.086973+00:00,USD,Monthly Bill Payment
TXN-NORM-002740,USER_0210,SUBSCRIPTION_STREAM_NOW,259.41,2026-09-22T04:14:24.666468+00:00,USD,Monthly Bill Payment
TXN-NORM-002741,USER_1613,MUNICIPAL_TAX_BOARD,54.71,2026-09-03T08:00:43.169631+00:00,USD,Monthly Bill Payment
TXN-NORM-002742,USER_1391,TELECOM_APEX_MOBILE,349.82,2026-09-08T07:14:26.639759+00:00,USD,Monthly Bill Payment
TXN-NORM-002743,USER_0081,USER_0082,460.29,2026-09-25T15:51:59.306011+00:00,USD,Personal Transfer
TXN-NORM-002744,USER_1254,USER_1255,61.22,2026-09-16T00:22:04.156761+00:00,USD,Personal Transfer
TXN-NORM-002745,USER_1026,USER_1027,457.08,2026-09-23T10:57:37.354320+00:00,USD,Personal Transfer
TXN-NORM-002746,USER_0428,USER_0429,66.77,2026-09-29T13:47:02.561872+00:00,USD,Personal Transfer
TXN-NORM-002747,USER_1595,HEALTHCARE_CLINIC_CITY,147.62,2026-09-17T01:45:22.302140+00:00,USD,Monthly Bill Payment
TXN-NORM-002748,USER_0968,MUNICIPAL_TAX_BOARD,63.90,2026-09-16T00:17:36.007502+00:00,USD,Monthly Bill Payment
TXN-NORM-002749,USER_1485,USER_1486,193.43,2026-09-27T13:37:13.140841+00:00,USD,Personal Transfer
TXN-NORM-002750,USER_1623,MUNICIPAL_TAX_BOARD,48.05,2026-09-26T12:54:16.396862+00:00,USD,Monthly Bill Payment
TXN-NORM-002751,USER_0253,USER_0254,276.53,2026-09-19T22:34:03.228465+00:00,USD,Personal Transfer
TXN-NORM-002752,USER_0463,UTILITY_METRO_POWER,215.63,2026-09-16T23:05:48.074896+00:00,USD,Monthly Bill Payment
TXN-NORM-002753,USER_1550,USER_1551,309.19,2026-09-07T08:59:30.319758+00:00,USD,Personal Transfer
TXN-NORM-002754,USER_1036,TELECOM_APEX_MOBILE,160.94,2026-09-08T18:32:57.630102+00:00,USD,Monthly Bill Payment
TXN-NORM-002755,USER_0189,MUNICIPAL_TAX_BOARD,199.23,2026-09-03T02:57:44.143032+00:00,USD,Monthly Bill Payment
TXN-NORM-002756,USER_1531,GROCERY_MARKET_CENTRAL,134.68,2026-09-11T23:51:00.101267+00:00,USD,Monthly Bill Payment
TXN-NORM-002757,USER_1009,USER_1010,351.44,2026-09-13T17:59:13.605281+00:00,USD,Personal Transfer
TXN-NORM-002758,USER_0239,USER_0240,472.77,2026-09-13T15:01:42.378512+00:00,USD,Personal Transfer
TXN-NORM-002759,USER_0114,MUNICIPAL_TAX_BOARD,53.72,2026-09-07T21:52:02.903919+00:00,USD,Monthly Bill Payment
TXN-NORM-002760,USER_1563,TELECOM_APEX_MOBILE,330.60,2026-09-06T14:34:46.512171+00:00,USD,Monthly Bill Payment
TXN-NORM-002761,USER_0436,TELECOM_APEX_MOBILE,140.63,2026-09-06T21:11:12.937363+00:00,USD,Monthly Bill Payment
TXN-NORM-002762,USER_0881,HEALTHCARE_CLINIC_CITY,300.42,2026-09-06T23:43:26.099291+00:00,USD,Monthly Bill Payment
TXN-NORM-002763,USER_0870,USER_0871,117.27,2026-09-19T21:22:24.476394+00:00,USD,Personal Transfer
TXN-NORM-002764,USER_1075,USER_1076,132.42,2026-09-09T20:58:08.609279+00:00,USD,Personal Transfer
TXN-NORM-002765,USER_1136,UTILITY_CITY_WATER,136.35,2026-09-17T01:38:17.385690+00:00,USD,Monthly Bill Payment
TXN-NORM-002766,USER_0487,UTILITY_METRO_POWER,93.89,2026-09-20T12:31:40.947753+00:00,USD,Monthly Bill Payment
TXN-NORM-002767,USER_1322,HEALTHCARE_CLINIC_CITY,145.43,2026-09-21T23:11:41.541486+00:00,USD,Monthly Bill Payment
TXN-NORM-002768,USER_1416,USER_1417,193.60,2026-09-18T16:29:52.943657+00:00,USD,Personal Transfer
TXN-NORM-002769,USER_1157,MUNICIPAL_TAX_BOARD,84.08,2026-09-03T22:07:00.536542+00:00,USD,Monthly Bill Payment
TXN-NORM-002770,USER_0033,USER_0034,406.55,2026-09-14T17:25:03.871291+00:00,USD,Personal Transfer
TXN-NORM-002771,USER_0826,USER_0827,317.87,2026-09-22T00:03:44.996655+00:00,USD,Personal Transfer
TXN-NORM-002772,USER_0770,USER_0771,446.24,2026-09-20T15:15:26.384170+00:00,USD,Personal Transfer
TXN-NORM-002773,USER_0606,MUNICIPAL_TAX_BOARD,105.67,2026-09-24T02:43:07.907764+00:00,USD,Monthly Bill Payment
TXN-NORM-002774,USER_0677,MUNICIPAL_TAX_BOARD,282.50,2026-09-10T08:08:06.947961+00:00,USD,Monthly Bill Payment
TXN-NORM-002775,USER_0399,USER_0400,422.01,2026-09-26T16:53:19.324680+00:00,USD,Personal Transfer
TXN-NORM-002776,USER_0457,MUNICIPAL_TAX_BOARD,206.95,2026-09-06T05:25:33.374271+00:00,USD,Monthly Bill Payment
TXN-NORM-002777,USER_0113,SUBSCRIPTION_STREAM_NOW,233.08,2026-09-21T21:03:14.803460+00:00,USD,Monthly Bill Payment
TXN-NORM-002778,USER_0937,USER_0938,229.36,2026-09-28T21:09:50.075160+00:00,USD,Personal Transfer
TXN-NORM-002779,USER_1535,MUNICIPAL_TAX_BOARD,96.63,2026-09-17T17:02:14.300465+00:00,USD,Monthly Bill Payment
TXN-NORM-002780,USER_1373,USER_1374,475.78,2026-09-27T09:15:11.034282+00:00,USD,Personal Transfer
TXN-NORM-002781,USER_0284,USER_0285,412.10,2026-09-17T10:01:53.676781+00:00,USD,Personal Transfer
TXN-NORM-002782,USER_0584,USER_0585,336.84,2026-09-27T08:07:56.879872+00:00,USD,Personal Transfer
TXN-NORM-002783,USER_0292,USER_0293,29.52,2026-09-18T01:55:22.598746+00:00,USD,Personal Transfer
TXN-NORM-002784,USER_1606,HEALTHCARE_CLINIC_CITY,72.65,2026-09-18T16:22:24.925805+00:00,USD,Monthly Bill Payment
TXN-NORM-002785,USER_1354,SUBSCRIPTION_STREAM_NOW,137.03,2026-09-24T02:41:56.861469+00:00,USD,Monthly Bill Payment
TXN-NORM-002786,USER_1291,SUBSCRIPTION_STREAM_NOW,287.84,2026-09-24T21:13:31.772117+00:00,USD,Monthly Bill Payment
TXN-NORM-002787,USER_0202,USER_0203,107.29,2026-09-21T01:20:31.249319+00:00,USD,Personal Transfer
TXN-NORM-002788,USER_1083,GROCERY_MARKET_CENTRAL,87.41,2026-09-11T06:13:23.140118+00:00,USD,Monthly Bill Payment
TXN-NORM-002789,USER_0547,MUNICIPAL_TAX_BOARD,113.37,2026-09-06T07:02:17.826863+00:00,USD,Monthly Bill Payment
TXN-NORM-002790,USER_0084,USER_0085,379.88,2026-09-25T04:21:43.424618+00:00,USD,Personal Transfer
TXN-NORM-002791,USER_0003,SUBSCRIPTION_STREAM_NOW,319.89,2026-09-26T01:40:17.923267+00:00,USD,Monthly Bill Payment
TXN-NORM-002792,USER_0798,UTILITY_CITY_WATER,49.39,2026-09-03T18:51:44.564668+00:00,USD,Monthly Bill Payment
TXN-NORM-002793,USER_1369,UTILITY_METRO_POWER,146.94,2026-09-18T19:10:17.230609+00:00,USD,Monthly Bill Payment
TXN-NORM-002794,USER_0115,MUNICIPAL_TAX_BOARD,48.78,2026-09-09T22:03:01.831320+00:00,USD,Monthly Bill Payment
TXN-NORM-002795,USER_1511,HEALTHCARE_CLINIC_CITY,194.59,2026-09-14T14:44:13.689558+00:00,USD,Monthly Bill Payment
TXN-NORM-002796,USER_1193,USER_1194,369.04,2026-09-19T19:22:56.014254+00:00,USD,Personal Transfer
TXN-NORM-002797,USER_0452,SUBSCRIPTION_STREAM_NOW,219.62,2026-09-09T21:44:24.101052+00:00,USD,Monthly Bill Payment
TXN-NORM-002798,USER_0801,UTILITY_CITY_WATER,260.96,2026-09-22T06:38:20.056620+00:00,USD,Monthly Bill Payment
TXN-NORM-002799,USER_1563,USER_1564,24.44,2026-09-20T15:19:54.135150+00:00,USD,Personal Transfer
TXN-NORM-002800,USER_0189,USER_0190,201.47,2026-09-16T02:53:22.365564+00:00,USD,Personal Transfer
TXN-NORM-002801,USER_0098,USER_0099,392.20,2026-09-17T14:49:22.138659+00:00,USD,Personal Transfer
TXN-NORM-002802,USER_0047,UTILITY_CITY_WATER,89.49,2026-09-16T16:19:28.705101+00:00,USD,Monthly Bill Payment
TXN-NORM-002803,USER_0930,HEALTHCARE_CLINIC_CITY,327.45,2026-09-28T07:20:37.326702+00:00,USD,Monthly Bill Payment
TXN-NORM-002804,USER_0415,MUNICIPAL_TAX_BOARD,326.33,2026-09-28T16:22:42.424104+00:00,USD,Monthly Bill Payment
TXN-NORM-002805,USER_0951,UTILITY_METRO_POWER,50.54,2026-09-25T15:58:20.367316+00:00,USD,Monthly Bill Payment
TXN-NORM-002806,USER_0335,GROCERY_MARKET_CENTRAL,191.82,2026-09-05T10:03:37.333500+00:00,USD,Monthly Bill Payment
TXN-NORM-002807,USER_1372,UTILITY_METRO_POWER,86.88,2026-09-15T05:59:25.707484+00:00,USD,Monthly Bill Payment
TXN-NORM-002808,USER_0917,TELECOM_APEX_MOBILE,217.58,2026-09-20T17:55:35.498142+00:00,USD,Monthly Bill Payment
TXN-NORM-002809,USER_1487,USER_1488,83.31,2026-09-26T06:21:28.880298+00:00,USD,Personal Transfer
TXN-NORM-002810,USER_0811,TELECOM_APEX_MOBILE,117.55,2026-09-03T01:38:37.109309+00:00,USD,Monthly Bill Payment
TXN-NORM-002811,USER_0109,UTILITY_METRO_POWER,154.47,2026-09-07T19:28:40.399766+00:00,USD,Monthly Bill Payment
TXN-NORM-002812,USER_1095,GROCERY_MARKET_CENTRAL,187.39,2026-09-06T07:06:52.914724+00:00,USD,Monthly Bill Payment
TXN-NORM-002813,USER_1052,UTILITY_CITY_WATER,232.70,2026-09-06T23:15:46.985570+00:00,USD,Monthly Bill Payment
TXN-NORM-002814,USER_1007,USER_1008,319.71,2026-09-18T08:53:23.150500+00:00,USD,Personal Transfer
TXN-NORM-002815,USER_0535,MUNICIPAL_TAX_BOARD,135.54,2026-09-29T02:58:30.181799+00:00,USD,Monthly Bill Payment
TXN-NORM-002816,USER_1007,USER_1008,382.57,2026-09-21T11:30:02.553570+00:00,USD,Personal Transfer
TXN-NORM-002817,USER_0475,USER_0476,264.92,2026-09-16T22:27:19.398581+00:00,USD,Personal Transfer
TXN-NORM-002818,USER_1114,USER_1115,126.02,2026-09-10T14:58:42.661525+00:00,USD,Personal Transfer
TXN-NORM-002819,USER_1537,HEALTHCARE_CLINIC_CITY,216.30,2026-09-22T23:55:26.698255+00:00,USD,Monthly Bill Payment
TXN-NORM-002820,USER_1473,SUBSCRIPTION_STREAM_NOW,252.54,2026-09-13T02:35:08.718870+00:00,USD,Monthly Bill Payment
TXN-NORM-002821,USER_0825,USER_0826,393.24,2026-09-16T02:22:57.231878+00:00,USD,Personal Transfer
TXN-NORM-002822,USER_0301,USER_0302,277.20,2026-09-02T04:09:11.663030+00:00,USD,Personal Transfer
TXN-NORM-002823,USER_0173,USER_0174,184.41,2026-09-06T19:31:41.768583+00:00,USD,Personal Transfer
TXN-NORM-002824,USER_1381,GROCERY_MARKET_CENTRAL,133.89,2026-09-29T20:44:39.035752+00:00,USD,Monthly Bill Payment
TXN-NORM-002825,USER_0917,USER_0918,87.92,2026-09-21T09:50:46.037530+00:00,USD,Personal Transfer
TXN-NORM-002826,USER_0150,MUNICIPAL_TAX_BOARD,70.09,2026-09-23T10:07:08.649359+00:00,USD,Monthly Bill Payment
TXN-NORM-002827,USER_1163,MUNICIPAL_TAX_BOARD,198.63,2026-09-14T12:48:24.756945+00:00,USD,Monthly Bill Payment
TXN-NORM-002828,USER_1397,MUNICIPAL_TAX_BOARD,307.13,2026-09-14T03:08:06.969105+00:00,USD,Monthly Bill Payment
TXN-NORM-002829,USER_0325,UTILITY_METRO_POWER,334.20,2026-09-27T19:20:06.688728+00:00,USD,Monthly Bill Payment
TXN-NORM-002830,USER_1417,USER_1418,305.14,2026-09-20T18:39:06.621799+00:00,USD,Personal Transfer
TXN-NORM-002831,USER_1417,MUNICIPAL_TAX_BOARD,134.76,2026-09-28T22:36:10.811833+00:00,USD,Monthly Bill Payment
TXN-NORM-002832,USER_1507,UTILITY_METRO_POWER,117.16,2026-09-17T06:44:03.474253+00:00,USD,Monthly Bill Payment
TXN-NORM-002833,USER_0926,HEALTHCARE_CLINIC_CITY,168.46,2026-09-15T22:58:43.333917+00:00,USD,Monthly Bill Payment
TXN-NORM-002834,USER_0732,USER_0733,204.39,2026-09-08T19:24:38.781179+00:00,USD,Personal Transfer
TXN-NORM-002835,USER_0402,MUNICIPAL_TAX_BOARD,171.90,2026-09-29T01:20:28.477464+00:00,USD,Monthly Bill Payment
TXN-NORM-002836,USER_0780,USER_0781,319.49,2026-09-28T17:20:31.541668+00:00,USD,Personal Transfer
TXN-NORM-002837,USER_0945,UTILITY_CITY_WATER,303.53,2026-09-17T02:19:33.542144+00:00,USD,Monthly Bill Payment
TXN-NORM-002838,USER_1177,USER_1178,419.53,2026-09-16T00:58:14.496693+00:00,USD,Personal Transfer
TXN-NORM-002839,USER_0656,HEALTHCARE_CLINIC_CITY,197.95,2026-09-07T06:34:39.985429+00:00,USD,Monthly Bill Payment
TXN-NORM-002840,USER_1396,HEALTHCARE_CLINIC_CITY,282.53,2026-09-13T02:00:53.918738+00:00,USD,Monthly Bill Payment
TXN-NORM-002841,USER_0756,GROCERY_MARKET_CENTRAL,142.12,2026-09-09T06:26:29.411339+00:00,USD,Monthly Bill Payment
TXN-NORM-002842,USER_0800,UTILITY_METRO_POWER,34.96,2026-09-19T14:50:36.315188+00:00,USD,Monthly Bill Payment
TXN-NORM-002843,USER_0256,HEALTHCARE_CLINIC_CITY,136.36,2026-09-27T01:42:01.748138+00:00,USD,Monthly Bill Payment
TXN-NORM-002844,USER_0768,MUNICIPAL_TAX_BOARD,153.07,2026-09-07T08:07:22.288011+00:00,USD,Monthly Bill Payment
TXN-NORM-002845,USER_0288,HEALTHCARE_CLINIC_CITY,105.15,2026-09-24T20:27:32.588970+00:00,USD,Monthly Bill Payment
TXN-NORM-002846,USER_0273,USER_0274,204.82,2026-09-22T17:18:32.902432+00:00,USD,Personal Transfer
TXN-NORM-002847,USER_0456,USER_0457,211.38,2026-09-07T07:01:57.382697+00:00,USD,Personal Transfer
TXN-NORM-002848,USER_0534,MUNICIPAL_TAX_BOARD,272.49,2026-09-21T03:15:57.166179+00:00,USD,Monthly Bill Payment
TXN-NORM-002849,USER_1480,USER_1481,96.32,2026-09-15T15:25:10.495017+00:00,USD,Personal Transfer
TXN-NORM-002850,USER_1179,HEALTHCARE_CLINIC_CITY,97.24,2026-09-28T10:48:05.813286+00:00,USD,Monthly Bill Payment
TXN-NORM-002851,USER_1085,GROCERY_MARKET_CENTRAL,347.21,2026-09-21T00:16:18.720840+00:00,USD,Monthly Bill Payment
TXN-NORM-002852,USER_1034,UTILITY_METRO_POWER,334.28,2026-09-22T00:36:40.787811+00:00,USD,Monthly Bill Payment
TXN-NORM-002853,USER_1003,MUNICIPAL_TAX_BOARD,129.14,2026-09-28T19:43:39.641640+00:00,USD,Monthly Bill Payment
TXN-NORM-002854,USER_0999,USER_1000,18.69,2026-09-10T02:00:45.338811+00:00,USD,Personal Transfer
TXN-NORM-002855,USER_0628,GROCERY_MARKET_CENTRAL,61.79,2026-09-05T04:43:13.634405+00:00,USD,Monthly Bill Payment
TXN-NORM-002856,USER_0986,GROCERY_MARKET_CENTRAL,254.02,2026-09-06T14:18:36.180709+00:00,USD,Monthly Bill Payment
TXN-NORM-002857,USER_1192,TELECOM_APEX_MOBILE,93.31,2026-09-23T23:34:42.437594+00:00,USD,Monthly Bill Payment
TXN-NORM-002858,USER_0630,GROCERY_MARKET_CENTRAL,131.52,2026-09-10T01:21:40.919331+00:00,USD,Monthly Bill Payment
TXN-NORM-002859,USER_0220,SUBSCRIPTION_STREAM_NOW,179.65,2026-09-06T20:26:55.446276+00:00,USD,Monthly Bill Payment
TXN-NORM-002860,USER_1075,TELECOM_APEX_MOBILE,39.88,2026-09-24T15:10:44.331381+00:00,USD,Monthly Bill Payment
TXN-NORM-002861,USER_1272,GROCERY_MARKET_CENTRAL,282.55,2026-09-25T11:35:12.338032+00:00,USD,Monthly Bill Payment
TXN-NORM-002862,USER_0073,USER_0074,271.67,2026-09-07T04:47:11.956427+00:00,USD,Personal Transfer
TXN-NORM-002863,USER_0250,USER_0251,370.26,2026-09-16T09:43:00.889216+00:00,USD,Personal Transfer
TXN-NORM-002864,USER_0270,USER_0271,128.98,2026-09-02T09:02:14.698729+00:00,USD,Personal Transfer
TXN-NORM-002865,USER_1054,UTILITY_CITY_WATER,314.31,2026-09-26T02:17:52.294993+00:00,USD,Monthly Bill Payment
TXN-NORM-002866,USER_0678,UTILITY_METRO_POWER,335.55,2026-09-27T18:06:22.998822+00:00,USD,Monthly Bill Payment
TXN-NORM-002867,USER_1583,SUBSCRIPTION_STREAM_NOW,115.85,2026-09-13T22:11:38.226639+00:00,USD,Monthly Bill Payment
TXN-NORM-002868,USER_0344,HEALTHCARE_CLINIC_CITY,115.87,2026-09-21T20:59:20.395900+00:00,USD,Monthly Bill Payment
TXN-NORM-002869,USER_1295,GROCERY_MARKET_CENTRAL,128.13,2026-09-18T15:10:23.598994+00:00,USD,Monthly Bill Payment
TXN-NORM-002870,USER_1460,USER_1461,479.63,2026-09-09T22:34:59.918421+00:00,USD,Personal Transfer
TXN-NORM-002871,USER_0244,USER_0245,27.32,2026-09-24T22:44:42.056541+00:00,USD,Personal Transfer
TXN-NORM-002872,USER_0013,USER_0014,325.00,2026-09-03T07:29:32.599580+00:00,USD,Personal Transfer
TXN-NORM-002873,USER_1201,HEALTHCARE_CLINIC_CITY,310.15,2026-09-08T11:56:25.821195+00:00,USD,Monthly Bill Payment
TXN-NORM-002874,USER_0238,USER_0239,17.70,2026-09-26T01:09:15.431764+00:00,USD,Personal Transfer
TXN-NORM-002875,USER_0697,HEALTHCARE_CLINIC_CITY,84.20,2026-09-16T20:22:18.647371+00:00,USD,Monthly Bill Payment
TXN-NORM-002876,USER_0206,MUNICIPAL_TAX_BOARD,226.49,2026-09-10T04:12:34.002587+00:00,USD,Monthly Bill Payment
TXN-NORM-002877,USER_1468,SUBSCRIPTION_STREAM_NOW,317.13,2026-09-15T23:22:18.330226+00:00,USD,Monthly Bill Payment
TXN-NORM-002878,USER_1616,HEALTHCARE_CLINIC_CITY,27.07,2026-09-28T18:18:24.285750+00:00,USD,Monthly Bill Payment
TXN-NORM-002879,USER_0751,USER_0752,193.88,2026-09-29T10:46:55.317414+00:00,USD,Personal Transfer
TXN-NORM-002880,USER_0429,USER_0430,409.58,2026-09-03T22:50:58.626175+00:00,USD,Personal Transfer
TXN-NORM-002881,USER_1450,GROCERY_MARKET_CENTRAL,45.45,2026-09-24T16:13:55.183059+00:00,USD,Monthly Bill Payment
TXN-NORM-002882,USER_0410,TELECOM_APEX_MOBILE,227.82,2026-09-26T06:25:12.347261+00:00,USD,Monthly Bill Payment
TXN-NORM-002883,USER_0121,UTILITY_CITY_WATER,159.99,2026-09-02T01:23:01.335607+00:00,USD,Monthly Bill Payment
TXN-NORM-002884,USER_1003,UTILITY_METRO_POWER,198.07,2026-09-22T08:14:04.267909+00:00,USD,Monthly Bill Payment
TXN-NORM-002885,USER_1571,SUBSCRIPTION_STREAM_NOW,82.51,2026-09-16T07:24:32.395679+00:00,USD,Monthly Bill Payment
TXN-NORM-002886,USER_0371,USER_0372,377.21,2026-09-15T13:07:40.631960+00:00,USD,Personal Transfer
TXN-NORM-002887,USER_0744,UTILITY_CITY_WATER,305.39,2026-09-09T07:39:57.814221+00:00,USD,Monthly Bill Payment
TXN-NORM-002888,USER_0067,HEALTHCARE_CLINIC_CITY,204.98,2026-09-19T14:01:20.174178+00:00,USD,Monthly Bill Payment
TXN-NORM-002889,USER_1495,SUBSCRIPTION_STREAM_NOW,337.11,2026-09-03T10:42:12.208425+00:00,USD,Monthly Bill Payment
TXN-NORM-002890,USER_1322,SUBSCRIPTION_STREAM_NOW,280.84,2026-09-03T18:00:01.327386+00:00,USD,Monthly Bill Payment
TXN-NORM-002891,USER_1492,UTILITY_METRO_POWER,130.89,2026-09-17T17:15:44.574836+00:00,USD,Monthly Bill Payment
TXN-NORM-002892,USER_0354,SUBSCRIPTION_STREAM_NOW,311.51,2026-09-28T15:46:49.558643+00:00,USD,Monthly Bill Payment
TXN-NORM-002893,USER_0207,USER_0208,162.05,2026-09-24T03:20:48.804273+00:00,USD,Personal Transfer
TXN-NORM-002894,USER_1133,HEALTHCARE_CLINIC_CITY,143.20,2026-09-08T13:03:48.300681+00:00,USD,Monthly Bill Payment
TXN-NORM-002895,USER_0501,USER_0502,284.63,2026-09-25T20:42:33.732277+00:00,USD,Personal Transfer
TXN-NORM-002896,USER_0631,HEALTHCARE_CLINIC_CITY,311.81,2026-09-05T17:58:45.691153+00:00,USD,Monthly Bill Payment
TXN-NORM-002897,USER_0449,MUNICIPAL_TAX_BOARD,133.10,2026-09-12T23:37:27.266963+00:00,USD,Monthly Bill Payment
TXN-NORM-002898,USER_0520,HEALTHCARE_CLINIC_CITY,260.63,2026-09-28T23:13:50.284981+00:00,USD,Monthly Bill Payment
TXN-NORM-002899,USER_0370,USER_0371,105.60,2026-09-19T03:34:31.907896+00:00,USD,Personal Transfer
TXN-NORM-002900,USER_0358,HEALTHCARE_CLINIC_CITY,317.85,2026-09-06T16:11:06.638125+00:00,USD,Monthly Bill Payment
TXN-NORM-002901,USER_0960,USER_0961,252.81,2026-09-27T06:23:48.962651+00:00,USD,Personal Transfer
TXN-NORM-002902,USER_0670,UTILITY_CITY_WATER,34.13,2026-09-28T13:28:51.377563+00:00,USD,Monthly Bill Payment
TXN-NORM-002903,USER_1383,USER_1384,368.66,2026-09-04T22:48:36.134386+00:00,USD,Personal Transfer
TXN-NORM-002904,USER_1488,USER_1489,443.44,2026-09-17T05:21:37.404393+00:00,USD,Personal Transfer
TXN-NORM-002905,USER_0544,USER_0545,259.18,2026-09-15T23:20:52.293514+00:00,USD,Personal Transfer
TXN-NORM-002906,USER_1166,MUNICIPAL_TAX_BOARD,141.14,2026-09-21T06:50:12.302776+00:00,USD,Monthly Bill Payment
TXN-NORM-002907,USER_0485,GROCERY_MARKET_CENTRAL,324.83,2026-09-12T19:18:14.132659+00:00,USD,Monthly Bill Payment
TXN-NORM-002908,USER_1619,USER_1620,149.89,2026-09-23T10:03:00.935201+00:00,USD,Personal Transfer
TXN-NORM-002909,USER_0619,MUNICIPAL_TAX_BOARD,302.94,2026-09-12T15:58:18.387148+00:00,USD,Monthly Bill Payment
TXN-NORM-002910,USER_1176,GROCERY_MARKET_CENTRAL,77.98,2026-09-15T01:26:35.320371+00:00,USD,Monthly Bill Payment
TXN-NORM-002911,USER_0431,USER_0432,392.79,2026-09-17T17:26:03.346934+00:00,USD,Personal Transfer
TXN-NORM-002912,USER_1317,UTILITY_METRO_POWER,55.05,2026-09-23T22:51:57.800913+00:00,USD,Monthly Bill Payment
TXN-NORM-002913,USER_0408,MUNICIPAL_TAX_BOARD,292.56,2026-09-20T05:12:14.936179+00:00,USD,Monthly Bill Payment
TXN-NORM-002914,USER_0011,HEALTHCARE_CLINIC_CITY,217.88,2026-09-29T11:58:45.633076+00:00,USD,Monthly Bill Payment
TXN-NORM-002915,USER_0191,HEALTHCARE_CLINIC_CITY,74.05,2026-09-05T10:34:04.525870+00:00,USD,Monthly Bill Payment
TXN-NORM-002916,USER_0311,SUBSCRIPTION_STREAM_NOW,269.61,2026-09-06T17:13:53.112770+00:00,USD,Monthly Bill Payment
TXN-NORM-002917,USER_0286,UTILITY_METRO_POWER,149.34,2026-09-18T17:11:07.194714+00:00,USD,Monthly Bill Payment
TXN-NORM-002918,USER_0215,HEALTHCARE_CLINIC_CITY,35.37,2026-09-06T22:03:05.013264+00:00,USD,Monthly Bill Payment
TXN-NORM-002919,USER_0279,USER_0280,135.61,2026-09-20T19:28:10.155534+00:00,USD,Personal Transfer
TXN-NORM-002920,USER_1276,USER_1277,108.34,2026-09-08T02:21:14.916258+00:00,USD,Personal Transfer
TXN-NORM-002921,USER_0779,HEALTHCARE_CLINIC_CITY,309.98,2026-09-16T21:53:18.028891+00:00,USD,Monthly Bill Payment
TXN-NORM-002922,USER_0618,USER_0619,63.72,2026-09-04T23:58:25.291062+00:00,USD,Personal Transfer
TXN-NORM-002923,USER_0583,MUNICIPAL_TAX_BOARD,70.70,2026-09-17T19:57:44.418398+00:00,USD,Monthly Bill Payment
TXN-NORM-002924,USER_0691,USER_0692,87.81,2026-09-18T05:30:38.018057+00:00,USD,Personal Transfer
TXN-NORM-002925,USER_0588,GROCERY_MARKET_CENTRAL,144.19,2026-09-02T11:35:36.490597+00:00,USD,Monthly Bill Payment
TXN-NORM-002926,USER_0717,USER_0718,374.92,2026-09-25T06:28:37.211667+00:00,USD,Personal Transfer
TXN-NORM-002927,USER_1342,GROCERY_MARKET_CENTRAL,250.73,2026-09-28T03:43:50.001747+00:00,USD,Monthly Bill Payment
TXN-NORM-002928,USER_1017,USER_1018,72.55,2026-09-23T16:44:09.559765+00:00,USD,Personal Transfer
TXN-NORM-002929,USER_0565,TELECOM_APEX_MOBILE,150.89,2026-09-28T06:09:20.623337+00:00,USD,Monthly Bill Payment
TXN-NORM-002930,USER_1562,USER_1563,471.63,2026-09-07T15:37:49.117607+00:00,USD,Personal Transfer
TXN-NORM-002931,USER_1521,USER_1522,41.10,2026-09-03T02:33:20.131378+00:00,USD,Personal Transfer
TXN-NORM-002932,USER_0253,SUBSCRIPTION_STREAM_NOW,115.33,2026-09-06T13:25:39.503035+00:00,USD,Monthly Bill Payment
TXN-NORM-002933,USER_0341,SUBSCRIPTION_STREAM_NOW,305.14,2026-09-03T13:02:34.181611+00:00,USD,Monthly Bill Payment
TXN-NORM-002934,USER_0046,HEALTHCARE_CLINIC_CITY,332.17,2026-09-05T17:59:22.923178+00:00,USD,Monthly Bill Payment
TXN-NORM-002935,USER_0220,HEALTHCARE_CLINIC_CITY,230.31,2026-09-09T06:04:25.263525+00:00,USD,Monthly Bill Payment
TXN-NORM-002936,USER_0016,UTILITY_CITY_WATER,44.06,2026-09-21T22:04:17.236023+00:00,USD,Monthly Bill Payment
TXN-NORM-002937,USER_0035,MUNICIPAL_TAX_BOARD,322.12,2026-09-27T13:54:01.494317+00:00,USD,Monthly Bill Payment
TXN-NORM-002938,USER_1311,UTILITY_METRO_POWER,145.54,2026-09-13T22:25:02.795501+00:00,USD,Monthly Bill Payment
TXN-NORM-002939,USER_1209,USER_1210,221.21,2026-09-30T00:59:14.190580+00:00,USD,Personal Transfer
TXN-NORM-002940,USER_0354,USER_0355,420.83,2026-09-08T20:47:28.458439+00:00,USD,Personal Transfer
TXN-NORM-002941,USER_0515,UTILITY_METRO_POWER,274.98,2026-09-01T20:48:45.708787+00:00,USD,Monthly Bill Payment
TXN-NORM-002942,USER_1605,HEALTHCARE_CLINIC_CITY,282.57,2026-09-02T20:11:01.933532+00:00,USD,Monthly Bill Payment
TXN-NORM-002943,USER_1135,UTILITY_METRO_POWER,183.92,2026-09-14T15:04:06.735628+00:00,USD,Monthly Bill Payment
TXN-NORM-002944,USER_0868,HEALTHCARE_CLINIC_CITY,242.81,2026-09-17T01:45:42.894680+00:00,USD,Monthly Bill Payment
TXN-NORM-002945,USER_0918,HEALTHCARE_CLINIC_CITY,44.76,2026-09-18T09:39:13.113717+00:00,USD,Monthly Bill Payment
TXN-NORM-002946,USER_0173,UTILITY_CITY_WATER,42.51,2026-09-03T11:55:29.778042+00:00,USD,Monthly Bill Payment
TXN-NORM-002947,USER_1460,GROCERY_MARKET_CENTRAL,118.51,2026-09-04T00:38:19.898240+00:00,USD,Monthly Bill Payment
TXN-NORM-002948,USER_1087,USER_1088,209.30,2026-09-15T17:42:55.372709+00:00,USD,Personal Transfer
TXN-NORM-002949,USER_0234,USER_0235,184.23,2026-09-02T23:10:58.133345+00:00,USD,Personal Transfer
TXN-NORM-002950,USER_1082,USER_1083,138.07,2026-09-14T18:13:26.009727+00:00,USD,Personal Transfer
TXN-NORM-002951,USER_0061,HEALTHCARE_CLINIC_CITY,286.19,2026-09-17T19:25:05.750847+00:00,USD,Monthly Bill Payment
TXN-NORM-002952,USER_1592,TELECOM_APEX_MOBILE,297.46,2026-09-13T13:57:02.889520+00:00,USD,Monthly Bill Payment
TXN-NORM-002953,USER_0807,UTILITY_METRO_POWER,195.50,2026-09-06T08:43:45.060190+00:00,USD,Monthly Bill Payment
TXN-NORM-002954,USER_0284,USER_0285,490.21,2026-09-15T00:30:44.175765+00:00,USD,Personal Transfer
TXN-NORM-002955,USER_0826,MUNICIPAL_TAX_BOARD,33.10,2026-09-04T23:08:18.979296+00:00,USD,Monthly Bill Payment
TXN-NORM-002956,USER_0139,USER_0140,241.67,2026-09-03T18:58:00.229670+00:00,USD,Personal Transfer
TXN-NORM-002957,USER_0517,UTILITY_CITY_WATER,201.76,2026-09-22T23:33:44.081418+00:00,USD,Monthly Bill Payment
TXN-NORM-002958,USER_1131,UTILITY_METRO_POWER,127.39,2026-09-22T00:41:56.003877+00:00,USD,Monthly Bill Payment
TXN-NORM-002959,USER_1368,USER_1369,138.93,2026-09-03T18:28:43.802141+00:00,USD,Personal Transfer
TXN-NORM-002960,USER_1247,GROCERY_MARKET_CENTRAL,219.33,2026-09-24T16:00:27.361233+00:00,USD,Monthly Bill Payment
TXN-NORM-002961,USER_1018,USER_1019,123.49,2026-09-13T09:33:31.706893+00:00,USD,Personal Transfer
TXN-NORM-002962,USER_0134,SUBSCRIPTION_STREAM_NOW,149.22,2026-09-18T08:32:34.922872+00:00,USD,Monthly Bill Payment
TXN-NORM-002963,USER_1140,USER_1141,86.99,2026-09-05T01:50:10.709794+00:00,USD,Personal Transfer
TXN-NORM-002964,USER_0994,TELECOM_APEX_MOBILE,105.68,2026-09-03T17:52:48.554362+00:00,USD,Monthly Bill Payment
TXN-NORM-002965,USER_0357,USER_0358,349.11,2026-09-14T04:43:38.484503+00:00,USD,Personal Transfer
TXN-NORM-002966,USER_1056,USER_1057,231.34,2026-09-18T11:32:35.700044+00:00,USD,Personal Transfer
TXN-NORM-002967,USER_0031,SUBSCRIPTION_STREAM_NOW,300.64,2026-09-25T00:20:36.424976+00:00,USD,Monthly Bill Payment
TXN-NORM-002968,USER_1353,SUBSCRIPTION_STREAM_NOW,291.44,2026-09-07T18:27:24.848015+00:00,USD,Monthly Bill Payment
TXN-NORM-002969,USER_1108,USER_1109,422.90,2026-09-05T05:13:14.949535+00:00,USD,Personal Transfer
TXN-NORM-002970,USER_1354,USER_1355,427.07,2026-09-02T19:52:00.230312+00:00,USD,Personal Transfer
TXN-NORM-002971,USER_1118,USER_1119,346.91,2026-09-24T07:55:05.407499+00:00,USD,Personal Transfer
TXN-NORM-002972,USER_1538,UTILITY_CITY_WATER,316.67,2026-09-16T15:49:29.378251+00:00,USD,Monthly Bill Payment
TXN-NORM-002973,USER_0172,USER_0173,335.82,2026-09-28T23:53:10.351755+00:00,USD,Personal Transfer
TXN-NORM-002974,USER_0063,USER_0064,141.12,2026-09-26T00:26:52.192993+00:00,USD,Personal Transfer
TXN-NORM-002975,USER_1096,TELECOM_APEX_MOBILE,194.63,2026-09-23T11:46:41.120073+00:00,USD,Monthly Bill Payment
TXN-NORM-002976,USER_1511,USER_1512,196.29,2026-09-18T06:20:00.993697+00:00,USD,Personal Transfer
TXN-NORM-002977,USER_0024,MUNICIPAL_TAX_BOARD,40.22,2026-09-03T10:59:26.466276+00:00,USD,Monthly Bill Payment
TXN-NORM-002978,USER_0972,UTILITY_CITY_WATER,148.58,2026-09-20T13:37:40.800542+00:00,USD,Monthly Bill Payment
TXN-NORM-002979,USER_0175,UTILITY_CITY_WATER,191.04,2026-09-13T02:23:08.916791+00:00,USD,Monthly Bill Payment
TXN-NORM-002980,USER_1024,USER_1025,340.15,2026-09-18T10:23:06.799407+00:00,USD,Personal Transfer
TXN-NORM-002981,USER_1147,USER_1148,472.49,2026-09-06T10:44:57.452728+00:00,USD,Personal Transfer
TXN-NORM-002982,USER_1373,USER_1374,35.92,2026-09-15T02:10:24.270042+00:00,USD,Personal Transfer
TXN-NORM-002983,USER_0727,MUNICIPAL_TAX_BOARD,162.64,2026-09-05T03:11:18.737343+00:00,USD,Monthly Bill Payment
TXN-NORM-002984,USER_0727,SUBSCRIPTION_STREAM_NOW,117.34,2026-09-15T19:36:13.537780+00:00,USD,Monthly Bill Payment
TXN-NORM-002985,USER_1416,UTILITY_METRO_POWER,278.18,2026-09-08T11:50:40.482308+00:00,USD,Monthly Bill Payment
TXN-NORM-002986,USER_0943,TELECOM_APEX_MOBILE,233.00,2026-09-26T04:45:54.937948+00:00,USD,Monthly Bill Payment
TXN-NORM-002987,USER_1239,USER_1240,310.77,2026-09-21T17:20:59.711388+00:00,USD,Personal Transfer
TXN-NORM-002988,USER_0786,TELECOM_APEX_MOBILE,172.24,2026-09-22T08:45:58.783772+00:00,USD,Monthly Bill Payment
TXN-NORM-002989,USER_0640,TELECOM_APEX_MOBILE,58.22,2026-09-14T07:14:59.503127+00:00,USD,Monthly Bill Payment
TXN-NORM-002990,USER_0292,HEALTHCARE_CLINIC_CITY,157.16,2026-09-28T02:16:59.126414+00:00,USD,Monthly Bill Payment
TXN-NORM-002991,USER_1112,MUNICIPAL_TAX_BOARD,155.04,2026-09-02T00:54:47.555243+00:00,USD,Monthly Bill Payment
TXN-NORM-002992,USER_1427,TELECOM_APEX_MOBILE,153.44,2026-09-19T09:43:17.270852+00:00,USD,Monthly Bill Payment
TXN-NORM-002993,USER_0310,USER_0311,294.24,2026-09-23T08:10:19.239398+00:00,USD,Personal Transfer
TXN-NORM-002994,USER_0871,UTILITY_METRO_POWER,94.70,2026-09-25T01:30:26.187002+00:00,USD,Monthly Bill Payment
TXN-NORM-002995,USER_0232,HEALTHCARE_CLINIC_CITY,270.53,2026-09-23T03:26:43.276981+00:00,USD,Monthly Bill Payment
TXN-NORM-002996,USER_1229,SUBSCRIPTION_STREAM_NOW,60.09,2026-09-06T13:27:32.118483+00:00,USD,Monthly Bill Payment
TXN-NORM-002997,USER_0437,UTILITY_CITY_WATER,343.83,2026-09-13T02:42:02.597143+00:00,USD,Monthly Bill Payment
TXN-NORM-002998,USER_0090,USER_0091,176.24,2026-09-10T19:54:14.191724+00:00,USD,Personal Transfer
TXN-NORM-002999,USER_1435,TELECOM_APEX_MOBILE,186.07,2026-09-06T17:04:04.521623+00:00,USD,Monthly Bill Payment
TXN-NORM-003000,USER_0537,UTILITY_METRO_POWER,308.74,2026-09-04T21:16:35.613592+00:00,USD,Monthly Bill Payment
TXN-NORM-003001,USER_1428,GROCERY_MARKET_CENTRAL,45.53,2026-09-03T01:44:10.280899+00:00,USD,Monthly Bill Payment
TXN-NORM-003002,USER_1548,USER_1549,265.16,2026-09-26T20:33:49.527969+00:00,USD,Personal Transfer
TXN-NORM-003003,USER_1434,MUNICIPAL_TAX_BOARD,335.84,2026-09-16T19:22:20.167396+00:00,USD,Monthly Bill Payment
TXN-NORM-003004,USER_1494,TELECOM_APEX_MOBILE,50.88,2026-09-13T01:48:42.542549+00:00,USD,Monthly Bill Payment
TXN-NORM-003005,USER_0555,UTILITY_CITY_WATER,297.91,2026-09-25T12:54:50.842289+00:00,USD,Monthly Bill Payment
TXN-NORM-003006,USER_1275,MUNICIPAL_TAX_BOARD,162.21,2026-09-13T05:50:13.279462+00:00,USD,Monthly Bill Payment
TXN-NORM-003007,USER_1359,MUNICIPAL_TAX_BOARD,153.64,2026-09-24T12:00:17.569913+00:00,USD,Monthly Bill Payment
TXN-NORM-003008,USER_1267,TELECOM_APEX_MOBILE,248.82,2026-09-10T22:39:28.551335+00:00,USD,Monthly Bill Payment
TXN-NORM-003009,USER_0185,HEALTHCARE_CLINIC_CITY,41.02,2026-09-18T14:12:38.256125+00:00,USD,Monthly Bill Payment
TXN-NORM-003010,USER_0255,GROCERY_MARKET_CENTRAL,248.42,2026-09-22T02:09:24.162722+00:00,USD,Monthly Bill Payment
TXN-NORM-003011,USER_0979,USER_0980,351.96,2026-09-09T03:19:13.552066+00:00,USD,Personal Transfer
TXN-NORM-003012,USER_0720,HEALTHCARE_CLINIC_CITY,45.11,2026-09-15T12:49:44.511297+00:00,USD,Monthly Bill Payment
TXN-NORM-003013,USER_1221,SUBSCRIPTION_STREAM_NOW,127.18,2026-09-23T18:04:26.589848+00:00,USD,Monthly Bill Payment
TXN-NORM-003014,USER_0842,USER_0843,295.95,2026-09-19T22:34:43.241392+00:00,USD,Personal Transfer
TXN-NORM-003015,USER_0672,UTILITY_METRO_POWER,33.05,2026-09-03T21:46:16.639921+00:00,USD,Monthly Bill Payment
TXN-NORM-003016,USER_1344,USER_1345,272.22,2026-09-10T07:21:18.584750+00:00,USD,Personal Transfer
TXN-NORM-003017,USER_1189,HEALTHCARE_CLINIC_CITY,306.18,2026-09-03T13:14:35.816828+00:00,USD,Monthly Bill Payment
TXN-NORM-003018,USER_1609,USER_1610,256.29,2026-09-26T07:45:12.361507+00:00,USD,Personal Transfer
TXN-NORM-003019,USER_0103,GROCERY_MARKET_CENTRAL,281.91,2026-09-14T02:12:51.663817+00:00,USD,Monthly Bill Payment
TXN-NORM-003020,USER_0637,SUBSCRIPTION_STREAM_NOW,135.47,2026-09-26T12:31:24.393643+00:00,USD,Monthly Bill Payment
TXN-NORM-003021,USER_0060,TELECOM_APEX_MOBILE,338.55,2026-09-23T23:11:23.786044+00:00,USD,Monthly Bill Payment
TXN-NORM-003022,USER_0394,USER_0395,78.47,2026-09-24T05:03:18.698074+00:00,USD,Personal Transfer
TXN-NORM-003023,USER_1603,UTILITY_CITY_WATER,302.64,2026-09-24T13:11:48.610522+00:00,USD,Monthly Bill Payment
TXN-NORM-003024,USER_0378,USER_0379,67.57,2026-09-11T11:46:31.116816+00:00,USD,Personal Transfer
TXN-NORM-003025,USER_1296,UTILITY_METRO_POWER,27.98,2026-09-19T00:39:39.364052+00:00,USD,Monthly Bill Payment
TXN-NORM-003026,USER_1383,UTILITY_CITY_WATER,120.59,2026-09-25T17:28:36.049339+00:00,USD,Monthly Bill Payment
TXN-NORM-003027,USER_1561,USER_1562,333.47,2026-09-14T07:50:38.361579+00:00,USD,Personal Transfer
TXN-NORM-003028,USER_0637,UTILITY_METRO_POWER,58.69,2026-09-23T03:14:47.202312+00:00,USD,Monthly Bill Payment
TXN-NORM-003029,USER_0363,GROCERY_MARKET_CENTRAL,188.59,2026-09-29T06:19:51.133532+00:00,USD,Monthly Bill Payment
TXN-NORM-003030,USER_0515,UTILITY_METRO_POWER,272.16,2026-09-16T15:40:47.056279+00:00,USD,Monthly Bill Payment
TXN-NORM-003031,USER_1100,HEALTHCARE_CLINIC_CITY,185.72,2026-09-15T11:40:56.410464+00:00,USD,Monthly Bill Payment
TXN-NORM-003032,USER_1145,MUNICIPAL_TAX_BOARD,311.81,2026-09-26T08:38:41.110280+00:00,USD,Monthly Bill Payment
TXN-NORM-003033,USER_0734,GROCERY_MARKET_CENTRAL,113.79,2026-09-23T16:25:00.216995+00:00,USD,Monthly Bill Payment
TXN-NORM-003034,USER_0277,USER_0278,94.59,2026-09-13T11:51:51.109393+00:00,USD,Personal Transfer
TXN-NORM-003035,USER_0871,UTILITY_CITY_WATER,196.85,2026-09-22T07:33:25.985302+00:00,USD,Monthly Bill Payment
TXN-NORM-003036,USER_0469,USER_0470,223.59,2026-09-26T19:53:35.364147+00:00,USD,Personal Transfer
TXN-NORM-003037,USER_1427,MUNICIPAL_TAX_BOARD,138.87,2026-09-12T13:15:41.461083+00:00,USD,Monthly Bill Payment
TXN-NORM-003038,USER_1302,UTILITY_CITY_WATER,65.11,2026-09-29T09:12:07.282160+00:00,USD,Monthly Bill Payment
TXN-NORM-003039,USER_1142,USER_1143,137.81,2026-09-08T16:03:21.587936+00:00,USD,Personal Transfer
TXN-NORM-003040,USER_1541,USER_1542,473.12,2026-09-09T06:48:25.229826+00:00,USD,Personal Transfer
TXN-NORM-003041,USER_0522,HEALTHCARE_CLINIC_CITY,72.33,2026-09-12T13:46:45.388385+00:00,USD,Monthly Bill Payment
TXN-NORM-003042,USER_0404,USER_0405,89.77,2026-09-04T00:57:39.082430+00:00,USD,Personal Transfer
TXN-NORM-003043,USER_1461,USER_1462,470.94,2026-09-10T08:15:52.828080+00:00,USD,Personal Transfer
TXN-NORM-003044,USER_1503,USER_1504,390.17,2026-09-04T17:10:36.484171+00:00,USD,Personal Transfer
TXN-NORM-003045,USER_1565,UTILITY_CITY_WATER,34.98,2026-09-20T11:51:52.415134+00:00,USD,Monthly Bill Payment
TXN-NORM-003046,USER_1137,SUBSCRIPTION_STREAM_NOW,139.93,2026-09-20T23:04:53.666032+00:00,USD,Monthly Bill Payment
TXN-NORM-003047,USER_0026,USER_0027,395.26,2026-09-03T12:43:49.531652+00:00,USD,Personal Transfer
TXN-NORM-003048,USER_0506,USER_0507,202.51,2026-09-09T02:08:03.861980+00:00,USD,Personal Transfer
TXN-NORM-003049,USER_1624,USER_1625,317.70,2026-09-10T23:18:11.301698+00:00,USD,Personal Transfer
TXN-NORM-003050,USER_0470,UTILITY_METRO_POWER,303.80,2026-09-08T12:05:07.850936+00:00,USD,Monthly Bill Payment
TXN-NORM-003051,USER_1434,USER_1435,438.20,2026-09-22T11:51:32.763396+00:00,USD,Personal Transfer
TXN-NORM-003052,USER_0903,SUBSCRIPTION_STREAM_NOW,137.24,2026-09-09T20:11:40.319317+00:00,USD,Monthly Bill Payment
TXN-NORM-003053,USER_0353,TELECOM_APEX_MOBILE,163.94,2026-09-09T07:00:30.316344+00:00,USD,Monthly Bill Payment
TXN-NORM-003054,USER_1089,UTILITY_METRO_POWER,179.41,2026-09-17T03:25:22.965297+00:00,USD,Monthly Bill Payment
TXN-NORM-003055,USER_1269,HEALTHCARE_CLINIC_CITY,248.03,2026-09-21T12:11:04.659750+00:00,USD,Monthly Bill Payment
TXN-NORM-003056,USER_1548,USER_1549,327.17,2026-09-22T09:47:51.578001+00:00,USD,Personal Transfer
TXN-NORM-003057,USER_0253,MUNICIPAL_TAX_BOARD,263.99,2026-09-14T19:59:04.550081+00:00,USD,Monthly Bill Payment
TXN-NORM-003058,USER_1275,GROCERY_MARKET_CENTRAL,249.44,2026-09-13T19:18:18.073742+00:00,USD,Monthly Bill Payment
TXN-NORM-003059,USER_0125,HEALTHCARE_CLINIC_CITY,68.17,2026-09-29T20:45:45.739258+00:00,USD,Monthly Bill Payment
TXN-NORM-003060,USER_0982,SUBSCRIPTION_STREAM_NOW,100.58,2026-09-25T07:57:37.331689+00:00,USD,Monthly Bill Payment
TXN-NORM-003061,USER_0184,USER_0185,137.53,2026-09-29T18:42:27.021833+00:00,USD,Personal Transfer
TXN-NORM-003062,USER_0549,SUBSCRIPTION_STREAM_NOW,77.89,2026-09-07T17:26:15.657436+00:00,USD,Monthly Bill Payment
TXN-NORM-003063,USER_0483,HEALTHCARE_CLINIC_CITY,239.35,2026-09-24T00:04:24.276339+00:00,USD,Monthly Bill Payment
TXN-NORM-003064,USER_1024,MUNICIPAL_TAX_BOARD,93.28,2026-09-27T15:19:56.161668+00:00,USD,Monthly Bill Payment
TXN-NORM-003065,USER_0354,MUNICIPAL_TAX_BOARD,206.04,2026-09-16T03:46:56.515879+00:00,USD,Monthly Bill Payment
TXN-NORM-003066,USER_0435,UTILITY_CITY_WATER,99.76,2026-09-05T05:30:22.900840+00:00,USD,Monthly Bill Payment
TXN-NORM-003067,USER_0005,SUBSCRIPTION_STREAM_NOW,148.31,2026-09-21T13:01:19.904901+00:00,USD,Monthly Bill Payment
TXN-NORM-003068,USER_0093,USER_0094,202.32,2026-09-16T13:15:19.311972+00:00,USD,Personal Transfer
TXN-NORM-003069,USER_0023,SUBSCRIPTION_STREAM_NOW,283.98,2026-09-24T19:24:07.958021+00:00,USD,Monthly Bill Payment
TXN-NORM-003070,USER_0592,TELECOM_APEX_MOBILE,236.21,2026-09-22T08:30:45.039551+00:00,USD,Monthly Bill Payment
TXN-NORM-003071,USER_1314,USER_1315,249.06,2026-09-18T06:03:04.842578+00:00,USD,Personal Transfer
TXN-NORM-003072,USER_0863,USER_0864,167.71,2026-09-23T06:48:16.017952+00:00,USD,Personal Transfer
TXN-NORM-003073,USER_0837,USER_0838,16.77,2026-09-18T06:37:40.512632+00:00,USD,Personal Transfer
TXN-NORM-003074,USER_1502,USER_1503,103.45,2026-09-02T17:41:02.556271+00:00,USD,Personal Transfer
TXN-NORM-003075,USER_0758,USER_0759,300.34,2026-09-09T22:58:00.175231+00:00,USD,Personal Transfer
TXN-NORM-003076,USER_0897,USER_0898,224.93,2026-09-11T00:45:37.525399+00:00,USD,Personal Transfer
TXN-NORM-003077,USER_1369,HEALTHCARE_CLINIC_CITY,152.72,2026-09-09T07:18:11.299525+00:00,USD,Monthly Bill Payment
TXN-NORM-003078,USER_0760,GROCERY_MARKET_CENTRAL,314.84,2026-09-04T06:05:54.074537+00:00,USD,Monthly Bill Payment
TXN-NORM-003079,USER_0461,USER_0462,172.11,2026-09-02T09:01:42.294898+00:00,USD,Personal Transfer
TXN-NORM-003080,USER_0817,MUNICIPAL_TAX_BOARD,177.57,2026-09-27T19:51:08.072690+00:00,USD,Monthly Bill Payment
TXN-NORM-003081,USER_1071,SUBSCRIPTION_STREAM_NOW,203.18,2026-09-12T05:47:00.725412+00:00,USD,Monthly Bill Payment
TXN-NORM-003082,USER_0603,SUBSCRIPTION_STREAM_NOW,222.25,2026-09-12T18:37:20.393569+00:00,USD,Monthly Bill Payment
TXN-NORM-003083,USER_1608,MUNICIPAL_TAX_BOARD,194.01,2026-09-08T19:43:23.503502+00:00,USD,Monthly Bill Payment
TXN-NORM-003084,USER_1302,MUNICIPAL_TAX_BOARD,48.61,2026-09-15T13:36:17.588515+00:00,USD,Monthly Bill Payment
TXN-NORM-003085,USER_0063,SUBSCRIPTION_STREAM_NOW,299.27,2026-09-18T10:45:33.355762+00:00,USD,Monthly Bill Payment
TXN-NORM-003086,USER_1167,UTILITY_METRO_POWER,331.56,2026-09-12T13:00:32.651794+00:00,USD,Monthly Bill Payment
TXN-NORM-003087,USER_0272,GROCERY_MARKET_CENTRAL,338.10,2026-09-21T18:38:09.558158+00:00,USD,Monthly Bill Payment
TXN-NORM-003088,USER_1070,UTILITY_METRO_POWER,123.39,2026-09-25T03:15:44.583924+00:00,USD,Monthly Bill Payment
TXN-NORM-003089,USER_0162,UTILITY_CITY_WATER,330.74,2026-09-02T09:17:48.181164+00:00,USD,Monthly Bill Payment
TXN-NORM-003090,USER_1606,SUBSCRIPTION_STREAM_NOW,183.16,2026-09-11T12:14:38.652705+00:00,USD,Monthly Bill Payment
TXN-NORM-003091,USER_0596,USER_0597,158.95,2026-09-20T15:11:39.484485+00:00,USD,Personal Transfer
TXN-NORM-003092,USER_1234,UTILITY_METRO_POWER,222.78,2026-09-03T23:39:15.962988+00:00,USD,Monthly Bill Payment
TXN-NORM-003093,USER_1213,UTILITY_CITY_WATER,70.80,2026-09-05T21:50:04.719931+00:00,USD,Monthly Bill Payment
TXN-NORM-003094,USER_0978,GROCERY_MARKET_CENTRAL,254.82,2026-09-18T16:55:49.128921+00:00,USD,Monthly Bill Payment
TXN-NORM-003095,USER_0542,USER_0543,414.30,2026-09-12T02:52:08.857498+00:00,USD,Personal Transfer
TXN-NORM-003096,USER_0710,USER_0711,226.03,2026-09-12T04:23:33.463344+00:00,USD,Personal Transfer
TXN-NORM-003097,USER_1036,GROCERY_MARKET_CENTRAL,307.63,2026-09-25T11:17:34.788396+00:00,USD,Monthly Bill Payment
TXN-NORM-003098,USER_1018,USER_1019,39.14,2026-09-21T13:47:16.723299+00:00,USD,Personal Transfer
TXN-NORM-003099,USER_1295,TELECOM_APEX_MOBILE,333.96,2026-09-27T23:26:29.445255+00:00,USD,Monthly Bill Payment
TXN-NORM-003100,USER_0941,GROCERY_MARKET_CENTRAL,177.75,2026-09-25T04:14:50.018574+00:00,USD,Monthly Bill Payment
TXN-NORM-003101,USER_0364,HEALTHCARE_CLINIC_CITY,312.78,2026-09-27T20:03:32.088812+00:00,USD,Monthly Bill Payment
TXN-NORM-003102,USER_0574,HEALTHCARE_CLINIC_CITY,110.09,2026-09-04T10:08:01.988025+00:00,USD,Monthly Bill Payment
TXN-NORM-003103,USER_0927,SUBSCRIPTION_STREAM_NOW,331.02,2026-09-06T01:41:58.127462+00:00,USD,Monthly Bill Payment
TXN-NORM-003104,USER_1111,USER_1112,248.51,2026-09-24T08:37:32.650699+00:00,USD,Personal Transfer
TXN-NORM-003105,USER_0121,USER_0122,71.34,2026-09-28T01:53:48.521693+00:00,USD,Personal Transfer
TXN-NORM-003106,USER_0762,USER_0763,406.52,2026-09-19T09:04:10.203459+00:00,USD,Personal Transfer
TXN-NORM-003107,USER_1346,UTILITY_METRO_POWER,266.76,2026-09-07T00:40:54.886674+00:00,USD,Monthly Bill Payment
TXN-NORM-003108,USER_0466,USER_0467,413.10,2026-09-26T08:46:31.913542+00:00,USD,Personal Transfer
TXN-NORM-003109,USER_0279,SUBSCRIPTION_STREAM_NOW,217.94,2026-09-02T18:13:53.969422+00:00,USD,Monthly Bill Payment
TXN-NORM-003110,USER_1394,HEALTHCARE_CLINIC_CITY,294.74,2026-09-28T19:08:40.369449+00:00,USD,Monthly Bill Payment
TXN-NORM-003111,USER_1339,HEALTHCARE_CLINIC_CITY,131.35,2026-09-16T04:34:56.167219+00:00,USD,Monthly Bill Payment
TXN-NORM-003112,USER_0601,MUNICIPAL_TAX_BOARD,205.48,2026-09-20T08:18:03.623090+00:00,USD,Monthly Bill Payment
TXN-NORM-003113,USER_0437,USER_0438,139.69,2026-09-13T09:59:32.079380+00:00,USD,Personal Transfer
TXN-NORM-003114,USER_0968,USER_0969,399.62,2026-09-13T08:52:32.758405+00:00,USD,Personal Transfer
TXN-NORM-003115,USER_1055,USER_1056,165.76,2026-09-29T06:43:11.493720+00:00,USD,Personal Transfer
TXN-NORM-003116,USER_1103,TELECOM_APEX_MOBILE,132.99,2026-09-26T23:12:33.590382+00:00,USD,Monthly Bill Payment
TXN-NORM-003117,USER_0315,HEALTHCARE_CLINIC_CITY,84.53,2026-09-17T21:36:02.050411+00:00,USD,Monthly Bill Payment
TXN-NORM-003118,USER_0960,USER_0961,139.18,2026-09-08T03:42:58.630991+00:00,USD,Personal Transfer
TXN-NORM-003119,USER_1565,USER_1566,272.02,2026-09-08T15:50:50.851602+00:00,USD,Personal Transfer
TXN-NORM-003120,USER_0831,USER_0832,376.49,2026-09-29T13:58:51.014143+00:00,USD,Personal Transfer
TXN-NORM-003121,USER_0918,TELECOM_APEX_MOBILE,327.56,2026-09-17T09:15:35.245135+00:00,USD,Monthly Bill Payment
TXN-NORM-003122,USER_1031,GROCERY_MARKET_CENTRAL,99.05,2026-09-10T10:03:01.792515+00:00,USD,Monthly Bill Payment
TXN-NORM-003123,USER_1292,USER_1293,38.00,2026-09-10T05:27:02.664322+00:00,USD,Personal Transfer
TXN-NORM-003124,USER_0685,UTILITY_METRO_POWER,152.88,2026-09-24T20:44:50.743802+00:00,USD,Monthly Bill Payment
TXN-NORM-003125,USER_0920,UTILITY_CITY_WATER,91.95,2026-09-12T00:48:35.881019+00:00,USD,Monthly Bill Payment
TXN-NORM-003126,USER_0375,USER_0376,469.40,2026-09-02T01:29:02.383638+00:00,USD,Personal Transfer
TXN-NORM-003127,USER_1569,UTILITY_METRO_POWER,241.48,2026-09-03T07:37:41.265248+00:00,USD,Monthly Bill Payment
TXN-NORM-003128,USER_1229,SUBSCRIPTION_STREAM_NOW,278.15,2026-09-08T07:53:56.912509+00:00,USD,Monthly Bill Payment
TXN-NORM-003129,USER_0795,TELECOM_APEX_MOBILE,286.77,2026-09-29T05:57:47.636113+00:00,USD,Monthly Bill Payment
TXN-NORM-003130,USER_1443,USER_1444,355.81,2026-09-20T19:46:06.870460+00:00,USD,Personal Transfer
TXN-NORM-003131,USER_0345,UTILITY_CITY_WATER,127.42,2026-09-13T13:18:23.632018+00:00,USD,Monthly Bill Payment
TXN-NORM-003132,USER_0549,USER_0550,448.09,2026-09-04T06:04:56.932840+00:00,USD,Personal Transfer
TXN-NORM-003133,USER_1366,GROCERY_MARKET_CENTRAL,317.53,2026-09-14T09:20:32.224064+00:00,USD,Monthly Bill Payment
TXN-NORM-003134,USER_0732,USER_0733,217.58,2026-09-03T15:10:19.024777+00:00,USD,Personal Transfer
TXN-NORM-003135,USER_1433,USER_1434,119.08,2026-09-04T01:36:29.388566+00:00,USD,Personal Transfer
TXN-NORM-003136,USER_1474,USER_1475,332.52,2026-09-27T12:14:46.136033+00:00,USD,Personal Transfer
TXN-NORM-003137,USER_1406,SUBSCRIPTION_STREAM_NOW,116.82,2026-09-14T10:09:38.951399+00:00,USD,Monthly Bill Payment
TXN-NORM-003138,USER_1009,UTILITY_CITY_WATER,175.70,2026-09-14T08:53:38.857121+00:00,USD,Monthly Bill Payment
TXN-NORM-003139,USER_1128,UTILITY_METRO_POWER,321.87,2026-09-12T02:01:54.204322+00:00,USD,Monthly Bill Payment
TXN-NORM-003140,USER_1365,USER_1366,154.61,2026-09-03T13:51:05.308885+00:00,USD,Personal Transfer
TXN-NORM-003141,USER_1388,HEALTHCARE_CLINIC_CITY,316.61,2026-09-28T19:01:04.794320+00:00,USD,Monthly Bill Payment
TXN-NORM-003142,USER_0243,UTILITY_CITY_WATER,164.23,2026-09-11T12:29:40.631701+00:00,USD,Monthly Bill Payment
TXN-NORM-003143,USER_1038,UTILITY_METRO_POWER,201.40,2026-09-29T05:31:16.985751+00:00,USD,Monthly Bill Payment
TXN-NORM-003144,USER_1284,TELECOM_APEX_MOBILE,311.16,2026-09-04T15:53:19.088674+00:00,USD,Monthly Bill Payment
TXN-NORM-003145,USER_1263,USER_1264,383.58,2026-09-28T23:28:42.408096+00:00,USD,Personal Transfer
TXN-NORM-003146,USER_0499,USER_0500,37.17,2026-09-21T06:54:43.664574+00:00,USD,Personal Transfer
TXN-NORM-003147,USER_0795,MUNICIPAL_TAX_BOARD,29.24,2026-09-04T00:43:26.179142+00:00,USD,Monthly Bill Payment
TXN-NORM-003148,USER_0040,MUNICIPAL_TAX_BOARD,150.73,2026-09-13T17:22:20.276711+00:00,USD,Monthly Bill Payment
TXN-NORM-003149,USER_0900,MUNICIPAL_TAX_BOARD,111.79,2026-09-03T06:25:18.773377+00:00,USD,Monthly Bill Payment
TXN-NORM-003150,USER_1394,UTILITY_CITY_WATER,210.34,2026-09-26T19:53:08.168382+00:00,USD,Monthly Bill Payment
TXN-NORM-003151,USER_0592,UTILITY_CITY_WATER,31.67,2026-09-21T17:17:34.537014+00:00,USD,Monthly Bill Payment
TXN-NORM-003152,USER_0805,TELECOM_APEX_MOBILE,27.62,2026-09-12T11:10:25.556976+00:00,USD,Monthly Bill Payment
TXN-NORM-003153,USER_0330,UTILITY_CITY_WATER,345.24,2026-09-24T22:38:29.793926+00:00,USD,Monthly Bill Payment
TXN-NORM-003154,USER_0642,UTILITY_METRO_POWER,174.30,2026-09-27T00:33:57.264849+00:00,USD,Monthly Bill Payment
TXN-NORM-003155,USER_0522,MUNICIPAL_TAX_BOARD,253.30,2026-09-03T16:02:41.659171+00:00,USD,Monthly Bill Payment
TXN-NORM-003156,USER_0307,UTILITY_METRO_POWER,47.67,2026-09-08T08:29:50.827994+00:00,USD,Monthly Bill Payment
TXN-NORM-003157,USER_1510,USER_1511,343.23,2026-09-18T05:50:15.547850+00:00,USD,Personal Transfer
TXN-NORM-003158,USER_0730,TELECOM_APEX_MOBILE,103.97,2026-09-20T01:36:25.040654+00:00,USD,Monthly Bill Payment
TXN-NORM-003159,USER_0311,USER_0312,230.37,2026-09-05T11:55:27.623448+00:00,USD,Personal Transfer
TXN-NORM-003160,USER_1628,HEALTHCARE_CLINIC_CITY,133.72,2026-09-28T00:24:58.730602+00:00,USD,Monthly Bill Payment
TXN-NORM-003161,USER_0935,GROCERY_MARKET_CENTRAL,208.82,2026-09-26T18:36:32.936046+00:00,USD,Monthly Bill Payment
TXN-NORM-003162,USER_0382,UTILITY_CITY_WATER,153.45,2026-09-18T20:04:12.316657+00:00,USD,Monthly Bill Payment
TXN-NORM-003163,USER_0473,USER_0474,19.11,2026-09-08T16:08:03.776903+00:00,USD,Personal Transfer
TXN-NORM-003164,USER_1422,TELECOM_APEX_MOBILE,175.13,2026-09-12T06:14:53.254110+00:00,USD,Monthly Bill Payment
TXN-NORM-003165,USER_0949,USER_0950,455.06,2026-09-21T06:42:25.497008+00:00,USD,Personal Transfer
TXN-NORM-003166,USER_0235,HEALTHCARE_CLINIC_CITY,269.38,2026-09-11T13:08:40.703544+00:00,USD,Monthly Bill Payment
TXN-NORM-003167,USER_0013,HEALTHCARE_CLINIC_CITY,283.46,2026-09-13T23:23:53.902100+00:00,USD,Monthly Bill Payment
TXN-NORM-003168,USER_1486,USER_1487,292.83,2026-09-03T18:09:53.463960+00:00,USD,Personal Transfer
TXN-NORM-003169,USER_1002,USER_1003,66.61,2026-09-21T00:27:37.425965+00:00,USD,Personal Transfer
TXN-NORM-003170,USER_0230,MUNICIPAL_TAX_BOARD,203.95,2026-09-08T02:19:39.164126+00:00,USD,Monthly Bill Payment
TXN-NORM-003171,USER_1496,SUBSCRIPTION_STREAM_NOW,79.43,2026-09-11T01:40:58.368836+00:00,USD,Monthly Bill Payment
TXN-NORM-003172,USER_1415,UTILITY_METRO_POWER,268.88,2026-09-17T07:27:22.623972+00:00,USD,Monthly Bill Payment
TXN-NORM-003173,USER_1584,MUNICIPAL_TAX_BOARD,343.20,2026-09-08T13:42:55.310527+00:00,USD,Monthly Bill Payment
TXN-NORM-003174,USER_1247,USER_1248,98.60,2026-09-16T13:51:18.741077+00:00,USD,Personal Transfer
TXN-NORM-003175,USER_1043,UTILITY_METRO_POWER,238.64,2026-09-28T23:06:00.686516+00:00,USD,Monthly Bill Payment
TXN-NORM-003176,USER_1053,UTILITY_METRO_POWER,42.54,2026-09-22T12:16:26.302752+00:00,USD,Monthly Bill Payment
TXN-NORM-003177,USER_1129,GROCERY_MARKET_CENTRAL,343.30,2026-09-10T03:17:39.703464+00:00,USD,Monthly Bill Payment
TXN-NORM-003178,USER_0278,USER_0279,149.55,2026-09-06T09:35:50.889734+00:00,USD,Personal Transfer
TXN-NORM-003179,USER_0998,USER_0999,378.41,2026-09-20T04:51:35.883993+00:00,USD,Personal Transfer
TXN-NORM-003180,USER_1075,USER_1076,307.19,2026-09-04T01:13:10.951762+00:00,USD,Personal Transfer
TXN-NORM-003181,USER_0402,USER_0403,32.52,2026-09-20T12:15:31.234651+00:00,USD,Personal Transfer
TXN-NORM-003182,USER_0426,USER_0427,428.40,2026-09-09T15:06:40.832592+00:00,USD,Personal Transfer
TXN-NORM-003183,USER_0268,USER_0269,439.77,2026-09-15T19:36:44.017860+00:00,USD,Personal Transfer
TXN-NORM-003184,USER_0500,UTILITY_METRO_POWER,160.83,2026-09-07T07:48:40.165265+00:00,USD,Monthly Bill Payment
TXN-NORM-003185,USER_0097,GROCERY_MARKET_CENTRAL,43.67,2026-09-12T19:11:35.341585+00:00,USD,Monthly Bill Payment
TXN-NORM-003186,USER_1465,USER_1466,237.91,2026-09-08T18:25:59.236740+00:00,USD,Personal Transfer
TXN-NORM-003187,USER_0815,USER_0816,387.43,2026-09-04T16:47:02.402583+00:00,USD,Personal Transfer
TXN-NORM-003188,USER_1401,HEALTHCARE_CLINIC_CITY,312.12,2026-09-06T08:14:27.559573+00:00,USD,Monthly Bill Payment
TXN-NORM-003189,USER_1405,USER_1406,434.62,2026-09-04T04:22:07.813199+00:00,USD,Personal Transfer
TXN-NORM-003190,USER_0084,USER_0085,472.89,2026-09-06T10:03:51.570593+00:00,USD,Personal Transfer
TXN-NORM-003191,USER_0060,MUNICIPAL_TAX_BOARD,150.81,2026-09-25T13:22:05.530780+00:00,USD,Monthly Bill Payment
TXN-NORM-003192,USER_0333,SUBSCRIPTION_STREAM_NOW,183.23,2026-09-04T05:51:40.726264+00:00,USD,Monthly Bill Payment
TXN-NORM-003193,USER_1027,SUBSCRIPTION_STREAM_NOW,298.47,2026-09-13T13:02:56.643048+00:00,USD,Monthly Bill Payment
TXN-NORM-003194,USER_0806,UTILITY_CITY_WATER,252.64,2026-09-22T19:06:16.202539+00:00,USD,Monthly Bill Payment
TXN-NORM-003195,USER_0314,TELECOM_APEX_MOBILE,44.64,2026-09-16T12:42:56.224217+00:00,USD,Monthly Bill Payment
TXN-NORM-003196,USER_1191,HEALTHCARE_CLINIC_CITY,36.76,2026-09-23T08:39:58.944337+00:00,USD,Monthly Bill Payment
TXN-NORM-003197,USER_0884,GROCERY_MARKET_CENTRAL,86.28,2026-09-07T14:30:26.645398+00:00,USD,Monthly Bill Payment
TXN-NORM-003198,USER_0461,MUNICIPAL_TAX_BOARD,147.50,2026-09-11T17:17:06.194297+00:00,USD,Monthly Bill Payment
TXN-NORM-003199,USER_0930,SUBSCRIPTION_STREAM_NOW,311.67,2026-09-25T20:21:21.605338+00:00,USD,Monthly Bill Payment
TXN-NORM-003200,USER_0241,GROCERY_MARKET_CENTRAL,158.55,2026-09-29T02:13:46.956509+00:00,USD,Monthly Bill Payment
TXN-NORM-003201,USER_0282,USER_0283,341.65,2026-09-22T18:24:47.744455+00:00,USD,Personal Transfer
TXN-NORM-003202,USER_0208,USER_0209,371.45,2026-09-25T12:13:38.447054+00:00,USD,Personal Transfer
TXN-NORM-003203,USER_1217,USER_1218,325.14,2026-09-19T12:09:41.107237+00:00,USD,Personal Transfer
TXN-NORM-003204,USER_1484,MUNICIPAL_TAX_BOARD,210.54,2026-09-24T17:36:51.643237+00:00,USD,Monthly Bill Payment
TXN-NORM-003205,USER_0779,UTILITY_CITY_WATER,313.39,2026-09-07T18:50:54.371448+00:00,USD,Monthly Bill Payment
TXN-NORM-003206,USER_1475,USER_1476,446.15,2026-09-29T22:02:04.623395+00:00,USD,Personal Transfer
TXN-NORM-003207,USER_1366,TELECOM_APEX_MOBILE,333.50,2026-09-16T20:37:43.004474+00:00,USD,Monthly Bill Payment
TXN-NORM-003208,USER_0072,USER_0073,419.71,2026-09-08T13:26:49.266248+00:00,USD,Personal Transfer
TXN-NORM-003209,USER_1370,TELECOM_APEX_MOBILE,145.18,2026-09-13T12:48:06.546630+00:00,USD,Monthly Bill Payment
TXN-NORM-003210,USER_0957,USER_0958,175.45,2026-09-12T23:19:53.003214+00:00,USD,Personal Transfer
TXN-NORM-003211,USER_0929,GROCERY_MARKET_CENTRAL,331.39,2026-09-21T22:59:35.074140+00:00,USD,Monthly Bill Payment
TXN-NORM-003212,USER_1302,TELECOM_APEX_MOBILE,208.40,2026-09-07T14:20:49.322871+00:00,USD,Monthly Bill Payment
TXN-NORM-003213,USER_0555,UTILITY_METRO_POWER,165.05,2026-09-28T05:46:37.333341+00:00,USD,Monthly Bill Payment
TXN-NORM-003214,USER_0575,UTILITY_METRO_POWER,199.03,2026-09-07T01:21:29.670910+00:00,USD,Monthly Bill Payment
TXN-NORM-003215,USER_0017,UTILITY_METRO_POWER,289.80,2026-09-27T22:30:34.377495+00:00,USD,Monthly Bill Payment
TXN-NORM-003216,USER_0380,USER_0381,470.88,2026-09-18T19:16:40.087760+00:00,USD,Personal Transfer
TXN-NORM-003217,USER_1180,UTILITY_METRO_POWER,302.37,2026-09-10T17:51:38.965265+00:00,USD,Monthly Bill Payment
TXN-NORM-003218,USER_0491,UTILITY_CITY_WATER,144.58,2026-09-26T08:09:46.220862+00:00,USD,Monthly Bill Payment
TXN-NORM-003219,USER_1470,UTILITY_METRO_POWER,328.27,2026-09-05T06:15:25.341068+00:00,USD,Monthly Bill Payment
TXN-NORM-003220,USER_0586,MUNICIPAL_TAX_BOARD,214.64,2026-09-20T17:10:25.738926+00:00,USD,Monthly Bill Payment
TXN-NORM-003221,USER_0508,USER_0509,71.43,2026-09-06T16:40:13.889392+00:00,USD,Personal Transfer
TXN-NORM-003222,USER_1591,MUNICIPAL_TAX_BOARD,159.11,2026-09-10T09:44:13.516660+00:00,USD,Monthly Bill Payment
TXN-NORM-003223,USER_1348,USER_1349,274.07,2026-09-08T00:44:59.753042+00:00,USD,Personal Transfer
TXN-NORM-003224,USER_1406,USER_1407,96.00,2026-09-16T01:16:32.209294+00:00,USD,Personal Transfer
TXN-NORM-003225,USER_0247,MUNICIPAL_TAX_BOARD,116.28,2026-09-22T16:13:02.346336+00:00,USD,Monthly Bill Payment
TXN-NORM-003226,USER_0321,UTILITY_CITY_WATER,165.71,2026-09-24T20:20:22.364504+00:00,USD,Monthly Bill Payment
TXN-NORM-003227,USER_1036,USER_1037,69.53,2026-09-09T14:23:10.895438+00:00,USD,Personal Transfer
TXN-NORM-003228,USER_0398,MUNICIPAL_TAX_BOARD,158.55,2026-09-06T07:40:49.170784+00:00,USD,Monthly Bill Payment
TXN-NORM-003229,USER_0700,USER_0701,230.68,2026-09-24T22:39:36.850666+00:00,USD,Personal Transfer
TXN-NORM-003230,USER_0928,UTILITY_CITY_WATER,88.37,2026-09-14T03:44:39.796108+00:00,USD,Monthly Bill Payment
TXN-NORM-003231,USER_0007,GROCERY_MARKET_CENTRAL,229.52,2026-09-27T05:24:24.616074+00:00,USD,Monthly Bill Payment
TXN-NORM-003232,USER_0732,USER_0733,464.87,2026-09-24T12:15:03.726262+00:00,USD,Personal Transfer
TXN-NORM-003233,USER_0753,UTILITY_METRO_POWER,324.25,2026-09-16T06:03:07.751183+00:00,USD,Monthly Bill Payment
TXN-NORM-003234,USER_0991,USER_0992,164.96,2026-09-06T20:46:36.956475+00:00,USD,Personal Transfer
TXN-NORM-003235,USER_0655,SUBSCRIPTION_STREAM_NOW,33.60,2026-09-25T14:27:17.466780+00:00,USD,Monthly Bill Payment
TXN-NORM-003236,USER_0617,UTILITY_CITY_WATER,273.00,2026-09-17T21:20:32.137988+00:00,USD,Monthly Bill Payment
TXN-NORM-003237,USER_1084,USER_1085,455.59,2026-09-21T17:21:16.616700+00:00,USD,Personal Transfer
TXN-NORM-003238,USER_0407,HEALTHCARE_CLINIC_CITY,75.11,2026-09-12T17:55:52.858636+00:00,USD,Monthly Bill Payment
TXN-NORM-003239,USER_1589,HEALTHCARE_CLINIC_CITY,85.61,2026-09-27T01:00:54.515956+00:00,USD,Monthly Bill Payment
TXN-NORM-003240,USER_1488,UTILITY_CITY_WATER,258.72,2026-09-15T13:16:53.027665+00:00,USD,Monthly Bill Payment
TXN-NORM-003241,USER_1261,UTILITY_CITY_WATER,73.22,2026-09-26T22:29:15.886788+00:00,USD,Monthly Bill Payment
TXN-NORM-003242,USER_0309,HEALTHCARE_CLINIC_CITY,225.18,2026-09-23T19:47:59.037414+00:00,USD,Monthly Bill Payment
TXN-NORM-003243,USER_1070,GROCERY_MARKET_CENTRAL,178.95,2026-09-06T23:29:55.874259+00:00,USD,Monthly Bill Payment
TXN-NORM-003244,USER_1421,USER_1422,186.71,2026-09-23T20:40:04.401456+00:00,USD,Personal Transfer
TXN-NORM-003245,USER_0265,SUBSCRIPTION_STREAM_NOW,154.06,2026-09-14T02:13:58.782876+00:00,USD,Monthly Bill Payment
TXN-NORM-003246,USER_0101,MUNICIPAL_TAX_BOARD,186.80,2026-09-14T18:13:23.551350+00:00,USD,Monthly Bill Payment
TXN-NORM-003247,USER_0248,USER_0249,33.71,2026-09-24T12:07:03.013664+00:00,USD,Personal Transfer
TXN-NORM-003248,USER_0029,HEALTHCARE_CLINIC_CITY,299.73,2026-09-06T05:12:17.258759+00:00,USD,Monthly Bill Payment
TXN-NORM-003249,USER_1134,UTILITY_METRO_POWER,338.19,2026-09-28T19:48:16.634916+00:00,USD,Monthly Bill Payment
TXN-NORM-003250,USER_1010,USER_1011,358.11,2026-09-25T19:03:44.397809+00:00,USD,Personal Transfer
TXN-NORM-003251,USER_0537,UTILITY_CITY_WATER,130.40,2026-09-09T10:50:16.914718+00:00,USD,Monthly Bill Payment
TXN-NORM-003252,USER_1544,UTILITY_CITY_WATER,71.03,2026-09-06T01:19:29.425298+00:00,USD,Monthly Bill Payment
TXN-NORM-003253,USER_0331,USER_0332,309.60,2026-09-16T01:35:48.111465+00:00,USD,Personal Transfer
TXN-NORM-003254,USER_0520,USER_0521,410.61,2026-09-11T13:54:09.559412+00:00,USD,Personal Transfer
TXN-NORM-003255,USER_1404,UTILITY_METRO_POWER,147.53,2026-09-07T08:06:42.266382+00:00,USD,Monthly Bill Payment
TXN-NORM-003256,USER_1266,USER_1267,38.91,2026-09-11T15:05:45.574844+00:00,USD,Personal Transfer
TXN-NORM-003257,USER_0798,GROCERY_MARKET_CENTRAL,104.51,2026-09-27T10:00:26.469058+00:00,USD,Monthly Bill Payment
TXN-NORM-003258,USER_1327,GROCERY_MARKET_CENTRAL,184.83,2026-09-03T19:13:37.739331+00:00,USD,Monthly Bill Payment
TXN-NORM-003259,USER_0215,USER_0216,430.53,2026-09-02T07:51:37.649197+00:00,USD,Personal Transfer
TXN-NORM-003260,USER_0625,USER_0626,21.57,2026-09-20T08:56:00.587163+00:00,USD,Personal Transfer
TXN-NORM-003261,USER_1352,HEALTHCARE_CLINIC_CITY,43.63,2026-09-23T13:36:05.606744+00:00,USD,Monthly Bill Payment
TXN-NORM-003262,USER_1607,TELECOM_APEX_MOBILE,150.49,2026-09-13T12:28:08.102808+00:00,USD,Monthly Bill Payment
TXN-NORM-003263,USER_0643,USER_0644,169.43,2026-09-23T20:16:20.342800+00:00,USD,Personal Transfer
TXN-NORM-003264,USER_1165,UTILITY_METRO_POWER,164.14,2026-09-06T16:28:52.150764+00:00,USD,Monthly Bill Payment
TXN-NORM-003265,USER_1476,SUBSCRIPTION_STREAM_NOW,113.28,2026-09-04T07:38:21.924261+00:00,USD,Monthly Bill Payment
TXN-NORM-003266,USER_1167,USER_1168,492.61,2026-09-04T19:10:01.941647+00:00,USD,Personal Transfer
TXN-NORM-003267,USER_1211,UTILITY_CITY_WATER,44.56,2026-09-17T11:36:09.810570+00:00,USD,Monthly Bill Payment
TXN-NORM-003268,USER_0002,USER_0003,488.55,2026-09-02T11:00:36.152386+00:00,USD,Personal Transfer
TXN-NORM-003269,USER_1366,UTILITY_CITY_WATER,261.91,2026-09-19T17:29:34.691031+00:00,USD,Monthly Bill Payment
TXN-NORM-003270,USER_0184,UTILITY_CITY_WATER,269.37,2026-09-04T01:04:33.815591+00:00,USD,Monthly Bill Payment
TXN-NORM-003271,USER_0881,USER_0882,289.77,2026-09-19T15:19:20.492544+00:00,USD,Personal Transfer
TXN-NORM-003272,USER_0930,UTILITY_METRO_POWER,78.62,2026-09-18T03:52:28.393119+00:00,USD,Monthly Bill Payment
TXN-NORM-003273,USER_1005,USER_1006,227.36,2026-09-08T09:25:40.872972+00:00,USD,Personal Transfer
TXN-NORM-003274,USER_0798,USER_0799,294.74,2026-09-02T23:05:43.133190+00:00,USD,Personal Transfer
TXN-NORM-003275,USER_1087,UTILITY_CITY_WATER,298.21,2026-09-15T12:55:48.004246+00:00,USD,Monthly Bill Payment
TXN-NORM-003276,USER_0426,USER_0427,70.91,2026-09-21T05:14:03.649417+00:00,USD,Personal Transfer
TXN-NORM-003277,USER_0188,UTILITY_METRO_POWER,334.99,2026-09-12T18:32:31.332962+00:00,USD,Monthly Bill Payment
TXN-NORM-003278,USER_1377,USER_1378,128.09,2026-09-18T06:45:30.176857+00:00,USD,Personal Transfer
TXN-NORM-003279,USER_0297,GROCERY_MARKET_CENTRAL,32.64,2026-09-05T04:49:21.621599+00:00,USD,Monthly Bill Payment
TXN-NORM-003280,USER_0715,HEALTHCARE_CLINIC_CITY,173.23,2026-09-12T16:11:59.345131+00:00,USD,Monthly Bill Payment
TXN-NORM-003281,USER_0582,SUBSCRIPTION_STREAM_NOW,339.66,2026-09-21T13:35:47.275775+00:00,USD,Monthly Bill Payment
TXN-NORM-003282,USER_0951,SUBSCRIPTION_STREAM_NOW,121.77,2026-09-10T21:56:53.399440+00:00,USD,Monthly Bill Payment
TXN-NORM-003283,USER_0918,GROCERY_MARKET_CENTRAL,90.42,2026-09-27T14:06:48.036076+00:00,USD,Monthly Bill Payment
TXN-NORM-003284,USER_0712,TELECOM_APEX_MOBILE,35.73,2026-09-29T17:36:39.300912+00:00,USD,Monthly Bill Payment
TXN-NORM-003285,USER_0833,UTILITY_CITY_WATER,37.23,2026-09-10T19:38:46.938459+00:00,USD,Monthly Bill Payment
TXN-NORM-003286,USER_1514,UTILITY_CITY_WATER,337.94,2026-09-09T21:26:55.600339+00:00,USD,Monthly Bill Payment
TXN-NORM-003287,USER_0904,MUNICIPAL_TAX_BOARD,251.18,2026-09-26T19:36:38.237310+00:00,USD,Monthly Bill Payment
TXN-NORM-003288,USER_0457,SUBSCRIPTION_STREAM_NOW,258.68,2026-09-03T14:11:32.081726+00:00,USD,Monthly Bill Payment
TXN-NORM-003289,USER_0368,SUBSCRIPTION_STREAM_NOW,244.19,2026-09-05T00:37:15.589875+00:00,USD,Monthly Bill Payment
TXN-NORM-003290,USER_0874,TELECOM_APEX_MOBILE,322.75,2026-09-29T17:14:42.992125+00:00,USD,Monthly Bill Payment
TXN-NORM-003291,USER_1272,USER_1273,205.83,2026-09-25T14:50:46.056741+00:00,USD,Personal Transfer
TXN-NORM-003292,USER_0577,GROCERY_MARKET_CENTRAL,110.06,2026-09-14T05:46:28.512395+00:00,USD,Monthly Bill Payment
TXN-NORM-003293,USER_0599,USER_0600,50.40,2026-09-10T16:03:45.779467+00:00,USD,Personal Transfer
TXN-NORM-003294,USER_0626,MUNICIPAL_TAX_BOARD,103.80,2026-09-13T02:02:29.339102+00:00,USD,Monthly Bill Payment
TXN-NORM-003295,USER_1446,USER_1447,124.81,2026-09-09T12:46:38.404752+00:00,USD,Personal Transfer
TXN-NORM-003296,USER_0553,USER_0554,123.90,2026-09-09T07:11:12.120925+00:00,USD,Personal Transfer
TXN-NORM-003297,USER_1216,UTILITY_CITY_WATER,346.21,2026-09-14T02:29:04.335367+00:00,USD,Monthly Bill Payment
TXN-NORM-003298,USER_1371,USER_1372,135.85,2026-09-19T23:44:53.863083+00:00,USD,Personal Transfer
TXN-NORM-003299,USER_0213,USER_0214,44.68,2026-09-30T03:35:51.043949+00:00,USD,Personal Transfer
TXN-NORM-003300,USER_0355,TELECOM_APEX_MOBILE,122.94,2026-09-15T03:27:44.735288+00:00,USD,Monthly Bill Payment
TXN-NORM-003301,USER_1063,TELECOM_APEX_MOBILE,178.60,2026-09-10T07:00:08.385978+00:00,USD,Monthly Bill Payment
TXN-NORM-003302,USER_1200,UTILITY_METRO_POWER,38.95,2026-09-23T11:25:43.434481+00:00,USD,Monthly Bill Payment
TXN-NORM-003303,USER_0570,UTILITY_METRO_POWER,73.22,2026-09-25T22:22:33.352313+00:00,USD,Monthly Bill Payment
TXN-NORM-003304,USER_1252,HEALTHCARE_CLINIC_CITY,309.26,2026-09-03T06:06:55.090574+00:00,USD,Monthly Bill Payment
TXN-NORM-003305,USER_0219,GROCERY_MARKET_CENTRAL,152.88,2026-09-05T12:37:09.253280+00:00,USD,Monthly Bill Payment
TXN-NORM-003306,USER_0730,MUNICIPAL_TAX_BOARD,134.65,2026-09-18T14:05:55.632093+00:00,USD,Monthly Bill Payment
TXN-NORM-003307,USER_1388,USER_1389,53.26,2026-09-29T04:38:19.844583+00:00,USD,Personal Transfer
TXN-NORM-003308,USER_1175,TELECOM_APEX_MOBILE,204.58,2026-09-28T10:30:29.072776+00:00,USD,Monthly Bill Payment
TXN-NORM-003309,USER_0388,UTILITY_METRO_POWER,48.56,2026-09-11T08:45:50.413776+00:00,USD,Monthly Bill Payment
TXN-NORM-003310,USER_1111,UTILITY_CITY_WATER,86.91,2026-09-03T07:52:46.518497+00:00,USD,Monthly Bill Payment
TXN-NORM-003311,USER_0835,GROCERY_MARKET_CENTRAL,105.81,2026-09-20T14:33:59.522326+00:00,USD,Monthly Bill Payment
TXN-NORM-003312,USER_0635,HEALTHCARE_CLINIC_CITY,60.03,2026-09-07T09:13:41.486690+00:00,USD,Monthly Bill Payment
TXN-NORM-003313,USER_0617,HEALTHCARE_CLINIC_CITY,250.27,2026-09-14T20:45:49.443093+00:00,USD,Monthly Bill Payment
TXN-NORM-003314,USER_1348,MUNICIPAL_TAX_BOARD,282.23,2026-09-24T15:32:46.184232+00:00,USD,Monthly Bill Payment
TXN-NORM-003315,USER_1334,GROCERY_MARKET_CENTRAL,116.19,2026-09-21T15:58:26.223663+00:00,USD,Monthly Bill Payment
TXN-NORM-003316,USER_1543,HEALTHCARE_CLINIC_CITY,340.99,2026-09-03T05:38:44.588185+00:00,USD,Monthly Bill Payment
TXN-NORM-003317,USER_0898,USER_0899,496.87,2026-09-03T20:43:47.287564+00:00,USD,Personal Transfer
TXN-NORM-003318,USER_0619,MUNICIPAL_TAX_BOARD,283.03,2026-09-10T18:55:32.454355+00:00,USD,Monthly Bill Payment
TXN-NORM-003319,USER_0751,USER_0752,204.56,2026-09-06T15:14:32.036653+00:00,USD,Personal Transfer
TXN-NORM-003320,USER_0372,UTILITY_CITY_WATER,68.38,2026-09-11T08:06:14.159743+00:00,USD,Monthly Bill Payment
TXN-NORM-003321,USER_0314,UTILITY_CITY_WATER,132.31,2026-09-08T09:57:04.131706+00:00,USD,Monthly Bill Payment
TXN-NORM-003322,USER_1175,USER_1176,25.65,2026-09-07T17:56:58.932147+00:00,USD,Personal Transfer
TXN-NORM-003323,USER_0405,HEALTHCARE_CLINIC_CITY,64.93,2026-09-14T21:50:17.254960+00:00,USD,Monthly Bill Payment
TXN-NORM-003324,USER_0877,USER_0878,430.11,2026-09-11T22:24:16.757464+00:00,USD,Personal Transfer
TXN-NORM-003325,USER_0291,USER_0292,409.71,2026-09-19T05:26:12.174573+00:00,USD,Personal Transfer
TXN-NORM-003326,USER_0511,USER_0512,194.54,2026-09-03T16:01:35.668636+00:00,USD,Personal Transfer
TXN-NORM-003327,USER_0115,MUNICIPAL_TAX_BOARD,205.74,2026-09-27T06:10:28.724924+00:00,USD,Monthly Bill Payment
TXN-NORM-003328,USER_0530,USER_0531,146.36,2026-09-06T11:52:07.392676+00:00,USD,Personal Transfer
TXN-NORM-003329,USER_1623,UTILITY_METRO_POWER,332.63,2026-09-05T15:57:35.624488+00:00,USD,Monthly Bill Payment
TXN-NORM-003330,USER_1191,USER_1192,235.30,2026-09-23T23:15:49.893118+00:00,USD,Personal Transfer
TXN-NORM-003331,USER_0334,USER_0335,40.28,2026-09-20T08:55:11.594191+00:00,USD,Personal Transfer
TXN-NORM-003332,USER_0765,GROCERY_MARKET_CENTRAL,109.16,2026-09-25T00:38:17.359703+00:00,USD,Monthly Bill Payment
TXN-NORM-003333,USER_1120,SUBSCRIPTION_STREAM_NOW,233.71,2026-09-23T13:01:07.531512+00:00,USD,Monthly Bill Payment
TXN-NORM-003334,USER_1416,MUNICIPAL_TAX_BOARD,280.66,2026-09-25T06:48:46.965887+00:00,USD,Monthly Bill Payment
TXN-NORM-003335,USER_1231,USER_1232,202.36,2026-09-07T03:54:15.343218+00:00,USD,Personal Transfer
TXN-NORM-003336,USER_1311,GROCERY_MARKET_CENTRAL,245.23,2026-09-17T07:00:23.897757+00:00,USD,Monthly Bill Payment
TXN-NORM-003337,USER_1289,UTILITY_CITY_WATER,127.91,2026-09-15T22:15:35.332511+00:00,USD,Monthly Bill Payment
TXN-NORM-003338,USER_0083,USER_0084,206.19,2026-09-18T11:28:16.765798+00:00,USD,Personal Transfer
TXN-NORM-003339,USER_1094,SUBSCRIPTION_STREAM_NOW,105.96,2026-09-09T00:12:43.774311+00:00,USD,Monthly Bill Payment
TXN-NORM-003340,USER_0385,UTILITY_CITY_WATER,57.41,2026-09-23T07:26:15.421912+00:00,USD,Monthly Bill Payment
TXN-NORM-003341,USER_0174,UTILITY_METRO_POWER,101.60,2026-09-03T15:30:08.928347+00:00,USD,Monthly Bill Payment
TXN-NORM-003342,USER_0710,USER_0711,459.42,2026-09-17T05:15:14.952610+00:00,USD,Personal Transfer
TXN-NORM-003343,USER_0152,HEALTHCARE_CLINIC_CITY,36.72,2026-09-03T17:50:03.554956+00:00,USD,Monthly Bill Payment
TXN-NORM-003344,USER_1289,USER_1290,300.06,2026-09-18T21:05:51.830473+00:00,USD,Personal Transfer
TXN-NORM-003345,USER_1269,TELECOM_APEX_MOBILE,263.95,2026-09-21T08:02:01.163802+00:00,USD,Monthly Bill Payment
TXN-NORM-003346,USER_1566,SUBSCRIPTION_STREAM_NOW,332.24,2026-09-04T18:51:54.159691+00:00,USD,Monthly Bill Payment
TXN-NORM-003347,USER_1533,UTILITY_CITY_WATER,31.98,2026-09-08T11:06:15.374937+00:00,USD,Monthly Bill Payment
TXN-NORM-003348,USER_0593,HEALTHCARE_CLINIC_CITY,129.16,2026-09-05T02:27:21.636360+00:00,USD,Monthly Bill Payment
TXN-NORM-003349,USER_0534,UTILITY_CITY_WATER,265.51,2026-09-20T00:57:39.831208+00:00,USD,Monthly Bill Payment
TXN-NORM-003350,USER_0004,USER_0005,157.80,2026-09-24T18:23:51.287770+00:00,USD,Personal Transfer
TXN-NORM-003351,USER_0907,USER_0908,422.70,2026-09-25T09:03:15.196813+00:00,USD,Personal Transfer
TXN-NORM-003352,USER_1023,TELECOM_APEX_MOBILE,176.00,2026-09-18T07:50:31.429519+00:00,USD,Monthly Bill Payment
TXN-NORM-003353,USER_0341,MUNICIPAL_TAX_BOARD,247.42,2026-09-12T16:46:29.906454+00:00,USD,Monthly Bill Payment
TXN-NORM-003354,USER_0147,HEALTHCARE_CLINIC_CITY,170.66,2026-09-26T10:06:13.861603+00:00,USD,Monthly Bill Payment
TXN-NORM-003355,USER_0528,HEALTHCARE_CLINIC_CITY,238.83,2026-09-27T11:01:00.847758+00:00,USD,Monthly Bill Payment
TXN-NORM-003356,USER_0328,USER_0329,128.09,2026-09-18T20:04:30.443844+00:00,USD,Personal Transfer
TXN-NORM-003357,USER_0379,UTILITY_CITY_WATER,77.01,2026-09-16T01:41:58.491144+00:00,USD,Monthly Bill Payment
TXN-NORM-003358,USER_0735,SUBSCRIPTION_STREAM_NOW,138.52,2026-09-02T08:04:33.669637+00:00,USD,Monthly Bill Payment
TXN-NORM-003359,USER_0172,TELECOM_APEX_MOBILE,211.13,2026-09-18T14:54:52.010529+00:00,USD,Monthly Bill Payment
TXN-NORM-003360,USER_0323,GROCERY_MARKET_CENTRAL,335.39,2026-09-09T19:07:48.521046+00:00,USD,Monthly Bill Payment
TXN-NORM-003361,USER_1575,GROCERY_MARKET_CENTRAL,241.07,2026-09-03T07:53:03.585897+00:00,USD,Monthly Bill Payment
TXN-NORM-003362,USER_1192,HEALTHCARE_CLINIC_CITY,289.02,2026-09-14T11:58:22.963740+00:00,USD,Monthly Bill Payment
TXN-NORM-003363,USER_1323,GROCERY_MARKET_CENTRAL,335.04,2026-09-25T04:38:13.152665+00:00,USD,Monthly Bill Payment
TXN-NORM-003364,USER_0088,MUNICIPAL_TAX_BOARD,33.80,2026-09-04T04:56:17.225988+00:00,USD,Monthly Bill Payment
TXN-NORM-003365,USER_1370,UTILITY_METRO_POWER,97.49,2026-09-04T17:10:55.835713+00:00,USD,Monthly Bill Payment
TXN-NORM-003366,USER_1103,USER_1104,274.20,2026-09-03T05:05:01.116446+00:00,USD,Personal Transfer
TXN-NORM-003367,USER_0460,USER_0461,427.49,2026-09-06T04:43:59.688043+00:00,USD,Personal Transfer
TXN-NORM-003368,USER_0194,USER_0195,378.35,2026-09-06T15:33:15.615691+00:00,USD,Personal Transfer
TXN-NORM-003369,USER_1048,USER_1049,89.52,2026-09-26T20:30:54.951810+00:00,USD,Personal Transfer
TXN-NORM-003370,USER_0892,UTILITY_METRO_POWER,58.79,2026-09-17T04:28:43.004975+00:00,USD,Monthly Bill Payment
TXN-NORM-003371,USER_1194,TELECOM_APEX_MOBILE,346.37,2026-09-10T21:34:10.012380+00:00,USD,Monthly Bill Payment
TXN-NORM-003372,USER_1537,GROCERY_MARKET_CENTRAL,151.19,2026-09-25T01:46:05.223818+00:00,USD,Monthly Bill Payment
TXN-NORM-003373,USER_1168,USER_1169,324.57,2026-09-27T21:55:47.451871+00:00,USD,Personal Transfer
TXN-NORM-003374,USER_0984,HEALTHCARE_CLINIC_CITY,336.92,2026-09-10T22:15:20.556312+00:00,USD,Monthly Bill Payment
TXN-NORM-003375,USER_1307,TELECOM_APEX_MOBILE,276.90,2026-09-28T15:26:42.715774+00:00,USD,Monthly Bill Payment
TXN-NORM-003376,USER_0244,HEALTHCARE_CLINIC_CITY,83.60,2026-09-22T04:38:16.897507+00:00,USD,Monthly Bill Payment
TXN-NORM-003377,USER_1251,UTILITY_METRO_POWER,87.83,2026-09-27T20:25:11.294990+00:00,USD,Monthly Bill Payment
TXN-NORM-003378,USER_0036,MUNICIPAL_TAX_BOARD,107.20,2026-09-03T21:23:48.687917+00:00,USD,Monthly Bill Payment
TXN-NORM-003379,USER_0445,USER_0446,459.76,2026-09-05T12:26:33.788163+00:00,USD,Personal Transfer
TXN-NORM-003380,USER_1164,USER_1165,243.46,2026-09-21T09:12:54.983226+00:00,USD,Personal Transfer
TXN-NORM-003381,USER_1260,MUNICIPAL_TAX_BOARD,218.07,2026-09-25T07:41:33.677832+00:00,USD,Monthly Bill Payment
TXN-NORM-003382,USER_1256,UTILITY_CITY_WATER,191.95,2026-09-21T03:32:44.573163+00:00,USD,Monthly Bill Payment
TXN-NORM-003383,USER_0408,SUBSCRIPTION_STREAM_NOW,162.23,2026-09-17T02:36:49.868038+00:00,USD,Monthly Bill Payment
TXN-NORM-003384,USER_0043,USER_0044,17.61,2026-09-22T12:23:11.045044+00:00,USD,Personal Transfer
TXN-NORM-003385,USER_0403,USER_0404,207.07,2026-09-17T01:02:33.673484+00:00,USD,Personal Transfer
TXN-NORM-003386,USER_0198,UTILITY_CITY_WATER,112.80,2026-09-19T19:18:31.824428+00:00,USD,Monthly Bill Payment
TXN-NORM-003387,USER_1085,USER_1086,187.31,2026-09-17T02:33:06.184883+00:00,USD,Personal Transfer
TXN-NORM-003388,USER_1412,GROCERY_MARKET_CENTRAL,208.48,2026-09-13T14:56:44.977637+00:00,USD,Monthly Bill Payment
TXN-NORM-003389,USER_1253,GROCERY_MARKET_CENTRAL,173.65,2026-09-14T20:37:28.111358+00:00,USD,Monthly Bill Payment
TXN-NORM-003390,USER_0894,USER_0895,284.57,2026-09-25T21:40:45.277779+00:00,USD,Personal Transfer
TXN-NORM-003391,USER_0424,USER_0425,397.96,2026-09-16T05:59:20.905489+00:00,USD,Personal Transfer
TXN-NORM-003392,USER_0418,TELECOM_APEX_MOBILE,231.37,2026-09-15T07:47:12.610976+00:00,USD,Monthly Bill Payment
TXN-NORM-003393,USER_1293,USER_1294,207.86,2026-09-27T16:57:44.111575+00:00,USD,Personal Transfer
TXN-NORM-003394,USER_0215,UTILITY_METRO_POWER,86.71,2026-09-17T06:07:10.646339+00:00,USD,Monthly Bill Payment
TXN-NORM-003395,USER_1360,MUNICIPAL_TAX_BOARD,74.52,2026-09-06T10:10:39.417308+00:00,USD,Monthly Bill Payment
TXN-NORM-003396,USER_1379,UTILITY_CITY_WATER,174.85,2026-09-16T04:59:29.902709+00:00,USD,Monthly Bill Payment
TXN-NORM-003397,USER_1229,USER_1230,358.50,2026-09-04T03:07:10.106540+00:00,USD,Personal Transfer
TXN-NORM-003398,USER_1566,USER_1567,248.91,2026-09-21T19:16:56.693506+00:00,USD,Personal Transfer
TXN-NORM-003399,USER_0790,MUNICIPAL_TAX_BOARD,79.29,2026-09-03T10:21:35.835198+00:00,USD,Monthly Bill Payment
TXN-NORM-003400,USER_1301,USER_1302,332.28,2026-09-16T21:41:46.706875+00:00,USD,Personal Transfer
TXN-NORM-003401,USER_0546,MUNICIPAL_TAX_BOARD,169.49,2026-09-04T00:08:37.494920+00:00,USD,Monthly Bill Payment
TXN-NORM-003402,USER_0840,MUNICIPAL_TAX_BOARD,161.17,2026-09-27T11:36:26.545819+00:00,USD,Monthly Bill Payment
TXN-NORM-003403,USER_1093,HEALTHCARE_CLINIC_CITY,186.68,2026-09-17T05:01:55.827903+00:00,USD,Monthly Bill Payment
TXN-NORM-003404,USER_1505,USER_1506,204.53,2026-09-29T13:29:23.342502+00:00,USD,Personal Transfer
TXN-NORM-003405,USER_0755,USER_0756,97.85,2026-09-25T04:35:40.817982+00:00,USD,Personal Transfer
TXN-NORM-003406,USER_0725,UTILITY_CITY_WATER,125.12,2026-09-04T18:56:36.658655+00:00,USD,Monthly Bill Payment
TXN-NORM-003407,USER_1039,TELECOM_APEX_MOBILE,97.64,2026-09-26T19:26:12.026636+00:00,USD,Monthly Bill Payment
TXN-NORM-003408,USER_0559,USER_0560,230.50,2026-09-19T06:53:33.570644+00:00,USD,Personal Transfer
TXN-NORM-003409,USER_0611,USER_0612,145.04,2026-09-17T21:47:13.523345+00:00,USD,Personal Transfer
TXN-NORM-003410,USER_0974,TELECOM_APEX_MOBILE,45.45,2026-09-19T12:23:21.256489+00:00,USD,Monthly Bill Payment
TXN-NORM-003411,USER_0897,UTILITY_METRO_POWER,204.80,2026-09-12T19:23:03.002840+00:00,USD,Monthly Bill Payment
TXN-NORM-003412,USER_1220,MUNICIPAL_TAX_BOARD,139.38,2026-09-21T12:00:48.152016+00:00,USD,Monthly Bill Payment
TXN-NORM-003413,USER_1266,USER_1267,477.50,2026-09-09T23:47:05.343236+00:00,USD,Personal Transfer
TXN-NORM-003414,USER_0397,USER_0398,214.31,2026-09-24T11:31:27.320593+00:00,USD,Personal Transfer
TXN-NORM-003415,USER_0497,SUBSCRIPTION_STREAM_NOW,263.25,2026-09-14T22:31:05.331489+00:00,USD,Monthly Bill Payment
TXN-NORM-003416,USER_1099,USER_1100,391.56,2026-09-05T05:13:30.816029+00:00,USD,Personal Transfer
TXN-NORM-003417,USER_1094,MUNICIPAL_TAX_BOARD,79.17,2026-09-09T20:25:40.389072+00:00,USD,Monthly Bill Payment
TXN-NORM-003418,USER_1311,UTILITY_CITY_WATER,63.44,2026-09-12T17:53:22.259375+00:00,USD,Monthly Bill Payment
TXN-NORM-003419,USER_0065,SUBSCRIPTION_STREAM_NOW,155.07,2026-09-06T04:52:11.934611+00:00,USD,Monthly Bill Payment
TXN-NORM-003420,USER_1133,MUNICIPAL_TAX_BOARD,295.91,2026-09-03T15:40:02.060061+00:00,USD,Monthly Bill Payment
TXN-NORM-003421,USER_0735,MUNICIPAL_TAX_BOARD,211.27,2026-09-23T05:41:26.879776+00:00,USD,Monthly Bill Payment
TXN-NORM-003422,USER_0390,USER_0391,162.98,2026-09-24T14:35:30.434878+00:00,USD,Personal Transfer
TXN-NORM-003423,USER_1108,GROCERY_MARKET_CENTRAL,302.75,2026-09-19T15:03:05.591777+00:00,USD,Monthly Bill Payment
TXN-NORM-003424,USER_0218,UTILITY_CITY_WATER,325.77,2026-09-13T14:56:58.594390+00:00,USD,Monthly Bill Payment
TXN-NORM-003425,USER_0916,USER_0917,118.23,2026-09-27T07:13:01.069901+00:00,USD,Personal Transfer
TXN-NORM-003426,USER_1392,MUNICIPAL_TAX_BOARD,313.80,2026-09-13T02:53:47.984947+00:00,USD,Monthly Bill Payment
TXN-NORM-003427,USER_1595,TELECOM_APEX_MOBILE,150.91,2026-09-19T18:17:30.071307+00:00,USD,Monthly Bill Payment
TXN-NORM-003428,USER_0199,SUBSCRIPTION_STREAM_NOW,343.09,2026-09-23T10:01:12.087561+00:00,USD,Monthly Bill Payment
TXN-NORM-003429,USER_1362,USER_1363,291.20,2026-09-29T22:07:25.803778+00:00,USD,Personal Transfer
TXN-NORM-003430,USER_1030,USER_1031,72.38,2026-09-27T06:05:05.095843+00:00,USD,Personal Transfer
TXN-NORM-003431,USER_0967,UTILITY_METRO_POWER,230.08,2026-09-26T06:27:02.144794+00:00,USD,Monthly Bill Payment
TXN-NORM-003432,USER_0418,UTILITY_CITY_WATER,113.20,2026-09-26T15:25:36.584518+00:00,USD,Monthly Bill Payment
TXN-NORM-003433,USER_0606,MUNICIPAL_TAX_BOARD,329.90,2026-09-28T22:49:41.351566+00:00,USD,Monthly Bill Payment
TXN-NORM-003434,USER_0806,SUBSCRIPTION_STREAM_NOW,291.01,2026-09-20T20:26:41.567031+00:00,USD,Monthly Bill Payment
TXN-NORM-003435,USER_0767,GROCERY_MARKET_CENTRAL,277.89,2026-09-28T10:58:22.820892+00:00,USD,Monthly Bill Payment
TXN-NORM-003436,USER_0240,SUBSCRIPTION_STREAM_NOW,69.50,2026-09-11T21:47:17.862954+00:00,USD,Monthly Bill Payment
TXN-NORM-003437,USER_0872,USER_0873,310.36,2026-09-07T01:52:53.864720+00:00,USD,Personal Transfer
TXN-NORM-003438,USER_0680,GROCERY_MARKET_CENTRAL,34.55,2026-09-28T02:50:48.878453+00:00,USD,Monthly Bill Payment
TXN-NORM-003439,USER_1022,TELECOM_APEX_MOBILE,247.54,2026-09-27T06:07:11.879234+00:00,USD,Monthly Bill Payment
TXN-NORM-003440,USER_0667,UTILITY_CITY_WATER,56.33,2026-09-08T11:56:42.762369+00:00,USD,Monthly Bill Payment
TXN-NORM-003441,USER_0475,UTILITY_METRO_POWER,340.07,2026-09-11T02:33:35.978732+00:00,USD,Monthly Bill Payment
TXN-NORM-003442,USER_0589,HEALTHCARE_CLINIC_CITY,294.39,2026-09-11T13:23:07.261361+00:00,USD,Monthly Bill Payment
TXN-NORM-003443,USER_1221,HEALTHCARE_CLINIC_CITY,85.07,2026-09-22T21:43:18.764803+00:00,USD,Monthly Bill Payment
TXN-NORM-003444,USER_0188,USER_0189,462.72,2026-09-04T06:10:32.674137+00:00,USD,Personal Transfer
TXN-NORM-003445,USER_1311,SUBSCRIPTION_STREAM_NOW,276.03,2026-09-29T10:01:07.594788+00:00,USD,Monthly Bill Payment
TXN-NORM-003446,USER_1098,TELECOM_APEX_MOBILE,256.52,2026-09-22T14:48:00.071552+00:00,USD,Monthly Bill Payment
TXN-NORM-003447,USER_0658,HEALTHCARE_CLINIC_CITY,298.55,2026-09-06T21:02:51.489589+00:00,USD,Monthly Bill Payment
TXN-NORM-003448,USER_0287,USER_0288,489.09,2026-09-10T22:51:08.106849+00:00,USD,Personal Transfer
TXN-NORM-003449,USER_0672,UTILITY_METRO_POWER,134.20,2026-09-19T11:14:08.524396+00:00,USD,Monthly Bill Payment
TXN-NORM-003450,USER_0107,MUNICIPAL_TAX_BOARD,55.14,2026-09-19T23:04:20.863455+00:00,USD,Monthly Bill Payment
TXN-NORM-003451,USER_0918,TELECOM_APEX_MOBILE,232.55,2026-09-09T13:29:11.232521+00:00,USD,Monthly Bill Payment
TXN-NORM-003452,USER_0731,USER_0732,419.13,2026-09-10T09:45:53.728242+00:00,USD,Personal Transfer
TXN-NORM-003453,USER_0945,TELECOM_APEX_MOBILE,119.05,2026-09-18T12:21:25.237663+00:00,USD,Monthly Bill Payment
TXN-NORM-003454,USER_1236,MUNICIPAL_TAX_BOARD,34.84,2026-09-11T16:09:28.481455+00:00,USD,Monthly Bill Payment
TXN-NORM-003455,USER_0400,GROCERY_MARKET_CENTRAL,47.31,2026-09-07T22:08:15.460144+00:00,USD,Monthly Bill Payment
TXN-NORM-003456,USER_0412,UTILITY_METRO_POWER,191.72,2026-09-19T22:16:47.306433+00:00,USD,Monthly Bill Payment
TXN-NORM-003457,USER_1037,GROCERY_MARKET_CENTRAL,81.58,2026-09-06T17:00:07.058874+00:00,USD,Monthly Bill Payment
TXN-NORM-003458,USER_1113,TELECOM_APEX_MOBILE,247.39,2026-09-02T13:02:24.253022+00:00,USD,Monthly Bill Payment
TXN-NORM-003459,USER_0642,TELECOM_APEX_MOBILE,295.31,2026-09-14T12:55:09.816294+00:00,USD,Monthly Bill Payment
TXN-NORM-003460,USER_0436,USER_0437,405.80,2026-09-22T17:20:50.096609+00:00,USD,Personal Transfer
TXN-NORM-003461,USER_1049,SUBSCRIPTION_STREAM_NOW,247.81,2026-09-16T03:31:27.240247+00:00,USD,Monthly Bill Payment
TXN-NORM-003462,USER_0386,HEALTHCARE_CLINIC_CITY,180.74,2026-09-26T14:36:16.078806+00:00,USD,Monthly Bill Payment
TXN-NORM-003463,USER_1521,UTILITY_METRO_POWER,345.75,2026-09-06T18:53:01.567252+00:00,USD,Monthly Bill Payment
TXN-NORM-003464,USER_0460,SUBSCRIPTION_STREAM_NOW,229.46,2026-09-13T03:31:51.393077+00:00,USD,Monthly Bill Payment
TXN-NORM-003465,USER_0881,MUNICIPAL_TAX_BOARD,211.91,2026-09-27T01:43:52.181349+00:00,USD,Monthly Bill Payment
TXN-NORM-003466,USER_1619,MUNICIPAL_TAX_BOARD,205.08,2026-09-02T19:41:44.879863+00:00,USD,Monthly Bill Payment
TXN-NORM-003467,USER_0983,HEALTHCARE_CLINIC_CITY,255.38,2026-09-02T12:38:27.674983+00:00,USD,Monthly Bill Payment
TXN-NORM-003468,USER_0336,MUNICIPAL_TAX_BOARD,119.42,2026-09-04T16:00:19.949589+00:00,USD,Monthly Bill Payment
TXN-NORM-003469,USER_0589,MUNICIPAL_TAX_BOARD,277.36,2026-09-10T07:35:14.894678+00:00,USD,Monthly Bill Payment
TXN-NORM-003470,USER_0610,TELECOM_APEX_MOBILE,167.36,2026-09-28T12:52:48.937635+00:00,USD,Monthly Bill Payment
TXN-NORM-003471,USER_1150,USER_1151,323.03,2026-09-12T17:07:41.682235+00:00,USD,Personal Transfer
TXN-NORM-003472,USER_1170,MUNICIPAL_TAX_BOARD,41.69,2026-09-16T09:24:28.425926+00:00,USD,Monthly Bill Payment
TXN-NORM-003473,USER_0294,MUNICIPAL_TAX_BOARD,222.99,2026-09-23T03:08:51.022868+00:00,USD,Monthly Bill Payment
TXN-NORM-003474,USER_1357,USER_1358,271.48,2026-09-25T07:14:15.471502+00:00,USD,Personal Transfer
TXN-NORM-003475,USER_0385,UTILITY_METRO_POWER,175.19,2026-09-27T15:52:50.521446+00:00,USD,Monthly Bill Payment
TXN-NORM-003476,USER_0673,USER_0674,174.43,2026-09-16T20:40:57.681444+00:00,USD,Personal Transfer
TXN-NORM-003477,USER_0203,USER_0204,255.72,2026-09-24T04:03:05.223828+00:00,USD,Personal Transfer
TXN-NORM-003478,USER_0328,UTILITY_CITY_WATER,260.99,2026-09-12T18:26:35.932459+00:00,USD,Monthly Bill Payment
TXN-NORM-003479,USER_1308,SUBSCRIPTION_STREAM_NOW,300.90,2026-09-16T21:51:28.881980+00:00,USD,Monthly Bill Payment
TXN-NORM-003480,USER_0234,USER_0235,276.30,2026-09-18T12:23:38.377147+00:00,USD,Personal Transfer
TXN-NORM-003481,USER_0564,USER_0565,413.22,2026-09-11T03:41:36.547726+00:00,USD,Personal Transfer
TXN-NORM-003482,USER_1512,USER_1513,66.10,2026-09-20T07:00:13.468225+00:00,USD,Personal Transfer
TXN-NORM-003483,USER_0959,GROCERY_MARKET_CENTRAL,163.20,2026-09-12T06:00:27.154588+00:00,USD,Monthly Bill Payment
TXN-NORM-003484,USER_0867,HEALTHCARE_CLINIC_CITY,294.44,2026-09-08T08:28:20.663022+00:00,USD,Monthly Bill Payment
TXN-NORM-003485,USER_0642,USER_0643,365.13,2026-09-16T18:45:12.650788+00:00,USD,Personal Transfer
TXN-NORM-003486,USER_1534,UTILITY_CITY_WATER,243.83,2026-09-25T11:28:32.430186+00:00,USD,Monthly Bill Payment
TXN-NORM-003487,USER_0041,USER_0042,298.48,2026-09-05T10:36:54.334094+00:00,USD,Personal Transfer
TXN-NORM-003488,USER_0022,MUNICIPAL_TAX_BOARD,345.05,2026-09-25T20:34:54.379388+00:00,USD,Monthly Bill Payment
TXN-NORM-003489,USER_0630,UTILITY_CITY_WATER,260.14,2026-09-26T08:29:01.385675+00:00,USD,Monthly Bill Payment
TXN-NORM-003490,USER_0087,MUNICIPAL_TAX_BOARD,284.22,2026-09-21T10:20:49.963243+00:00,USD,Monthly Bill Payment
TXN-NORM-003491,USER_1029,USER_1030,441.47,2026-09-03T08:03:10.680947+00:00,USD,Personal Transfer
TXN-NORM-003492,USER_0614,TELECOM_APEX_MOBILE,328.12,2026-09-15T02:10:41.060241+00:00,USD,Monthly Bill Payment
TXN-NORM-003493,USER_1629,USER_1630,210.00,2026-09-16T02:26:54.199372+00:00,USD,Personal Transfer
TXN-NORM-003494,USER_0901,UTILITY_CITY_WATER,92.92,2026-09-21T12:09:45.672544+00:00,USD,Monthly Bill Payment
TXN-NORM-003495,USER_0496,USER_0497,176.92,2026-09-03T10:28:46.075233+00:00,USD,Personal Transfer
TXN-NORM-003496,USER_0659,USER_0660,192.86,2026-09-29T12:23:45.861586+00:00,USD,Personal Transfer
TXN-NORM-003497,USER_0598,SUBSCRIPTION_STREAM_NOW,291.63,2026-09-09T01:14:45.653263+00:00,USD,Monthly Bill Payment
TXN-NORM-003498,USER_0491,GROCERY_MARKET_CENTRAL,310.10,2026-09-18T01:09:58.703326+00:00,USD,Monthly Bill Payment
TXN-NORM-003499,USER_0208,UTILITY_CITY_WATER,297.45,2026-09-08T15:53:17.209150+00:00,USD,Monthly Bill Payment
TXN-NORM-003500,USER_0492,UTILITY_CITY_WATER,202.03,2026-09-06T19:58:24.709320+00:00,USD,Monthly Bill Payment
TXN-NORM-003501,USER_0864,USER_0865,181.41,2026-09-20T09:44:42.260268+00:00,USD,Personal Transfer
TXN-NORM-003502,USER_0511,TELECOM_APEX_MOBILE,108.34,2026-09-16T19:16:20.322049+00:00,USD,Monthly Bill Payment
TXN-NORM-003503,USER_1444,USER_1445,499.60,2026-09-04T00:18:12.454596+00:00,USD,Personal Transfer
TXN-NORM-003504,USER_0946,USER_0947,274.68,2026-09-11T00:15:05.909339+00:00,USD,Personal Transfer
TXN-NORM-003505,USER_1301,USER_1302,488.03,2026-09-13T11:41:52.704082+00:00,USD,Personal Transfer
TXN-NORM-003506,USER_0255,SUBSCRIPTION_STREAM_NOW,343.54,2026-09-20T09:40:56.751285+00:00,USD,Monthly Bill Payment
TXN-NORM-003507,USER_0017,UTILITY_CITY_WATER,328.43,2026-09-15T13:40:53.923251+00:00,USD,Monthly Bill Payment
TXN-NORM-003508,USER_1043,USER_1044,146.24,2026-09-09T10:25:13.512743+00:00,USD,Personal Transfer
TXN-NORM-003509,USER_0238,UTILITY_CITY_WATER,326.13,2026-09-18T07:56:22.234685+00:00,USD,Monthly Bill Payment
TXN-NORM-003510,USER_1179,SUBSCRIPTION_STREAM_NOW,109.54,2026-09-24T12:46:50.024691+00:00,USD,Monthly Bill Payment
TXN-NORM-003511,USER_1549,USER_1550,99.24,2026-09-20T03:27:03.474792+00:00,USD,Personal Transfer
TXN-NORM-003512,USER_1036,TELECOM_APEX_MOBILE,308.13,2026-09-26T06:50:53.506155+00:00,USD,Monthly Bill Payment
TXN-NORM-003513,USER_1546,USER_1547,418.24,2026-09-05T04:12:07.505605+00:00,USD,Personal Transfer
TXN-NORM-003514,USER_0674,SUBSCRIPTION_STREAM_NOW,65.07,2026-09-26T20:05:23.474423+00:00,USD,Monthly Bill Payment
TXN-NORM-003515,USER_0545,USER_0546,283.11,2026-09-02T21:29:39.805416+00:00,USD,Personal Transfer
TXN-NORM-003516,USER_1147,USER_1148,418.57,2026-09-24T06:29:16.946764+00:00,USD,Personal Transfer
TXN-NORM-003517,USER_0555,USER_0556,162.96,2026-09-23T03:17:25.303929+00:00,USD,Personal Transfer
TXN-NORM-003518,USER_0427,SUBSCRIPTION_STREAM_NOW,91.80,2026-09-23T00:50:01.714543+00:00,USD,Monthly Bill Payment
TXN-NORM-003519,USER_0963,UTILITY_CITY_WATER,94.70,2026-09-22T21:38:03.623041+00:00,USD,Monthly Bill Payment
TXN-NORM-003520,USER_0582,USER_0583,127.79,2026-09-14T14:29:23.894820+00:00,USD,Personal Transfer
TXN-NORM-003521,USER_0018,UTILITY_CITY_WATER,191.61,2026-09-19T05:43:08.371159+00:00,USD,Monthly Bill Payment
TXN-NORM-003522,USER_1305,USER_1306,76.94,2026-09-29T00:01:35.170936+00:00,USD,Personal Transfer
TXN-NORM-003523,USER_0273,TELECOM_APEX_MOBILE,47.04,2026-09-23T18:42:34.592342+00:00,USD,Monthly Bill Payment
TXN-NORM-003524,USER_0349,USER_0350,31.90,2026-09-08T07:49:41.741995+00:00,USD,Personal Transfer
TXN-NORM-003525,USER_1337,GROCERY_MARKET_CENTRAL,115.84,2026-09-14T14:55:17.570653+00:00,USD,Monthly Bill Payment
TXN-NORM-003526,USER_0041,MUNICIPAL_TAX_BOARD,94.90,2026-09-21T07:37:06.962015+00:00,USD,Monthly Bill Payment
TXN-NORM-003527,USER_0555,MUNICIPAL_TAX_BOARD,181.88,2026-09-23T14:15:44.536429+00:00,USD,Monthly Bill Payment
TXN-NORM-003528,USER_1262,GROCERY_MARKET_CENTRAL,115.04,2026-09-28T12:51:05.766855+00:00,USD,Monthly Bill Payment
TXN-NORM-003529,USER_0954,HEALTHCARE_CLINIC_CITY,151.68,2026-09-22T17:29:06.284248+00:00,USD,Monthly Bill Payment
TXN-NORM-003530,USER_0524,USER_0525,101.07,2026-09-18T00:09:32.005596+00:00,USD,Personal Transfer
TXN-NORM-003531,USER_0161,USER_0162,155.46,2026-09-25T09:22:27.900779+00:00,USD,Personal Transfer
TXN-NORM-003532,USER_0543,USER_0544,218.32,2026-09-21T08:13:00.870283+00:00,USD,Personal Transfer
TXN-NORM-003533,USER_0221,TELECOM_APEX_MOBILE,149.34,2026-09-19T02:59:43.526778+00:00,USD,Monthly Bill Payment
TXN-NORM-003534,USER_0884,UTILITY_METRO_POWER,73.53,2026-09-12T10:20:26.451489+00:00,USD,Monthly Bill Payment
TXN-NORM-003535,USER_0818,UTILITY_CITY_WATER,278.19,2026-09-20T00:29:48.060211+00:00,USD,Monthly Bill Payment
TXN-NORM-003536,USER_0066,GROCERY_MARKET_CENTRAL,159.58,2026-09-23T18:43:29.516857+00:00,USD,Monthly Bill Payment
TXN-NORM-003537,USER_0278,MUNICIPAL_TAX_BOARD,35.13,2026-09-12T08:17:04.056849+00:00,USD,Monthly Bill Payment
TXN-NORM-003538,USER_0695,UTILITY_METRO_POWER,185.85,2026-09-18T14:30:04.376184+00:00,USD,Monthly Bill Payment
TXN-NORM-003539,USER_0280,GROCERY_MARKET_CENTRAL,174.95,2026-09-23T23:43:05.455555+00:00,USD,Monthly Bill Payment
TXN-NORM-003540,USER_1261,SUBSCRIPTION_STREAM_NOW,80.79,2026-09-07T01:58:36.930191+00:00,USD,Monthly Bill Payment
TXN-NORM-003541,USER_0192,UTILITY_METRO_POWER,266.55,2026-09-17T07:56:34.136713+00:00,USD,Monthly Bill Payment
TXN-NORM-003542,USER_0968,USER_0969,105.03,2026-09-20T15:11:44.051141+00:00,USD,Personal Transfer
TXN-NORM-003543,USER_0052,USER_0053,212.64,2026-09-09T04:11:07.009163+00:00,USD,Personal Transfer
TXN-NORM-003544,USER_0230,USER_0231,406.76,2026-09-05T01:16:54.147606+00:00,USD,Personal Transfer
TXN-NORM-003545,USER_0141,UTILITY_CITY_WATER,157.30,2026-09-02T05:55:39.206571+00:00,USD,Monthly Bill Payment
TXN-NORM-003546,USER_0297,USER_0298,396.46,2026-09-23T07:54:44.175197+00:00,USD,Personal Transfer
TXN-NORM-003547,USER_0270,UTILITY_CITY_WATER,136.25,2026-09-06T05:58:22.266563+00:00,USD,Monthly Bill Payment
TXN-NORM-003548,USER_0440,USER_0441,477.86,2026-09-09T08:15:37.358777+00:00,USD,Personal Transfer
TXN-NORM-003549,USER_1361,USER_1362,414.30,2026-09-18T09:47:18.581579+00:00,USD,Personal Transfer
TXN-NORM-003550,USER_0972,USER_0973,342.09,2026-09-12T05:16:15.033791+00:00,USD,Personal Transfer
TXN-NORM-003551,USER_0862,UTILITY_CITY_WATER,177.86,2026-09-11T17:05:02.356853+00:00,USD,Monthly Bill Payment
TXN-NORM-003552,USER_0162,USER_0163,285.24,2026-09-18T22:43:11.227211+00:00,USD,Personal Transfer
TXN-NORM-003553,USER_1387,MUNICIPAL_TAX_BOARD,139.00,2026-09-28T15:48:35.711948+00:00,USD,Monthly Bill Payment
TXN-NORM-003554,USER_0783,MUNICIPAL_TAX_BOARD,213.97,2026-09-04T19:33:21.788470+00:00,USD,Monthly Bill Payment
TXN-NORM-003555,USER_0187,HEALTHCARE_CLINIC_CITY,117.80,2026-09-14T06:02:20.311512+00:00,USD,Monthly Bill Payment
TXN-NORM-003556,USER_1243,USER_1244,284.66,2026-09-26T18:25:35.256962+00:00,USD,Personal Transfer
TXN-NORM-003557,USER_1621,USER_1622,118.74,2026-09-29T15:11:11.216869+00:00,USD,Personal Transfer
TXN-NORM-003558,USER_0777,USER_0778,236.25,2026-09-27T09:36:57.988946+00:00,USD,Personal Transfer
TXN-NORM-003559,USER_0049,UTILITY_METRO_POWER,210.86,2026-09-08T06:29:27.478578+00:00,USD,Monthly Bill Payment
TXN-NORM-003560,USER_1005,SUBSCRIPTION_STREAM_NOW,122.75,2026-09-25T12:12:47.537201+00:00,USD,Monthly Bill Payment
TXN-NORM-003561,USER_0104,MUNICIPAL_TAX_BOARD,337.63,2026-09-22T13:17:47.406394+00:00,USD,Monthly Bill Payment
TXN-NORM-003562,USER_1281,TELECOM_APEX_MOBILE,200.61,2026-09-07T15:47:57.529530+00:00,USD,Monthly Bill Payment
TXN-NORM-003563,USER_1045,UTILITY_CITY_WATER,63.11,2026-09-14T07:36:55.631438+00:00,USD,Monthly Bill Payment
TXN-NORM-003564,USER_1176,USER_1177,105.93,2026-09-13T12:31:56.132519+00:00,USD,Personal Transfer
TXN-NORM-003565,USER_1464,USER_1465,375.59,2026-09-06T15:12:29.995061+00:00,USD,Personal Transfer
TXN-NORM-003566,USER_1007,USER_1008,452.79,2026-09-22T10:58:25.976126+00:00,USD,Personal Transfer
TXN-NORM-003567,USER_0004,USER_0005,25.00,2026-09-22T23:15:29.975130+00:00,USD,Personal Transfer
TXN-NORM-003568,USER_1124,HEALTHCARE_CLINIC_CITY,348.07,2026-09-09T01:41:26.292922+00:00,USD,Monthly Bill Payment
TXN-NORM-003569,USER_0929,MUNICIPAL_TAX_BOARD,194.35,2026-09-04T19:52:46.332451+00:00,USD,Monthly Bill Payment
TXN-NORM-003570,USER_1574,USER_1575,72.77,2026-09-29T17:46:45.895307+00:00,USD,Personal Transfer
TXN-NORM-003571,USER_0006,MUNICIPAL_TAX_BOARD,269.71,2026-09-28T11:13:52.157973+00:00,USD,Monthly Bill Payment
TXN-NORM-003572,USER_1286,SUBSCRIPTION_STREAM_NOW,266.20,2026-09-08T22:01:15.297508+00:00,USD,Monthly Bill Payment
TXN-NORM-003573,USER_1192,USER_1193,362.44,2026-09-28T17:00:10.248369+00:00,USD,Personal Transfer
TXN-NORM-003574,USER_0092,MUNICIPAL_TAX_BOARD,346.42,2026-09-17T06:29:26.014914+00:00,USD,Monthly Bill Payment
TXN-NORM-003575,USER_0169,USER_0170,499.99,2026-09-26T11:10:33.178663+00:00,USD,Personal Transfer
TXN-NORM-003576,USER_0796,UTILITY_CITY_WATER,105.94,2026-09-03T12:02:24.266431+00:00,USD,Monthly Bill Payment
TXN-NORM-003577,USER_0244,USER_0245,55.00,2026-09-22T04:59:45.061739+00:00,USD,Personal Transfer
TXN-NORM-003578,USER_0197,MUNICIPAL_TAX_BOARD,205.47,2026-09-04T05:07:30.430558+00:00,USD,Monthly Bill Payment
TXN-NORM-003579,USER_0757,USER_0758,293.07,2026-09-11T02:59:04.520621+00:00,USD,Personal Transfer
TXN-NORM-003580,USER_0633,GROCERY_MARKET_CENTRAL,241.04,2026-09-02T14:25:02.552532+00:00,USD,Monthly Bill Payment
TXN-NORM-003581,USER_0141,SUBSCRIPTION_STREAM_NOW,158.61,2026-09-11T01:35:41.475198+00:00,USD,Monthly Bill Payment
TXN-NORM-003582,USER_0915,MUNICIPAL_TAX_BOARD,314.44,2026-09-28T09:26:01.971590+00:00,USD,Monthly Bill Payment
TXN-NORM-003583,USER_0560,USER_0561,41.03,2026-09-13T23:22:43.159510+00:00,USD,Personal Transfer
TXN-NORM-003584,USER_0120,UTILITY_CITY_WATER,254.56,2026-09-09T05:01:51.231521+00:00,USD,Monthly Bill Payment
TXN-NORM-003585,USER_1105,USER_1106,81.82,2026-09-21T03:31:56.857968+00:00,USD,Personal Transfer
TXN-NORM-003586,USER_0456,UTILITY_CITY_WATER,337.32,2026-09-18T17:47:31.074631+00:00,USD,Monthly Bill Payment
TXN-NORM-003587,USER_0801,TELECOM_APEX_MOBILE,248.87,2026-09-16T15:23:34.355417+00:00,USD,Monthly Bill Payment
TXN-NORM-003588,USER_0279,UTILITY_CITY_WATER,158.77,2026-09-24T05:49:43.604135+00:00,USD,Monthly Bill Payment
TXN-NORM-003589,USER_0328,USER_0329,19.08,2026-09-08T12:14:53.194548+00:00,USD,Personal Transfer
TXN-NORM-003590,USER_0179,HEALTHCARE_CLINIC_CITY,132.91,2026-09-04T13:23:43.034042+00:00,USD,Monthly Bill Payment
TXN-NORM-003591,USER_1125,UTILITY_CITY_WATER,280.55,2026-09-13T12:24:36.137295+00:00,USD,Monthly Bill Payment
TXN-NORM-003592,USER_0671,UTILITY_METRO_POWER,44.77,2026-09-02T17:30:06.418993+00:00,USD,Monthly Bill Payment
TXN-NORM-003593,USER_1233,UTILITY_METRO_POWER,42.48,2026-09-03T19:55:00.180095+00:00,USD,Monthly Bill Payment
TXN-NORM-003594,USER_0262,UTILITY_METRO_POWER,54.16,2026-09-16T21:15:48.062896+00:00,USD,Monthly Bill Payment
TXN-NORM-003595,USER_1528,USER_1529,371.48,2026-09-07T12:15:26.520809+00:00,USD,Personal Transfer
TXN-NORM-003596,USER_1285,HEALTHCARE_CLINIC_CITY,318.95,2026-09-11T16:20:38.909461+00:00,USD,Monthly Bill Payment
TXN-NORM-003597,USER_1091,USER_1092,379.44,2026-09-02T14:34:09.771351+00:00,USD,Personal Transfer
TXN-NORM-003598,USER_0460,USER_0461,200.19,2026-09-23T14:35:00.596915+00:00,USD,Personal Transfer
TXN-NORM-003599,USER_0095,USER_0096,85.00,2026-09-10T11:53:13.275840+00:00,USD,Personal Transfer
TXN-NORM-003600,USER_0901,GROCERY_MARKET_CENTRAL,339.08,2026-09-08T05:17:01.391549+00:00,USD,Monthly Bill Payment
TXN-NORM-003601,USER_0220,SUBSCRIPTION_STREAM_NOW,258.73,2026-09-11T00:41:26.490398+00:00,USD,Monthly Bill Payment
TXN-NORM-003602,USER_1282,USER_1283,424.99,2026-09-29T00:26:13.554574+00:00,USD,Personal Transfer
TXN-NORM-003603,USER_0532,SUBSCRIPTION_STREAM_NOW,349.73,2026-09-17T20:20:38.253889+00:00,USD,Monthly Bill Payment
TXN-NORM-003604,USER_1096,HEALTHCARE_CLINIC_CITY,66.02,2026-09-28T02:44:31.537414+00:00,USD,Monthly Bill Payment
TXN-NORM-003605,USER_0940,USER_0941,262.05,2026-09-07T10:07:10.270679+00:00,USD,Personal Transfer
TXN-NORM-003606,USER_0857,USER_0858,353.91,2026-09-13T00:48:15.674033+00:00,USD,Personal Transfer
TXN-NORM-003607,USER_0820,USER_0821,478.85,2026-09-25T22:35:40.315364+00:00,USD,Personal Transfer
TXN-NORM-003608,USER_1273,USER_1274,279.70,2026-09-26T23:08:31.630557+00:00,USD,Personal Transfer
TXN-NORM-003609,USER_1046,USER_1047,241.53,2026-09-09T15:23:56.570770+00:00,USD,Personal Transfer
TXN-NORM-003610,USER_0165,USER_0166,22.30,2026-09-18T02:56:00.222458+00:00,USD,Personal Transfer
TXN-NORM-003611,USER_0846,USER_0847,289.33,2026-09-05T03:49:16.929428+00:00,USD,Personal Transfer
TXN-NORM-003612,USER_0618,USER_0619,146.86,2026-09-05T16:23:15.622908+00:00,USD,Personal Transfer
TXN-NORM-003613,USER_0430,HEALTHCARE_CLINIC_CITY,270.02,2026-09-10T21:03:36.987663+00:00,USD,Monthly Bill Payment
TXN-NORM-003614,USER_1122,GROCERY_MARKET_CENTRAL,232.09,2026-09-04T21:42:57.316838+00:00,USD,Monthly Bill Payment
TXN-NORM-003615,USER_0518,TELECOM_APEX_MOBILE,211.82,2026-09-22T21:46:36.686101+00:00,USD,Monthly Bill Payment
TXN-NORM-003616,USER_0353,TELECOM_APEX_MOBILE,233.92,2026-09-13T05:52:07.119885+00:00,USD,Monthly Bill Payment
TXN-NORM-003617,USER_0181,USER_0182,109.85,2026-09-05T04:53:48.192764+00:00,USD,Personal Transfer
TXN-NORM-003618,USER_1128,GROCERY_MARKET_CENTRAL,242.32,2026-09-06T02:39:53.826614+00:00,USD,Monthly Bill Payment
TXN-NORM-003619,USER_0479,GROCERY_MARKET_CENTRAL,305.80,2026-09-11T12:49:54.171856+00:00,USD,Monthly Bill Payment
TXN-NORM-003620,USER_0367,USER_0368,403.66,2026-09-16T19:43:22.376523+00:00,USD,Personal Transfer
TXN-NORM-003621,USER_1100,GROCERY_MARKET_CENTRAL,30.94,2026-09-13T09:36:22.710688+00:00,USD,Monthly Bill Payment
TXN-NORM-003622,USER_0202,USER_0203,93.08,2026-09-29T15:22:17.629157+00:00,USD,Personal Transfer
TXN-NORM-003623,USER_0760,GROCERY_MARKET_CENTRAL,261.02,2026-09-20T09:05:00.411977+00:00,USD,Monthly Bill Payment
TXN-NORM-003624,USER_0507,USER_0508,165.81,2026-09-05T12:46:24.252579+00:00,USD,Personal Transfer
TXN-NORM-003625,USER_1524,USER_1525,84.00,2026-09-13T20:44:57.681931+00:00,USD,Personal Transfer
TXN-NORM-003626,USER_1462,USER_1463,493.92,2026-09-26T13:32:19.569173+00:00,USD,Personal Transfer
TXN-NORM-003627,USER_0415,MUNICIPAL_TAX_BOARD,170.18,2026-09-29T20:46:00.782653+00:00,USD,Monthly Bill Payment
TXN-NORM-003628,USER_1213,UTILITY_METRO_POWER,287.47,2026-09-27T05:26:21.064220+00:00,USD,Monthly Bill Payment
TXN-NORM-003629,USER_0067,USER_0068,71.64,2026-09-08T05:47:11.930007+00:00,USD,Personal Transfer
TXN-NORM-003630,USER_0220,USER_0221,413.98,2026-09-15T17:23:38.566754+00:00,USD,Personal Transfer
TXN-NORM-003631,USER_1561,USER_1562,320.72,2026-09-13T11:10:39.885496+00:00,USD,Personal Transfer
TXN-NORM-003632,USER_0795,USER_0796,361.92,2026-09-06T13:17:54.404982+00:00,USD,Personal Transfer
TXN-NORM-003633,USER_1539,USER_1540,297.19,2026-09-22T04:47:22.268049+00:00,USD,Personal Transfer
TXN-NORM-003634,USER_0584,USER_0585,191.86,2026-09-19T22:16:15.659951+00:00,USD,Personal Transfer
TXN-NORM-003635,USER_0020,UTILITY_CITY_WATER,134.75,2026-09-04T11:20:12.711291+00:00,USD,Monthly Bill Payment
TXN-NORM-003636,USER_0340,USER_0341,271.31,2026-09-02T14:08:20.173527+00:00,USD,Personal Transfer
TXN-NORM-003637,USER_0909,SUBSCRIPTION_STREAM_NOW,219.59,2026-09-02T00:32:08.047295+00:00,USD,Monthly Bill Payment
TXN-NORM-003638,USER_0116,USER_0117,221.97,2026-09-15T07:50:17.354630+00:00,USD,Personal Transfer
TXN-NORM-003639,USER_1132,USER_1133,89.99,2026-09-05T11:39:16.548018+00:00,USD,Personal Transfer
TXN-NORM-003640,USER_0416,USER_0417,248.34,2026-09-26T18:19:20.097504+00:00,USD,Personal Transfer
TXN-NORM-003641,USER_1587,UTILITY_CITY_WATER,38.10,2026-09-07T16:50:27.677116+00:00,USD,Monthly Bill Payment
TXN-NORM-003642,USER_0859,GROCERY_MARKET_CENTRAL,118.21,2026-09-04T16:35:21.530028+00:00,USD,Monthly Bill Payment
TXN-NORM-003643,USER_0031,USER_0032,185.67,2026-09-22T04:52:47.591061+00:00,USD,Personal Transfer
TXN-NORM-003644,USER_1026,GROCERY_MARKET_CENTRAL,120.28,2026-09-06T19:44:31.655685+00:00,USD,Monthly Bill Payment
TXN-NORM-003645,USER_1573,GROCERY_MARKET_CENTRAL,64.50,2026-09-26T09:21:47.647480+00:00,USD,Monthly Bill Payment
TXN-NORM-003646,USER_1199,TELECOM_APEX_MOBILE,300.25,2026-09-29T23:06:23.464847+00:00,USD,Monthly Bill Payment
TXN-NORM-003647,USER_0532,SUBSCRIPTION_STREAM_NOW,246.73,2026-09-15T10:24:29.534869+00:00,USD,Monthly Bill Payment
TXN-NORM-003648,USER_0731,MUNICIPAL_TAX_BOARD,301.15,2026-09-19T03:37:49.487227+00:00,USD,Monthly Bill Payment
TXN-NORM-003649,USER_0747,USER_0748,171.10,2026-09-28T02:38:29.515359+00:00,USD,Personal Transfer
TXN-NORM-003650,USER_1507,UTILITY_CITY_WATER,151.23,2026-09-13T11:30:26.896924+00:00,USD,Monthly Bill Payment
TXN-NORM-003651,USER_0010,UTILITY_METRO_POWER,343.25,2026-09-02T06:14:32.711001+00:00,USD,Monthly Bill Payment
TXN-NORM-003652,USER_1329,GROCERY_MARKET_CENTRAL,93.86,2026-09-09T03:28:31.131061+00:00,USD,Monthly Bill Payment
TXN-NORM-003653,USER_1533,USER_1534,81.42,2026-09-19T08:09:13.902307+00:00,USD,Personal Transfer
TXN-NORM-003654,USER_1110,USER_1111,19.96,2026-09-16T01:29:09.912018+00:00,USD,Personal Transfer
TXN-NORM-003655,USER_0220,USER_0221,22.50,2026-09-18T14:29:12.098367+00:00,USD,Personal Transfer
TXN-NORM-003656,USER_0469,SUBSCRIPTION_STREAM_NOW,258.90,2026-09-04T15:23:07.466818+00:00,USD,Monthly Bill Payment
TXN-NORM-003657,USER_1564,USER_1565,156.04,2026-09-17T14:26:47.337297+00:00,USD,Personal Transfer
TXN-NORM-003658,USER_1461,USER_1462,165.28,2026-09-08T14:22:12.447265+00:00,USD,Personal Transfer
TXN-NORM-003659,USER_0186,GROCERY_MARKET_CENTRAL,114.74,2026-09-10T23:31:24.915511+00:00,USD,Monthly Bill Payment
TXN-NORM-003660,USER_1022,MUNICIPAL_TAX_BOARD,291.59,2026-09-23T08:38:35.332932+00:00,USD,Monthly Bill Payment
TXN-NORM-003661,USER_1199,USER_1200,244.14,2026-09-25T17:35:28.869985+00:00,USD,Personal Transfer
TXN-NORM-003662,USER_1131,MUNICIPAL_TAX_BOARD,275.39,2026-09-22T15:01:25.497206+00:00,USD,Monthly Bill Payment
TXN-NORM-003663,USER_0920,USER_0921,128.59,2026-09-11T01:10:37.603096+00:00,USD,Personal Transfer
TXN-NORM-003664,USER_0763,USER_0764,190.71,2026-09-15T18:02:37.540214+00:00,USD,Personal Transfer
TXN-NORM-003665,USER_0317,HEALTHCARE_CLINIC_CITY,288.93,2026-09-27T23:52:46.511620+00:00,USD,Monthly Bill Payment
TXN-NORM-003666,USER_0946,TELECOM_APEX_MOBILE,280.70,2026-09-22T05:16:19.546184+00:00,USD,Monthly Bill Payment
TXN-NORM-003667,USER_0892,USER_0893,150.89,2026-09-25T17:24:19.600316+00:00,USD,Personal Transfer
TXN-NORM-003668,USER_1584,SUBSCRIPTION_STREAM_NOW,58.07,2026-09-06T03:06:44.038468+00:00,USD,Monthly Bill Payment
TXN-NORM-003669,USER_0944,TELECOM_APEX_MOBILE,149.89,2026-09-25T09:12:56.331951+00:00,USD,Monthly Bill Payment
TXN-NORM-003670,USER_0540,USER_0541,337.32,2026-09-15T10:45:58.452178+00:00,USD,Personal Transfer
TXN-NORM-003671,USER_0126,MUNICIPAL_TAX_BOARD,30.18,2026-09-15T16:30:41.650533+00:00,USD,Monthly Bill Payment
TXN-NORM-003672,USER_0381,USER_0382,161.33,2026-09-10T02:49:27.553735+00:00,USD,Personal Transfer
TXN-NORM-003673,USER_0665,USER_0666,93.57,2026-09-20T23:13:58.811593+00:00,USD,Personal Transfer
TXN-NORM-003674,USER_0354,MUNICIPAL_TAX_BOARD,155.92,2026-09-23T18:05:44.060874+00:00,USD,Monthly Bill Payment
TXN-NORM-003675,USER_0303,USER_0304,232.62,2026-09-07T06:56:11.070990+00:00,USD,Personal Transfer
TXN-NORM-003676,USER_0878,UTILITY_CITY_WATER,71.74,2026-09-02T13:00:14.048432+00:00,USD,Monthly Bill Payment
TXN-NORM-003677,USER_0139,USER_0140,367.42,2026-09-21T20:37:36.038072+00:00,USD,Personal Transfer
TXN-NORM-003678,USER_0822,UTILITY_CITY_WATER,95.81,2026-09-21T12:08:52.127140+00:00,USD,Monthly Bill Payment
TXN-NORM-003679,USER_1084,UTILITY_METRO_POWER,157.09,2026-09-16T10:28:40.990190+00:00,USD,Monthly Bill Payment
TXN-NORM-003680,USER_1376,USER_1377,344.52,2026-09-24T11:54:34.466429+00:00,USD,Personal Transfer
TXN-NORM-003681,USER_0362,UTILITY_CITY_WATER,109.41,2026-09-11T13:16:14.820170+00:00,USD,Monthly Bill Payment
TXN-NORM-003682,USER_0711,USER_0712,112.01,2026-09-21T02:07:07.928945+00:00,USD,Personal Transfer
TXN-NORM-003683,USER_0857,USER_0858,429.07,2026-09-28T20:50:09.274764+00:00,USD,Personal Transfer
TXN-NORM-003684,USER_0879,USER_0880,345.68,2026-09-23T19:33:07.951406+00:00,USD,Personal Transfer
TXN-NORM-003685,USER_1512,MUNICIPAL_TAX_BOARD,311.60,2026-09-14T22:24:30.871768+00:00,USD,Monthly Bill Payment
TXN-NORM-003686,USER_1024,USER_1025,427.51,2026-09-11T13:22:03.987211+00:00,USD,Personal Transfer
TXN-NORM-003687,USER_1202,USER_1203,424.86,2026-09-02T20:02:42.677198+00:00,USD,Personal Transfer
TXN-NORM-003688,USER_0977,HEALTHCARE_CLINIC_CITY,92.03,2026-09-13T03:21:28.663238+00:00,USD,Monthly Bill Payment
TXN-NORM-003689,USER_0123,USER_0124,65.09,2026-09-06T19:22:31.533362+00:00,USD,Personal Transfer
TXN-NORM-003690,USER_1560,SUBSCRIPTION_STREAM_NOW,163.43,2026-09-15T04:18:20.698739+00:00,USD,Monthly Bill Payment
TXN-NORM-003691,USER_0248,USER_0249,393.03,2026-09-04T21:50:04.870498+00:00,USD,Personal Transfer
TXN-NORM-003692,USER_0323,TELECOM_APEX_MOBILE,297.07,2026-09-17T00:25:24.940417+00:00,USD,Monthly Bill Payment
TXN-NORM-003693,USER_0828,UTILITY_METRO_POWER,296.55,2026-09-08T16:23:30.690267+00:00,USD,Monthly Bill Payment
TXN-NORM-003694,USER_1185,UTILITY_METRO_POWER,317.01,2026-09-18T05:58:26.405351+00:00,USD,Monthly Bill Payment
TXN-NORM-003695,USER_1530,TELECOM_APEX_MOBILE,84.93,2026-09-28T13:02:23.662131+00:00,USD,Monthly Bill Payment
TXN-NORM-003696,USER_0815,MUNICIPAL_TAX_BOARD,33.21,2026-09-24T21:49:53.014637+00:00,USD,Monthly Bill Payment
TXN-NORM-003697,USER_0147,UTILITY_CITY_WATER,287.02,2026-09-26T09:59:01.539541+00:00,USD,Monthly Bill Payment
TXN-NORM-003698,USER_0165,TELECOM_APEX_MOBILE,247.71,2026-09-07T05:14:52.376611+00:00,USD,Monthly Bill Payment
TXN-NORM-003699,USER_0068,GROCERY_MARKET_CENTRAL,174.12,2026-09-07T11:36:16.704454+00:00,USD,Monthly Bill Payment
TXN-NORM-003700,USER_0520,USER_0521,69.87,2026-09-12T13:33:42.605719+00:00,USD,Personal Transfer
TXN-NORM-003701,USER_0903,UTILITY_CITY_WATER,322.66,2026-09-10T02:25:31.345116+00:00,USD,Monthly Bill Payment
TXN-NORM-003702,USER_0011,SUBSCRIPTION_STREAM_NOW,270.78,2026-09-28T12:35:41.977839+00:00,USD,Monthly Bill Payment
TXN-NORM-003703,USER_0666,HEALTHCARE_CLINIC_CITY,224.14,2026-09-06T13:41:27.272531+00:00,USD,Monthly Bill Payment
TXN-NORM-003704,USER_1127,MUNICIPAL_TAX_BOARD,98.08,2026-09-21T13:09:14.145875+00:00,USD,Monthly Bill Payment
TXN-NORM-003705,USER_0947,USER_0948,277.35,2026-09-30T00:21:43.753113+00:00,USD,Personal Transfer
TXN-NORM-003706,USER_0179,TELECOM_APEX_MOBILE,236.97,2026-09-18T05:02:27.188451+00:00,USD,Monthly Bill Payment
TXN-NORM-003707,USER_0612,USER_0613,75.84,2026-09-17T23:34:36.907716+00:00,USD,Personal Transfer
TXN-NORM-003708,USER_0882,USER_0883,98.25,2026-09-14T19:18:09.057614+00:00,USD,Personal Transfer
TXN-NORM-003709,USER_0341,SUBSCRIPTION_STREAM_NOW,111.05,2026-09-10T11:23:21.066482+00:00,USD,Monthly Bill Payment
TXN-NORM-003710,USER_1534,UTILITY_METRO_POWER,189.34,2026-09-12T18:21:08.978947+00:00,USD,Monthly Bill Payment
TXN-NORM-003711,USER_1119,SUBSCRIPTION_STREAM_NOW,347.96,2026-09-25T01:37:12.511368+00:00,USD,Monthly Bill Payment
TXN-NORM-003712,USER_1544,MUNICIPAL_TAX_BOARD,28.32,2026-09-26T05:40:47.738768+00:00,USD,Monthly Bill Payment
TXN-NORM-003713,USER_1465,USER_1466,37.53,2026-09-17T17:23:14.261721+00:00,USD,Personal Transfer
TXN-NORM-003714,USER_0382,USER_0383,409.72,2026-09-27T08:43:51.540396+00:00,USD,Personal Transfer
TXN-NORM-003715,USER_1270,UTILITY_CITY_WATER,81.34,2026-09-09T00:28:30.900246+00:00,USD,Monthly Bill Payment
TXN-NORM-003716,USER_0322,UTILITY_METRO_POWER,336.16,2026-09-07T08:26:00.466060+00:00,USD,Monthly Bill Payment
TXN-NORM-003717,USER_0502,HEALTHCARE_CLINIC_CITY,286.74,2026-09-03T08:37:38.992929+00:00,USD,Monthly Bill Payment
TXN-NORM-003718,USER_0705,USER_0706,152.58,2026-09-03T16:30:38.018747+00:00,USD,Personal Transfer
TXN-NORM-003719,USER_1631,USER_1632,211.34,2026-09-27T02:14:26.275791+00:00,USD,Personal Transfer
TXN-NORM-003720,USER_1033,USER_1034,394.93,2026-09-24T16:31:44.695228+00:00,USD,Personal Transfer
TXN-NORM-003721,USER_1278,UTILITY_CITY_WATER,120.73,2026-09-23T15:47:07.691965+00:00,USD,Monthly Bill Payment
TXN-NORM-003722,USER_0505,UTILITY_METRO_POWER,288.85,2026-09-06T19:49:10.823899+00:00,USD,Monthly Bill Payment
TXN-NORM-003723,USER_0055,UTILITY_CITY_WATER,295.29,2026-09-22T20:27:14.887363+00:00,USD,Monthly Bill Payment
TXN-NORM-003724,USER_1616,MUNICIPAL_TAX_BOARD,43.70,2026-09-09T12:16:28.359348+00:00,USD,Monthly Bill Payment
TXN-NORM-003725,USER_1598,GROCERY_MARKET_CENTRAL,223.81,2026-09-18T21:05:05.768104+00:00,USD,Monthly Bill Payment
TXN-NORM-003726,USER_1260,SUBSCRIPTION_STREAM_NOW,155.48,2026-09-03T11:26:36.416488+00:00,USD,Monthly Bill Payment
TXN-NORM-003727,USER_0155,UTILITY_CITY_WATER,46.31,2026-09-10T19:34:58.949007+00:00,USD,Monthly Bill Payment
TXN-NORM-003728,USER_0031,UTILITY_METRO_POWER,209.07,2026-09-18T16:41:40.482421+00:00,USD,Monthly Bill Payment
TXN-NORM-003729,USER_0918,UTILITY_CITY_WATER,83.76,2026-09-29T09:13:52.809283+00:00,USD,Monthly Bill Payment
TXN-NORM-003730,USER_0915,UTILITY_CITY_WATER,259.83,2026-09-08T18:10:31.102215+00:00,USD,Monthly Bill Payment
TXN-NORM-003731,USER_0263,USER_0264,169.47,2026-09-25T22:23:18.657134+00:00,USD,Personal Transfer
TXN-NORM-003732,USER_1368,USER_1369,200.80,2026-09-19T19:13:00.858118+00:00,USD,Personal Transfer
TXN-NORM-003733,USER_0291,USER_0292,232.56,2026-09-27T02:41:57.119528+00:00,USD,Personal Transfer
TXN-NORM-003734,USER_1570,HEALTHCARE_CLINIC_CITY,310.79,2026-09-02T02:07:10.343571+00:00,USD,Monthly Bill Payment
TXN-NORM-003735,USER_0551,UTILITY_CITY_WATER,254.17,2026-09-05T14:37:19.828836+00:00,USD,Monthly Bill Payment
TXN-NORM-003736,USER_0129,UTILITY_METRO_POWER,128.28,2026-09-08T13:57:23.757474+00:00,USD,Monthly Bill Payment
TXN-NORM-003737,USER_0555,HEALTHCARE_CLINIC_CITY,59.15,2026-09-23T09:52:34.505392+00:00,USD,Monthly Bill Payment
TXN-NORM-003738,USER_0487,USER_0488,459.90,2026-09-03T16:58:27.825732+00:00,USD,Personal Transfer
TXN-NORM-003739,USER_0945,HEALTHCARE_CLINIC_CITY,265.91,2026-09-09T04:30:03.392340+00:00,USD,Monthly Bill Payment
TXN-NORM-003740,USER_0269,GROCERY_MARKET_CENTRAL,107.67,2026-09-04T15:42:24.920403+00:00,USD,Monthly Bill Payment
TXN-NORM-003741,USER_1384,UTILITY_CITY_WATER,264.18,2026-09-27T20:55:49.576744+00:00,USD,Monthly Bill Payment
TXN-NORM-003742,USER_0016,SUBSCRIPTION_STREAM_NOW,185.13,2026-09-17T11:50:46.945918+00:00,USD,Monthly Bill Payment
TXN-NORM-003743,USER_0783,USER_0784,128.72,2026-09-07T13:05:52.022879+00:00,USD,Personal Transfer
TXN-NORM-003744,USER_0349,UTILITY_METRO_POWER,141.34,2026-09-29T19:06:39.641137+00:00,USD,Monthly Bill Payment
TXN-NORM-003745,USER_1265,USER_1266,278.31,2026-09-06T23:15:22.186521+00:00,USD,Personal Transfer
TXN-NORM-003746,USER_0594,USER_0595,259.18,2026-09-09T20:09:52.414434+00:00,USD,Personal Transfer
TXN-NORM-003747,USER_1607,HEALTHCARE_CLINIC_CITY,200.98,2026-09-16T17:21:28.290466+00:00,USD,Monthly Bill Payment
TXN-NORM-003748,USER_1587,SUBSCRIPTION_STREAM_NOW,281.27,2026-09-14T13:18:40.767455+00:00,USD,Monthly Bill Payment
TXN-NORM-003749,USER_0037,USER_0038,334.35,2026-09-09T18:43:51.456994+00:00,USD,Personal Transfer
TXN-NORM-003750,USER_1596,GROCERY_MARKET_CENTRAL,232.24,2026-09-10T12:38:26.870535+00:00,USD,Monthly Bill Payment
TXN-NORM-003751,USER_0654,USER_0655,284.39,2026-09-04T11:14:13.853352+00:00,USD,Personal Transfer
TXN-NORM-003752,USER_0354,UTILITY_CITY_WATER,139.62,2026-09-11T15:34:11.180074+00:00,USD,Monthly Bill Payment
TXN-NORM-003753,USER_1630,USER_1631,443.22,2026-09-19T16:49:03.156465+00:00,USD,Personal Transfer
TXN-NORM-003754,USER_0615,GROCERY_MARKET_CENTRAL,106.88,2026-09-17T09:57:03.613812+00:00,USD,Monthly Bill Payment
TXN-NORM-003755,USER_0370,UTILITY_CITY_WATER,104.85,2026-09-04T11:55:32.367890+00:00,USD,Monthly Bill Payment
TXN-NORM-003756,USER_0561,UTILITY_METRO_POWER,281.12,2026-09-17T20:31:32.217399+00:00,USD,Monthly Bill Payment
TXN-NORM-003757,USER_1241,USER_1242,351.41,2026-09-13T14:50:41.927994+00:00,USD,Personal Transfer
TXN-NORM-003758,USER_0082,GROCERY_MARKET_CENTRAL,314.85,2026-09-13T05:12:12.782783+00:00,USD,Monthly Bill Payment
TXN-NORM-003759,USER_0108,USER_0109,47.38,2026-09-12T01:30:51.012601+00:00,USD,Personal Transfer
TXN-NORM-003760,USER_0584,UTILITY_METRO_POWER,41.22,2026-09-02T13:36:49.471742+00:00,USD,Monthly Bill Payment
TXN-NORM-003761,USER_1558,UTILITY_CITY_WATER,200.09,2026-09-08T08:14:53.490913+00:00,USD,Monthly Bill Payment
TXN-NORM-003762,USER_0364,UTILITY_METRO_POWER,333.63,2026-09-10T14:56:34.308501+00:00,USD,Monthly Bill Payment
TXN-NORM-003763,USER_0456,UTILITY_METRO_POWER,327.82,2026-09-01T22:42:34.790523+00:00,USD,Monthly Bill Payment
TXN-NORM-003764,USER_0295,TELECOM_APEX_MOBILE,155.08,2026-09-20T13:08:01.842732+00:00,USD,Monthly Bill Payment
TXN-NORM-003765,USER_1404,USER_1405,488.17,2026-09-24T23:18:23.161144+00:00,USD,Personal Transfer
TXN-NORM-003766,USER_0266,UTILITY_METRO_POWER,211.04,2026-09-08T06:37:58.913338+00:00,USD,Monthly Bill Payment
TXN-NORM-003767,USER_0468,SUBSCRIPTION_STREAM_NOW,293.50,2026-09-07T20:19:35.247355+00:00,USD,Monthly Bill Payment
TXN-NORM-003768,USER_1350,GROCERY_MARKET_CENTRAL,312.97,2026-09-08T01:53:29.509575+00:00,USD,Monthly Bill Payment
TXN-NORM-003769,USER_1611,HEALTHCARE_CLINIC_CITY,55.27,2026-09-02T10:01:25.205586+00:00,USD,Monthly Bill Payment
TXN-NORM-003770,USER_0892,TELECOM_APEX_MOBILE,114.71,2026-09-28T01:20:51.549635+00:00,USD,Monthly Bill Payment
TXN-NORM-003771,USER_0590,SUBSCRIPTION_STREAM_NOW,177.71,2026-09-23T05:01:25.941837+00:00,USD,Monthly Bill Payment
TXN-NORM-003772,USER_0796,GROCERY_MARKET_CENTRAL,35.28,2026-09-15T14:29:14.085045+00:00,USD,Monthly Bill Payment
TXN-NORM-003773,USER_1419,MUNICIPAL_TAX_BOARD,341.77,2026-09-09T02:39:29.505656+00:00,USD,Monthly Bill Payment
TXN-NORM-003774,USER_0569,USER_0570,431.30,2026-09-24T22:20:26.265288+00:00,USD,Personal Transfer
TXN-NORM-003775,USER_0205,GROCERY_MARKET_CENTRAL,185.68,2026-09-14T03:49:53.695426+00:00,USD,Monthly Bill Payment
TXN-NORM-003776,USER_1261,UTILITY_CITY_WATER,118.29,2026-09-06T17:53:46.177488+00:00,USD,Monthly Bill Payment
TXN-NORM-003777,USER_0449,GROCERY_MARKET_CENTRAL,186.27,2026-09-09T11:59:16.282105+00:00,USD,Monthly Bill Payment
TXN-NORM-003778,USER_0449,UTILITY_CITY_WATER,187.82,2026-09-14T03:05:25.450465+00:00,USD,Monthly Bill Payment
TXN-NORM-003779,USER_0797,TELECOM_APEX_MOBILE,309.10,2026-09-14T05:58:22.217238+00:00,USD,Monthly Bill Payment
TXN-NORM-003780,USER_1583,GROCERY_MARKET_CENTRAL,69.47,2026-09-23T01:22:28.436894+00:00,USD,Monthly Bill Payment
TXN-NORM-003781,USER_1146,UTILITY_CITY_WATER,192.61,2026-09-10T03:39:23.585509+00:00,USD,Monthly Bill Payment
TXN-NORM-003782,USER_1504,USER_1505,303.88,2026-09-03T11:43:53.859074+00:00,USD,Personal Transfer
TXN-NORM-003783,USER_0466,HEALTHCARE_CLINIC_CITY,331.67,2026-09-11T13:41:59.782801+00:00,USD,Monthly Bill Payment
TXN-NORM-003784,USER_0358,GROCERY_MARKET_CENTRAL,216.74,2026-09-22T06:56:18.955925+00:00,USD,Monthly Bill Payment
TXN-NORM-003785,USER_0033,USER_0034,273.81,2026-09-02T22:39:46.530184+00:00,USD,Personal Transfer
TXN-NORM-003786,USER_0537,USER_0538,329.06,2026-09-03T18:43:13.339514+00:00,USD,Personal Transfer
TXN-NORM-003787,USER_0841,USER_0842,478.75,2026-09-10T12:31:40.456973+00:00,USD,Personal Transfer
TXN-NORM-003788,USER_1071,HEALTHCARE_CLINIC_CITY,146.93,2026-09-07T16:57:30.464770+00:00,USD,Monthly Bill Payment
TXN-NORM-003789,USER_1111,USER_1112,216.58,2026-09-25T17:58:03.859661+00:00,USD,Personal Transfer
TXN-NORM-003790,USER_0849,USER_0850,128.41,2026-09-05T22:10:03.955422+00:00,USD,Personal Transfer
TXN-NORM-003791,USER_1134,USER_1135,334.67,2026-09-26T23:18:47.641499+00:00,USD,Personal Transfer
TXN-NORM-003792,USER_1422,UTILITY_CITY_WATER,172.16,2026-09-12T04:03:17.237536+00:00,USD,Monthly Bill Payment
TXN-NORM-003793,USER_1425,MUNICIPAL_TAX_BOARD,125.12,2026-09-25T06:46:19.290556+00:00,USD,Monthly Bill Payment
TXN-NORM-003794,USER_0084,USER_0085,155.68,2026-09-20T08:31:51.004632+00:00,USD,Personal Transfer
TXN-NORM-003795,USER_0484,TELECOM_APEX_MOBILE,317.31,2026-09-23T06:34:27.651089+00:00,USD,Monthly Bill Payment
TXN-NORM-003796,USER_0467,USER_0468,261.96,2026-09-14T16:27:27.697137+00:00,USD,Personal Transfer
TXN-NORM-003797,USER_0433,UTILITY_CITY_WATER,32.23,2026-09-15T19:32:53.736581+00:00,USD,Monthly Bill Payment
TXN-NORM-003798,USER_0829,UTILITY_CITY_WATER,84.49,2026-09-23T22:56:38.115756+00:00,USD,Monthly Bill Payment
TXN-NORM-003799,USER_0376,MUNICIPAL_TAX_BOARD,233.77,2026-09-27T03:52:21.875213+00:00,USD,Monthly Bill Payment
TXN-NORM-003800,USER_1590,HEALTHCARE_CLINIC_CITY,189.80,2026-09-02T18:44:37.746801+00:00,USD,Monthly Bill Payment
TXN-NORM-003801,USER_0674,SUBSCRIPTION_STREAM_NOW,269.21,2026-09-22T23:38:50.849393+00:00,USD,Monthly Bill Payment
TXN-NORM-003802,USER_1173,MUNICIPAL_TAX_BOARD,250.42,2026-09-10T11:08:49.246815+00:00,USD,Monthly Bill Payment
TXN-NORM-003803,USER_1032,USER_1033,424.26,2026-09-29T07:21:14.472706+00:00,USD,Personal Transfer
TXN-NORM-003804,USER_1306,UTILITY_CITY_WATER,70.17,2026-09-02T17:40:08.857698+00:00,USD,Monthly Bill Payment
TXN-NORM-003805,USER_0242,USER_0243,354.58,2026-09-03T22:29:38.180006+00:00,USD,Personal Transfer
TXN-NORM-003806,USER_0160,SUBSCRIPTION_STREAM_NOW,152.00,2026-09-13T12:14:34.086217+00:00,USD,Monthly Bill Payment
TXN-NORM-003807,USER_0383,USER_0384,93.99,2026-09-23T12:47:40.228308+00:00,USD,Personal Transfer
TXN-NORM-003808,USER_1385,USER_1386,296.41,2026-09-02T10:10:48.686847+00:00,USD,Personal Transfer
TXN-NORM-003809,USER_0364,USER_0365,497.67,2026-09-16T00:55:23.168954+00:00,USD,Personal Transfer
TXN-NORM-003810,USER_1099,USER_1100,355.68,2026-09-15T14:17:51.429672+00:00,USD,Personal Transfer
TXN-NORM-003811,USER_1576,SUBSCRIPTION_STREAM_NOW,264.70,2026-09-24T18:01:52.002905+00:00,USD,Monthly Bill Payment
TXN-NORM-003812,USER_0013,TELECOM_APEX_MOBILE,80.78,2026-09-25T01:42:04.584047+00:00,USD,Monthly Bill Payment
TXN-NORM-003813,USER_1203,UTILITY_METRO_POWER,244.24,2026-09-02T21:33:35.845126+00:00,USD,Monthly Bill Payment
TXN-NORM-003814,USER_0487,USER_0488,151.90,2026-09-10T04:03:42.807643+00:00,USD,Personal Transfer
TXN-NORM-003815,USER_1588,SUBSCRIPTION_STREAM_NOW,219.61,2026-09-29T14:32:59.302196+00:00,USD,Monthly Bill Payment
TXN-NORM-003816,USER_0131,UTILITY_METRO_POWER,144.56,2026-09-25T04:21:16.662479+00:00,USD,Monthly Bill Payment
TXN-NORM-003817,USER_1244,MUNICIPAL_TAX_BOARD,321.55,2026-09-28T19:30:18.730440+00:00,USD,Monthly Bill Payment
TXN-NORM-003818,USER_1521,USER_1522,41.34,2026-09-20T10:18:29.243549+00:00,USD,Personal Transfer
TXN-NORM-003819,USER_0301,USER_0302,366.47,2026-09-21T04:24:36.669017+00:00,USD,Personal Transfer
TXN-NORM-003820,USER_0229,HEALTHCARE_CLINIC_CITY,147.49,2026-09-15T17:56:16.152317+00:00,USD,Monthly Bill Payment
TXN-NORM-003821,USER_1313,HEALTHCARE_CLINIC_CITY,196.50,2026-09-08T01:15:47.743091+00:00,USD,Monthly Bill Payment
TXN-NORM-003822,USER_1548,USER_1549,330.49,2026-09-27T13:35:39.809497+00:00,USD,Personal Transfer
TXN-NORM-003823,USER_0518,USER_0519,427.21,2026-09-18T03:19:59.522536+00:00,USD,Personal Transfer
TXN-NORM-003824,USER_1047,UTILITY_METRO_POWER,62.19,2026-09-02T09:12:10.027252+00:00,USD,Monthly Bill Payment
TXN-NORM-003825,USER_0112,USER_0113,159.70,2026-09-29T13:29:04.254262+00:00,USD,Personal Transfer
TXN-NORM-003826,USER_0914,USER_0915,325.70,2026-09-07T11:16:18.884197+00:00,USD,Personal Transfer
TXN-NORM-003827,USER_0135,SUBSCRIPTION_STREAM_NOW,203.84,2026-09-13T04:17:13.093144+00:00,USD,Monthly Bill Payment
TXN-NORM-003828,USER_1334,USER_1335,270.39,2026-09-10T09:28:23.416346+00:00,USD,Personal Transfer
TXN-NORM-003829,USER_1541,USER_1542,86.44,2026-09-20T04:09:47.109468+00:00,USD,Personal Transfer
TXN-NORM-003830,USER_1040,USER_1041,328.72,2026-09-28T21:52:38.304784+00:00,USD,Personal Transfer
TXN-NORM-003831,USER_1293,MUNICIPAL_TAX_BOARD,247.76,2026-09-03T20:14:43.490825+00:00,USD,Monthly Bill Payment
TXN-NORM-003832,USER_1473,GROCERY_MARKET_CENTRAL,178.48,2026-09-26T19:25:15.308336+00:00,USD,Monthly Bill Payment
TXN-NORM-003833,USER_0803,UTILITY_METRO_POWER,103.04,2026-09-17T11:33:53.216594+00:00,USD,Monthly Bill Payment
TXN-NORM-003834,USER_0246,SUBSCRIPTION_STREAM_NOW,88.25,2026-09-19T16:58:58.273043+00:00,USD,Monthly Bill Payment
TXN-NORM-003835,USER_0542,HEALTHCARE_CLINIC_CITY,84.76,2026-09-08T08:16:06.566218+00:00,USD,Monthly Bill Payment
TXN-NORM-003836,USER_0519,UTILITY_METRO_POWER,51.40,2026-09-16T22:49:41.093092+00:00,USD,Monthly Bill Payment
TXN-NORM-003837,USER_0023,USER_0024,93.72,2026-09-10T03:24:21.913005+00:00,USD,Personal Transfer
TXN-NORM-003838,USER_0766,UTILITY_CITY_WATER,335.97,2026-09-18T11:54:50.653708+00:00,USD,Monthly Bill Payment
TXN-NORM-003839,USER_0940,SUBSCRIPTION_STREAM_NOW,156.65,2026-09-02T07:59:46.410853+00:00,USD,Monthly Bill Payment
TXN-NORM-003840,USER_1443,UTILITY_CITY_WATER,323.44,2026-09-19T07:53:09.760880+00:00,USD,Monthly Bill Payment
TXN-NORM-003841,USER_0602,TELECOM_APEX_MOBILE,140.33,2026-09-10T23:31:48.851930+00:00,USD,Monthly Bill Payment
TXN-NORM-003842,USER_1431,USER_1432,273.40,2026-09-08T23:26:42.950117+00:00,USD,Personal Transfer
TXN-NORM-003843,USER_0901,USER_0902,22.89,2026-09-23T19:39:27.730110+00:00,USD,Personal Transfer
TXN-NORM-003844,USER_0498,USER_0499,440.43,2026-09-25T04:05:19.567580+00:00,USD,Personal Transfer
TXN-NORM-003845,USER_1045,UTILITY_CITY_WATER,193.28,2026-09-05T15:30:10.580317+00:00,USD,Monthly Bill Payment
TXN-NORM-003846,USER_0567,USER_0568,480.95,2026-09-13T01:29:02.483463+00:00,USD,Personal Transfer
TXN-NORM-003847,USER_0473,GROCERY_MARKET_CENTRAL,228.10,2026-09-12T23:15:27.813925+00:00,USD,Monthly Bill Payment
TXN-NORM-003848,USER_1084,MUNICIPAL_TAX_BOARD,125.88,2026-09-18T05:42:18.061309+00:00,USD,Monthly Bill Payment
TXN-NORM-003849,USER_0993,USER_0994,378.02,2026-09-25T19:15:18.882025+00:00,USD,Personal Transfer
TXN-NORM-003850,USER_0526,SUBSCRIPTION_STREAM_NOW,208.19,2026-09-16T13:43:41.678049+00:00,USD,Monthly Bill Payment
TXN-NORM-003851,USER_0264,MUNICIPAL_TAX_BOARD,214.61,2026-09-13T11:04:29.937313+00:00,USD,Monthly Bill Payment
TXN-NORM-003852,USER_0363,HEALTHCARE_CLINIC_CITY,221.04,2026-09-11T12:51:46.893600+00:00,USD,Monthly Bill Payment
TXN-NORM-003853,USER_1504,SUBSCRIPTION_STREAM_NOW,205.69,2026-09-08T09:30:20.934449+00:00,USD,Monthly Bill Payment
TXN-NORM-003854,USER_0951,USER_0952,459.44,2026-09-14T12:43:57.465663+00:00,USD,Personal Transfer
TXN-NORM-003855,USER_0889,UTILITY_CITY_WATER,40.88,2026-09-05T11:15:05.484512+00:00,USD,Monthly Bill Payment
TXN-NORM-003856,USER_0516,USER_0517,112.07,2026-09-24T13:11:02.647185+00:00,USD,Personal Transfer
TXN-NORM-003857,USER_1082,USER_1083,495.66,2026-09-29T01:06:42.873670+00:00,USD,Personal Transfer
TXN-NORM-003858,USER_0825,TELECOM_APEX_MOBILE,41.14,2026-09-01T22:39:32.332112+00:00,USD,Monthly Bill Payment
TXN-NORM-003859,USER_1349,USER_1350,314.22,2026-09-27T20:58:31.224529+00:00,USD,Personal Transfer
TXN-NORM-003860,USER_1530,USER_1531,331.25,2026-09-28T19:42:43.192976+00:00,USD,Personal Transfer
TXN-NORM-003861,USER_0465,USER_0466,160.75,2026-09-26T02:38:51.221829+00:00,USD,Personal Transfer
TXN-NORM-003862,USER_0035,UTILITY_CITY_WATER,317.87,2026-09-25T00:07:55.484623+00:00,USD,Monthly Bill Payment
TXN-NORM-003863,USER_1114,TELECOM_APEX_MOBILE,295.67,2026-09-03T05:17:43.134363+00:00,USD,Monthly Bill Payment
TXN-NORM-003864,USER_0786,UTILITY_METRO_POWER,132.09,2026-09-22T14:43:57.295270+00:00,USD,Monthly Bill Payment
TXN-NORM-003865,USER_1453,TELECOM_APEX_MOBILE,295.29,2026-09-03T11:52:14.145106+00:00,USD,Monthly Bill Payment
TXN-NORM-003866,USER_0064,MUNICIPAL_TAX_BOARD,331.28,2026-09-15T19:15:26.333122+00:00,USD,Monthly Bill Payment
TXN-NORM-003867,USER_0210,MUNICIPAL_TAX_BOARD,330.55,2026-09-09T12:18:41.429271+00:00,USD,Monthly Bill Payment
TXN-NORM-003868,USER_1591,GROCERY_MARKET_CENTRAL,145.26,2026-09-28T22:27:27.368183+00:00,USD,Monthly Bill Payment
TXN-NORM-003869,USER_1094,TELECOM_APEX_MOBILE,104.95,2026-09-02T11:59:18.775205+00:00,USD,Monthly Bill Payment
TXN-NORM-003870,USER_0006,MUNICIPAL_TAX_BOARD,164.95,2026-09-13T06:54:32.504633+00:00,USD,Monthly Bill Payment
TXN-NORM-003871,USER_0683,USER_0684,425.61,2026-09-06T09:42:19.470009+00:00,USD,Personal Transfer
TXN-NORM-003872,USER_0635,UTILITY_METRO_POWER,256.02,2026-09-28T13:40:23.447104+00:00,USD,Monthly Bill Payment
TXN-NORM-003873,USER_0652,HEALTHCARE_CLINIC_CITY,226.07,2026-09-04T00:28:28.302454+00:00,USD,Monthly Bill Payment
TXN-NORM-003874,USER_0829,UTILITY_CITY_WATER,233.77,2026-09-03T19:37:18.851623+00:00,USD,Monthly Bill Payment
TXN-NORM-003875,USER_0151,SUBSCRIPTION_STREAM_NOW,53.00,2026-09-28T20:36:06.262592+00:00,USD,Monthly Bill Payment
TXN-NORM-003876,USER_1179,USER_1180,352.08,2026-09-06T18:38:06.554958+00:00,USD,Personal Transfer
TXN-NORM-003877,USER_1274,USER_1275,111.16,2026-09-18T02:56:53.984317+00:00,USD,Personal Transfer
TXN-NORM-003878,USER_0992,HEALTHCARE_CLINIC_CITY,84.75,2026-09-14T19:28:46.039447+00:00,USD,Monthly Bill Payment
TXN-NORM-003879,USER_0602,USER_0603,281.73,2026-09-10T23:37:00.319495+00:00,USD,Personal Transfer
TXN-NORM-003880,USER_0001,USER_0002,378.65,2026-09-15T12:14:07.638701+00:00,USD,Personal Transfer
TXN-NORM-003881,USER_1095,UTILITY_METRO_POWER,324.98,2026-09-05T14:53:28.671768+00:00,USD,Monthly Bill Payment
TXN-NORM-003882,USER_0011,USER_0012,392.04,2026-09-15T06:28:14.281822+00:00,USD,Personal Transfer
TXN-NORM-003883,USER_1246,HEALTHCARE_CLINIC_CITY,206.14,2026-09-14T22:53:36.860408+00:00,USD,Monthly Bill Payment
TXN-NORM-003884,USER_1600,USER_1601,95.73,2026-09-04T13:14:56.796853+00:00,USD,Personal Transfer
TXN-NORM-003885,USER_1103,UTILITY_CITY_WATER,340.77,2026-09-04T09:20:05.305602+00:00,USD,Monthly Bill Payment
TXN-NORM-003886,USER_0076,UTILITY_METRO_POWER,136.90,2026-09-04T06:03:53.776159+00:00,USD,Monthly Bill Payment
TXN-NORM-003887,USER_1116,USER_1117,449.17,2026-09-22T04:49:04.810471+00:00,USD,Personal Transfer
TXN-NORM-003888,USER_0926,TELECOM_APEX_MOBILE,105.88,2026-09-22T07:04:57.141107+00:00,USD,Monthly Bill Payment
TXN-NORM-003889,USER_1365,SUBSCRIPTION_STREAM_NOW,25.88,2026-09-13T12:00:58.823610+00:00,USD,Monthly Bill Payment
TXN-NORM-003890,USER_0584,TELECOM_APEX_MOBILE,128.65,2026-09-08T14:45:27.853771+00:00,USD,Monthly Bill Payment
TXN-NORM-003891,USER_0639,UTILITY_CITY_WATER,221.37,2026-09-09T11:12:17.069218+00:00,USD,Monthly Bill Payment
TXN-NORM-003892,USER_1615,USER_1616,276.72,2026-09-06T00:25:47.058595+00:00,USD,Personal Transfer
TXN-NORM-003893,USER_1395,HEALTHCARE_CLINIC_CITY,262.70,2026-09-12T15:25:05.958291+00:00,USD,Monthly Bill Payment
TXN-NORM-003894,USER_0489,TELECOM_APEX_MOBILE,229.21,2026-09-27T19:01:38.500278+00:00,USD,Monthly Bill Payment
TXN-NORM-003895,USER_1421,USER_1422,204.99,2026-09-20T03:32:01.890335+00:00,USD,Personal Transfer
TXN-NORM-003896,USER_0323,HEALTHCARE_CLINIC_CITY,167.13,2026-09-11T15:59:19.447119+00:00,USD,Monthly Bill Payment
TXN-NORM-003897,USER_1230,HEALTHCARE_CLINIC_CITY,160.70,2026-09-07T17:09:48.158604+00:00,USD,Monthly Bill Payment
TXN-NORM-003898,USER_0410,TELECOM_APEX_MOBILE,301.25,2026-09-07T14:51:21.389221+00:00,USD,Monthly Bill Payment
TXN-NORM-003899,USER_1031,USER_1032,35.65,2026-09-27T09:33:30.534833+00:00,USD,Personal Transfer
TXN-NORM-003900,USER_1475,USER_1476,96.57,2026-09-17T08:55:50.557149+00:00,USD,Personal Transfer
TXN-NORM-003901,USER_1392,USER_1393,421.96,2026-09-18T13:22:55.047047+00:00,USD,Personal Transfer
TXN-NORM-003902,USER_1419,UTILITY_METRO_POWER,89.90,2026-09-29T08:04:34.805263+00:00,USD,Monthly Bill Payment
TXN-NORM-003903,USER_0298,USER_0299,275.50,2026-09-12T10:14:31.281393+00:00,USD,Personal Transfer
TXN-NORM-003904,USER_1134,SUBSCRIPTION_STREAM_NOW,103.31,2026-09-03T06:45:06.471398+00:00,USD,Monthly Bill Payment
TXN-NORM-003905,USER_1348,TELECOM_APEX_MOBILE,348.11,2026-09-18T19:10:31.674183+00:00,USD,Monthly Bill Payment
TXN-NORM-003906,USER_1401,USER_1402,124.56,2026-09-06T04:09:15.646358+00:00,USD,Personal Transfer
TXN-NORM-003907,USER_0964,USER_0965,359.92,2026-09-15T08:32:44.179600+00:00,USD,Personal Transfer
TXN-NORM-003908,USER_0607,MUNICIPAL_TAX_BOARD,245.64,2026-09-21T06:50:50.648661+00:00,USD,Monthly Bill Payment
TXN-NORM-003909,USER_1391,USER_1392,230.24,2026-09-27T14:32:01.014973+00:00,USD,Personal Transfer
TXN-NORM-003910,USER_0131,UTILITY_CITY_WATER,212.39,2026-09-22T23:37:11.509197+00:00,USD,Monthly Bill Payment
TXN-NORM-003911,USER_0863,USER_0864,79.15,2026-09-15T19:12:13.485615+00:00,USD,Personal Transfer
TXN-NORM-003912,USER_0835,UTILITY_METRO_POWER,143.07,2026-09-11T09:09:10.595023+00:00,USD,Monthly Bill Payment
TXN-NORM-003913,USER_0028,UTILITY_CITY_WATER,146.54,2026-09-12T19:47:20.444977+00:00,USD,Monthly Bill Payment
TXN-NORM-003914,USER_1138,USER_1139,209.62,2026-09-02T09:55:33.085353+00:00,USD,Personal Transfer
TXN-NORM-003915,USER_0678,USER_0679,207.17,2026-09-03T11:08:28.440455+00:00,USD,Personal Transfer
TXN-NORM-003916,USER_0489,HEALTHCARE_CLINIC_CITY,197.54,2026-09-02T00:08:01.156837+00:00,USD,Monthly Bill Payment
TXN-NORM-003917,USER_1313,UTILITY_METRO_POWER,227.75,2026-09-19T18:19:57.228785+00:00,USD,Monthly Bill Payment
TXN-NORM-003918,USER_1204,UTILITY_METRO_POWER,346.24,2026-09-25T18:35:31.833345+00:00,USD,Monthly Bill Payment
TXN-NORM-003919,USER_0121,USER_0122,191.95,2026-09-08T08:25:03.673366+00:00,USD,Personal Transfer
TXN-NORM-003920,USER_0048,SUBSCRIPTION_STREAM_NOW,271.02,2026-09-11T11:11:18.882572+00:00,USD,Monthly Bill Payment
TXN-NORM-003921,USER_1165,UTILITY_METRO_POWER,211.71,2026-09-18T17:21:23.076780+00:00,USD,Monthly Bill Payment
TXN-NORM-003922,USER_0383,USER_0384,79.53,2026-09-03T10:19:43.992479+00:00,USD,Personal Transfer
TXN-NORM-003923,USER_0950,TELECOM_APEX_MOBILE,240.02,2026-09-25T02:55:29.665333+00:00,USD,Monthly Bill Payment
TXN-NORM-003924,USER_0528,USER_0529,169.73,2026-09-29T06:38:02.318854+00:00,USD,Personal Transfer
TXN-NORM-003925,USER_1531,TELECOM_APEX_MOBILE,98.17,2026-09-19T00:28:28.289673+00:00,USD,Monthly Bill Payment
TXN-NORM-003926,USER_0186,MUNICIPAL_TAX_BOARD,218.45,2026-09-02T08:03:27.983633+00:00,USD,Monthly Bill Payment
TXN-NORM-003927,USER_0713,GROCERY_MARKET_CENTRAL,299.71,2026-09-16T21:48:52.432235+00:00,USD,Monthly Bill Payment
TXN-NORM-003928,USER_1561,UTILITY_CITY_WATER,219.06,2026-09-29T07:45:34.682842+00:00,USD,Monthly Bill Payment
TXN-NORM-003929,USER_1405,TELECOM_APEX_MOBILE,252.31,2026-09-05T19:02:37.686272+00:00,USD,Monthly Bill Payment
TXN-NORM-003930,USER_0779,GROCERY_MARKET_CENTRAL,161.50,2026-09-29T07:40:55.925252+00:00,USD,Monthly Bill Payment
TXN-NORM-003931,USER_0286,TELECOM_APEX_MOBILE,170.90,2026-09-14T02:40:44.743063+00:00,USD,Monthly Bill Payment
TXN-NORM-003932,USER_1312,UTILITY_CITY_WATER,88.94,2026-09-13T23:43:10.583349+00:00,USD,Monthly Bill Payment
TXN-NORM-003933,USER_0129,UTILITY_CITY_WATER,246.29,2026-09-12T00:17:54.376311+00:00,USD,Monthly Bill Payment
TXN-NORM-003934,USER_0139,SUBSCRIPTION_STREAM_NOW,287.91,2026-09-20T18:46:12.145426+00:00,USD,Monthly Bill Payment
TXN-NORM-003935,USER_0648,UTILITY_METRO_POWER,146.36,2026-09-12T00:15:29.255299+00:00,USD,Monthly Bill Payment
TXN-NORM-003936,USER_0368,TELECOM_APEX_MOBILE,124.97,2026-09-04T03:16:20.515253+00:00,USD,Monthly Bill Payment
TXN-NORM-003937,USER_1162,HEALTHCARE_CLINIC_CITY,143.74,2026-09-21T21:21:06.416785+00:00,USD,Monthly Bill Payment
TXN-NORM-003938,USER_0199,USER_0200,41.39,2026-09-11T06:12:15.400619+00:00,USD,Personal Transfer
TXN-NORM-003939,USER_1481,HEALTHCARE_CLINIC_CITY,328.03,2026-09-17T19:39:34.221326+00:00,USD,Monthly Bill Payment
TXN-NORM-003940,USER_1306,HEALTHCARE_CLINIC_CITY,156.50,2026-09-13T05:42:24.506697+00:00,USD,Monthly Bill Payment
TXN-NORM-003941,USER_0440,UTILITY_CITY_WATER,88.31,2026-09-12T17:01:04.726021+00:00,USD,Monthly Bill Payment
TXN-NORM-003942,USER_0661,USER_0662,280.27,2026-09-16T03:11:56.870796+00:00,USD,Personal Transfer
TXN-NORM-003943,USER_0015,HEALTHCARE_CLINIC_CITY,250.57,2026-09-15T00:29:47.359074+00:00,USD,Monthly Bill Payment
TXN-NORM-003944,USER_0971,USER_0972,429.94,2026-09-04T13:02:41.935531+00:00,USD,Personal Transfer
TXN-NORM-003945,USER_1316,TELECOM_APEX_MOBILE,165.56,2026-09-06T22:19:00.641217+00:00,USD,Monthly Bill Payment
TXN-NORM-003946,USER_0496,HEALTHCARE_CLINIC_CITY,221.20,2026-09-25T15:30:00.535079+00:00,USD,Monthly Bill Payment
TXN-NORM-003947,USER_0982,GROCERY_MARKET_CENTRAL,156.58,2026-09-21T01:04:38.033807+00:00,USD,Monthly Bill Payment
TXN-NORM-003948,USER_0531,UTILITY_CITY_WATER,273.00,2026-09-26T03:19:57.404658+00:00,USD,Monthly Bill Payment
TXN-NORM-003949,USER_0809,USER_0810,314.40,2026-09-27T07:36:26.177330+00:00,USD,Personal Transfer
TXN-NORM-003950,USER_1216,USER_1217,460.45,2026-09-09T12:50:57.044450+00:00,USD,Personal Transfer
TXN-NORM-003951,USER_1274,USER_1275,83.24,2026-09-06T14:51:12.601312+00:00,USD,Personal Transfer
TXN-NORM-003952,USER_0280,HEALTHCARE_CLINIC_CITY,347.26,2026-09-06T22:46:31.861428+00:00,USD,Monthly Bill Payment
TXN-NORM-003953,USER_0134,TELECOM_APEX_MOBILE,120.33,2026-09-07T05:26:12.061410+00:00,USD,Monthly Bill Payment
TXN-NORM-003954,USER_0436,USER_0437,301.63,2026-09-15T15:14:49.091126+00:00,USD,Personal Transfer
TXN-NORM-003955,USER_0306,USER_0307,412.64,2026-09-02T14:50:18.719180+00:00,USD,Personal Transfer
TXN-NORM-003956,USER_0173,SUBSCRIPTION_STREAM_NOW,43.71,2026-09-09T15:28:27.393728+00:00,USD,Monthly Bill Payment
TXN-NORM-003957,USER_0907,MUNICIPAL_TAX_BOARD,336.80,2026-09-17T16:11:47.865800+00:00,USD,Monthly Bill Payment
TXN-NORM-003958,USER_0255,TELECOM_APEX_MOBILE,345.02,2026-09-22T06:04:57.924500+00:00,USD,Monthly Bill Payment
TXN-NORM-003959,USER_0438,USER_0439,366.48,2026-09-07T10:28:38.393963+00:00,USD,Personal Transfer
TXN-NORM-003960,USER_0309,USER_0310,120.90,2026-09-16T01:50:15.103200+00:00,USD,Personal Transfer
TXN-NORM-003961,USER_0155,SUBSCRIPTION_STREAM_NOW,326.79,2026-09-22T00:55:50.075184+00:00,USD,Monthly Bill Payment
TXN-NORM-003962,USER_1496,UTILITY_CITY_WATER,206.52,2026-09-28T03:07:24.863480+00:00,USD,Monthly Bill Payment
TXN-NORM-003963,USER_0108,TELECOM_APEX_MOBILE,80.08,2026-09-24T10:06:11.429620+00:00,USD,Monthly Bill Payment
TXN-NORM-003964,USER_1032,USER_1033,368.04,2026-09-05T21:03:41.382382+00:00,USD,Personal Transfer
TXN-NORM-003965,USER_0077,UTILITY_METRO_POWER,67.99,2026-09-24T04:52:38.833787+00:00,USD,Monthly Bill Payment
TXN-NORM-003966,USER_1016,GROCERY_MARKET_CENTRAL,271.55,2026-09-21T03:08:46.210192+00:00,USD,Monthly Bill Payment
TXN-NORM-003967,USER_1037,MUNICIPAL_TAX_BOARD,325.95,2026-09-14T13:24:31.812803+00:00,USD,Monthly Bill Payment
TXN-NORM-003968,USER_0881,USER_0882,357.70,2026-09-02T03:53:09.818903+00:00,USD,Personal Transfer
TXN-NORM-003969,USER_0391,USER_0392,425.77,2026-09-20T16:34:57.886963+00:00,USD,Personal Transfer
TXN-NORM-003970,USER_0827,USER_0828,49.42,2026-09-24T11:48:32.558955+00:00,USD,Personal Transfer
TXN-NORM-003971,USER_1175,MUNICIPAL_TAX_BOARD,92.88,2026-09-11T04:02:54.126528+00:00,USD,Monthly Bill Payment
TXN-NORM-003972,USER_1071,USER_1072,293.54,2026-09-29T18:01:15.166112+00:00,USD,Personal Transfer
TXN-NORM-003973,USER_1110,USER_1111,305.39,2026-09-25T07:32:45.231872+00:00,USD,Personal Transfer
TXN-NORM-003974,USER_1447,TELECOM_APEX_MOBILE,29.62,2026-09-03T03:17:19.149504+00:00,USD,Monthly Bill Payment
TXN-NORM-003975,USER_0578,GROCERY_MARKET_CENTRAL,160.51,2026-09-24T07:31:18.273768+00:00,USD,Monthly Bill Payment
TXN-NORM-003976,USER_0894,TELECOM_APEX_MOBILE,315.29,2026-09-05T14:25:48.586506+00:00,USD,Monthly Bill Payment
TXN-NORM-003977,USER_0208,GROCERY_MARKET_CENTRAL,320.82,2026-09-06T05:11:33.715735+00:00,USD,Monthly Bill Payment
TXN-NORM-003978,USER_0675,TELECOM_APEX_MOBILE,30.29,2026-09-17T20:12:22.497727+00:00,USD,Monthly Bill Payment
TXN-NORM-003979,USER_1434,HEALTHCARE_CLINIC_CITY,346.01,2026-09-21T09:53:48.583775+00:00,USD,Monthly Bill Payment
TXN-NORM-003980,USER_0335,TELECOM_APEX_MOBILE,81.10,2026-09-07T12:13:19.763857+00:00,USD,Monthly Bill Payment
TXN-NORM-003981,USER_1305,MUNICIPAL_TAX_BOARD,251.23,2026-09-13T10:28:39.637840+00:00,USD,Monthly Bill Payment
TXN-NORM-003982,USER_0132,USER_0133,483.12,2026-09-23T12:52:20.132178+00:00,USD,Personal Transfer
TXN-NORM-003983,USER_0420,TELECOM_APEX_MOBILE,238.61,2026-09-20T06:58:33.714195+00:00,USD,Monthly Bill Payment
TXN-NORM-003984,USER_0595,UTILITY_METRO_POWER,345.92,2026-09-16T19:46:09.679665+00:00,USD,Monthly Bill Payment
TXN-NORM-003985,USER_0410,USER_0411,163.38,2026-09-09T07:50:39.999655+00:00,USD,Personal Transfer
TXN-NORM-003986,USER_1532,USER_1533,26.88,2026-09-18T19:12:50.423785+00:00,USD,Personal Transfer
TXN-NORM-003987,USER_1392,TELECOM_APEX_MOBILE,209.39,2026-09-14T06:53:38.932187+00:00,USD,Monthly Bill Payment
TXN-NORM-003988,USER_1632,GROCERY_MARKET_CENTRAL,226.79,2026-09-26T16:03:16.487769+00:00,USD,Monthly Bill Payment
TXN-NORM-003989,USER_0911,GROCERY_MARKET_CENTRAL,201.48,2026-09-12T20:55:22.417308+00:00,USD,Monthly Bill Payment
TXN-NORM-003990,USER_1176,USER_1177,79.22,2026-09-13T21:09:39.438015+00:00,USD,Personal Transfer
TXN-NORM-003991,USER_0203,SUBSCRIPTION_STREAM_NOW,247.42,2026-09-12T02:45:51.555999+00:00,USD,Monthly Bill Payment
TXN-NORM-003992,USER_0833,USER_0834,173.97,2026-09-11T11:03:56.087441+00:00,USD,Personal Transfer
TXN-NORM-003993,USER_1554,TELECOM_APEX_MOBILE,177.83,2026-09-15T15:03:09.604562+00:00,USD,Monthly Bill Payment
TXN-NORM-003994,USER_0563,MUNICIPAL_TAX_BOARD,280.74,2026-09-03T18:46:19.799118+00:00,USD,Monthly Bill Payment
TXN-NORM-003995,USER_0850,USER_0851,42.88,2026-09-26T00:11:04.273713+00:00,USD,Personal Transfer
TXN-NORM-003996,USER_0147,UTILITY_CITY_WATER,81.92,2026-09-11T23:48:07.163595+00:00,USD,Monthly Bill Payment
TXN-NORM-003997,USER_0526,USER_0527,158.61,2026-09-09T15:29:14.781322+00:00,USD,Personal Transfer
TXN-NORM-003998,USER_0295,USER_0296,212.17,2026-09-25T05:51:09.626573+00:00,USD,Personal Transfer
TXN-NORM-003999,USER_1095,USER_1096,169.36,2026-09-02T12:39:31.953743+00:00,USD,Personal Transfer
TXN-NORM-004000,USER_0963,USER_0964,479.79,2026-09-22T16:21:06.236261+00:00,USD,Personal Transfer
TXN-NORM-004001,USER_0837,TELECOM_APEX_MOBILE,75.01,2026-09-26T17:46:05.362060+00:00,USD,Monthly Bill Payment
TXN-NORM-004002,USER_0435,GROCERY_MARKET_CENTRAL,250.45,2026-09-13T09:46:51.767954+00:00,USD,Monthly Bill Payment
TXN-NORM-004003,USER_1498,MUNICIPAL_TAX_BOARD,277.48,2026-09-19T01:51:09.508637+00:00,USD,Monthly Bill Payment
TXN-NORM-004004,USER_0570,USER_0571,388.53,2026-09-07T16:22:03.760677+00:00,USD,Personal Transfer
TXN-NORM-004005,USER_1307,GROCERY_MARKET_CENTRAL,323.77,2026-09-19T08:01:59.001992+00:00,USD,Monthly Bill Payment
TXN-NORM-004006,USER_1180,USER_1181,495.17,2026-09-05T20:05:55.582073+00:00,USD,Personal Transfer
TXN-NORM-004007,USER_1138,TELECOM_APEX_MOBILE,196.15,2026-09-08T02:29:42.709697+00:00,USD,Monthly Bill Payment
TXN-NORM-004008,USER_0612,GROCERY_MARKET_CENTRAL,275.27,2026-09-03T04:02:55.689949+00:00,USD,Monthly Bill Payment
TXN-NORM-004009,USER_1540,USER_1541,171.11,2026-09-10T02:18:51.374363+00:00,USD,Personal Transfer
TXN-NORM-004010,USER_1312,UTILITY_METRO_POWER,313.69,2026-09-08T07:17:05.305924+00:00,USD,Monthly Bill Payment
TXN-NORM-004011,USER_1198,USER_1199,334.06,2026-09-23T00:16:43.055565+00:00,USD,Personal Transfer
TXN-NORM-004012,USER_0886,UTILITY_CITY_WATER,236.47,2026-09-22T01:56:18.864693+00:00,USD,Monthly Bill Payment
TXN-NORM-004013,USER_0091,USER_0092,272.27,2026-09-29T06:30:29.932831+00:00,USD,Personal Transfer
TXN-NORM-004014,USER_1563,UTILITY_CITY_WATER,299.42,2026-09-16T06:28:00.216472+00:00,USD,Monthly Bill Payment
TXN-NORM-004015,USER_0315,SUBSCRIPTION_STREAM_NOW,178.13,2026-09-05T00:37:43.352437+00:00,USD,Monthly Bill Payment
TXN-NORM-004016,USER_1091,HEALTHCARE_CLINIC_CITY,125.35,2026-09-12T07:17:46.832198+00:00,USD,Monthly Bill Payment
TXN-NORM-004017,USER_1052,USER_1053,16.79,2026-09-22T12:38:25.104434+00:00,USD,Personal Transfer
TXN-NORM-004018,USER_1070,USER_1071,326.07,2026-09-05T18:42:11.141481+00:00,USD,Personal Transfer
TXN-NORM-004019,USER_0812,USER_0813,291.72,2026-09-24T13:11:05.331382+00:00,USD,Personal Transfer
TXN-NORM-004020,USER_0326,SUBSCRIPTION_STREAM_NOW,35.12,2026-09-23T08:34:01.140181+00:00,USD,Monthly Bill Payment
TXN-NORM-004021,USER_1317,SUBSCRIPTION_STREAM_NOW,161.50,2026-09-17T08:56:00.462363+00:00,USD,Monthly Bill Payment
TXN-NORM-004022,USER_0985,SUBSCRIPTION_STREAM_NOW,87.55,2026-09-16T07:03:01.660407+00:00,USD,Monthly Bill Payment
TXN-NORM-004023,USER_0006,HEALTHCARE_CLINIC_CITY,322.30,2026-09-07T01:49:43.659974+00:00,USD,Monthly Bill Payment
TXN-NORM-004024,USER_0178,MUNICIPAL_TAX_BOARD,187.71,2026-09-29T05:14:49.454819+00:00,USD,Monthly Bill Payment
TXN-NORM-004025,USER_0604,USER_0605,179.84,2026-09-26T22:46:09.467668+00:00,USD,Personal Transfer
TXN-NORM-004026,USER_0640,SUBSCRIPTION_STREAM_NOW,326.55,2026-09-17T01:49:57.382163+00:00,USD,Monthly Bill Payment
TXN-NORM-004027,USER_0483,SUBSCRIPTION_STREAM_NOW,63.69,2026-09-22T06:29:53.808779+00:00,USD,Monthly Bill Payment
TXN-NORM-004028,USER_1280,UTILITY_CITY_WATER,99.10,2026-09-18T02:12:48.750177+00:00,USD,Monthly Bill Payment
TXN-NORM-004029,USER_1392,USER_1393,414.60,2026-09-03T20:38:31.490229+00:00,USD,Personal Transfer
TXN-NORM-004030,USER_1464,MUNICIPAL_TAX_BOARD,116.18,2026-09-19T14:08:44.173829+00:00,USD,Monthly Bill Payment
TXN-NORM-004031,USER_0955,USER_0956,319.15,2026-09-18T06:27:14.490494+00:00,USD,Personal Transfer
TXN-NORM-004032,USER_0912,MUNICIPAL_TAX_BOARD,50.15,2026-09-10T18:14:39.892303+00:00,USD,Monthly Bill Payment
TXN-NORM-004033,USER_1116,UTILITY_CITY_WATER,175.40,2026-09-21T11:11:16.474735+00:00,USD,Monthly Bill Payment
TXN-NORM-004034,USER_0136,UTILITY_METRO_POWER,206.29,2026-09-04T04:25:29.021305+00:00,USD,Monthly Bill Payment
TXN-NORM-004035,USER_0620,SUBSCRIPTION_STREAM_NOW,293.70,2026-09-29T18:50:27.614901+00:00,USD,Monthly Bill Payment
TXN-NORM-004036,USER_0431,UTILITY_CITY_WATER,195.67,2026-09-17T16:26:38.898432+00:00,USD,Monthly Bill Payment
TXN-NORM-004037,USER_0319,USER_0320,88.20,2026-09-21T08:19:31.038170+00:00,USD,Personal Transfer
TXN-NORM-004038,USER_1216,HEALTHCARE_CLINIC_CITY,280.56,2026-09-04T22:13:06.703069+00:00,USD,Monthly Bill Payment
TXN-NORM-004039,USER_1235,GROCERY_MARKET_CENTRAL,202.72,2026-09-25T12:57:32.133501+00:00,USD,Monthly Bill Payment
TXN-NORM-004040,USER_0317,USER_0318,333.00,2026-09-20T07:33:30.413836+00:00,USD,Personal Transfer
TXN-NORM-004041,USER_1562,GROCERY_MARKET_CENTRAL,183.75,2026-09-23T03:40:38.291445+00:00,USD,Monthly Bill Payment
TXN-NORM-004042,USER_0823,UTILITY_METRO_POWER,40.30,2026-09-23T00:29:50.375997+00:00,USD,Monthly Bill Payment
TXN-NORM-004043,USER_1201,MUNICIPAL_TAX_BOARD,71.79,2026-09-15T08:07:34.189717+00:00,USD,Monthly Bill Payment
TXN-NORM-004044,USER_1134,HEALTHCARE_CLINIC_CITY,191.20,2026-09-08T13:00:21.665734+00:00,USD,Monthly Bill Payment
TXN-NORM-004045,USER_0895,USER_0896,37.42,2026-09-19T07:07:47.564923+00:00,USD,Personal Transfer
TXN-NORM-004046,USER_1462,MUNICIPAL_TAX_BOARD,224.61,2026-09-13T21:35:58.345831+00:00,USD,Monthly Bill Payment
TXN-NORM-004047,USER_1063,USER_1064,186.84,2026-09-26T02:58:29.733615+00:00,USD,Personal Transfer
TXN-NORM-004048,USER_0914,UTILITY_METRO_POWER,273.93,2026-09-15T15:10:13.146404+00:00,USD,Monthly Bill Payment
TXN-NORM-004049,USER_1348,USER_1349,180.03,2026-09-08T05:44:11.297711+00:00,USD,Personal Transfer
TXN-NORM-004050,USER_0088,USER_0089,453.96,2026-09-23T18:07:22.389352+00:00,USD,Personal Transfer
TXN-NORM-004051,USER_0733,MUNICIPAL_TAX_BOARD,244.54,2026-09-04T23:44:02.525481+00:00,USD,Monthly Bill Payment
TXN-NORM-004052,USER_1514,UTILITY_METRO_POWER,126.13,2026-09-09T17:02:08.136435+00:00,USD,Monthly Bill Payment
TXN-NORM-004053,USER_1043,UTILITY_METRO_POWER,125.28,2026-09-04T17:48:14.830709+00:00,USD,Monthly Bill Payment
TXN-NORM-004054,USER_0990,USER_0991,88.91,2026-09-20T01:22:40.488421+00:00,USD,Personal Transfer
TXN-NORM-004055,USER_0465,USER_0466,209.29,2026-09-23T21:46:46.146214+00:00,USD,Personal Transfer
TXN-NORM-004056,USER_0910,GROCERY_MARKET_CENTRAL,198.49,2026-09-19T18:37:53.919263+00:00,USD,Monthly Bill Payment
TXN-NORM-004057,USER_0153,USER_0154,438.27,2026-09-18T14:33:44.524499+00:00,USD,Personal Transfer
TXN-NORM-004058,USER_1266,HEALTHCARE_CLINIC_CITY,341.39,2026-09-03T09:24:52.648279+00:00,USD,Monthly Bill Payment
TXN-NORM-004059,USER_1594,SUBSCRIPTION_STREAM_NOW,342.31,2026-09-12T01:49:16.807427+00:00,USD,Monthly Bill Payment
TXN-NORM-004060,USER_1177,USER_1178,389.49,2026-09-02T17:49:56.595701+00:00,USD,Personal Transfer
TXN-NORM-004061,USER_1487,USER_1488,224.52,2026-09-28T08:07:01.127355+00:00,USD,Personal Transfer
TXN-NORM-004062,USER_0276,HEALTHCARE_CLINIC_CITY,92.70,2026-09-15T18:11:04.328935+00:00,USD,Monthly Bill Payment
TXN-NORM-004063,USER_0244,HEALTHCARE_CLINIC_CITY,323.02,2026-09-28T13:34:26.069977+00:00,USD,Monthly Bill Payment
TXN-NORM-004064,USER_1232,USER_1233,65.66,2026-09-20T23:50:12.347008+00:00,USD,Personal Transfer
TXN-NORM-004065,USER_0806,USER_0807,33.31,2026-09-23T14:26:09.354571+00:00,USD,Personal Transfer
TXN-NORM-004066,USER_1157,USER_1158,357.03,2026-09-11T11:17:24.015757+00:00,USD,Personal Transfer
TXN-NORM-004067,USER_0624,UTILITY_CITY_WATER,122.53,2026-09-29T19:30:28.463582+00:00,USD,Monthly Bill Payment
TXN-NORM-004068,USER_0770,USER_0771,183.28,2026-09-22T09:04:07.476792+00:00,USD,Personal Transfer
TXN-NORM-004069,USER_1514,SUBSCRIPTION_STREAM_NOW,32.79,2026-09-09T04:56:06.361593+00:00,USD,Monthly Bill Payment
TXN-NORM-004070,USER_0956,USER_0957,243.41,2026-09-10T15:06:25.511608+00:00,USD,Personal Transfer
TXN-NORM-004071,USER_0522,HEALTHCARE_CLINIC_CITY,211.00,2026-09-22T12:05:11.800612+00:00,USD,Monthly Bill Payment
TXN-NORM-004072,USER_1116,HEALTHCARE_CLINIC_CITY,327.86,2026-09-04T15:48:44.015751+00:00,USD,Monthly Bill Payment
TXN-NORM-004073,USER_1249,UTILITY_METRO_POWER,333.20,2026-09-03T12:21:52.909747+00:00,USD,Monthly Bill Payment
TXN-NORM-004074,USER_0340,MUNICIPAL_TAX_BOARD,48.34,2026-09-20T18:53:06.599573+00:00,USD,Monthly Bill Payment
TXN-NORM-004075,USER_0588,USER_0589,147.63,2026-09-04T21:29:40.685866+00:00,USD,Personal Transfer
TXN-NORM-004076,USER_0983,MUNICIPAL_TAX_BOARD,91.10,2026-09-26T21:46:53.710614+00:00,USD,Monthly Bill Payment
TXN-NORM-004077,USER_0998,USER_0999,408.03,2026-09-09T22:43:42.884072+00:00,USD,Personal Transfer
TXN-NORM-004078,USER_0257,GROCERY_MARKET_CENTRAL,328.63,2026-09-10T01:51:25.033360+00:00,USD,Monthly Bill Payment
TXN-NORM-004079,USER_0311,HEALTHCARE_CLINIC_CITY,34.61,2026-09-26T00:22:43.992276+00:00,USD,Monthly Bill Payment
TXN-NORM-004080,USER_1487,MUNICIPAL_TAX_BOARD,314.47,2026-09-12T15:57:29.993588+00:00,USD,Monthly Bill Payment
TXN-NORM-004081,USER_0852,SUBSCRIPTION_STREAM_NOW,166.54,2026-09-15T01:38:05.482930+00:00,USD,Monthly Bill Payment
TXN-NORM-004082,USER_0160,UTILITY_CITY_WATER,115.31,2026-09-30T02:12:48.890362+00:00,USD,Monthly Bill Payment
TXN-NORM-004083,USER_0066,HEALTHCARE_CLINIC_CITY,252.16,2026-09-25T14:02:36.863007+00:00,USD,Monthly Bill Payment
TXN-NORM-004084,USER_0451,UTILITY_CITY_WATER,260.69,2026-09-18T04:26:52.759584+00:00,USD,Monthly Bill Payment
TXN-NORM-004085,USER_0868,MUNICIPAL_TAX_BOARD,265.62,2026-09-27T05:26:57.936395+00:00,USD,Monthly Bill Payment
TXN-NORM-004086,USER_0193,UTILITY_CITY_WATER,231.59,2026-09-14T10:37:11.498647+00:00,USD,Monthly Bill Payment
TXN-NORM-004087,USER_0566,USER_0567,314.14,2026-09-05T10:58:04.649440+00:00,USD,Personal Transfer
TXN-NORM-004088,USER_0433,TELECOM_APEX_MOBILE,301.73,2026-09-25T18:37:56.534379+00:00,USD,Monthly Bill Payment
TXN-NORM-004089,USER_0739,UTILITY_METRO_POWER,60.76,2026-09-10T19:56:51.457120+00:00,USD,Monthly Bill Payment
TXN-NORM-004090,USER_0786,UTILITY_METRO_POWER,209.47,2026-09-23T04:53:35.947387+00:00,USD,Monthly Bill Payment
TXN-NORM-004091,USER_1603,USER_1604,311.99,2026-09-22T18:32:56.125305+00:00,USD,Personal Transfer
TXN-NORM-004092,USER_0686,HEALTHCARE_CLINIC_CITY,167.57,2026-09-23T02:25:44.443800+00:00,USD,Monthly Bill Payment
TXN-NORM-004093,USER_0539,USER_0540,119.92,2026-09-10T02:22:46.888699+00:00,USD,Personal Transfer
TXN-NORM-004094,USER_1624,USER_1625,375.33,2026-09-17T00:14:17.792673+00:00,USD,Personal Transfer
TXN-NORM-004095,USER_0686,GROCERY_MARKET_CENTRAL,339.78,2026-09-22T08:09:31.762368+00:00,USD,Monthly Bill Payment
TXN-NORM-004096,USER_1597,UTILITY_CITY_WATER,83.68,2026-09-21T07:28:06.546295+00:00,USD,Monthly Bill Payment
TXN-NORM-004097,USER_1098,UTILITY_CITY_WATER,335.93,2026-09-02T09:43:53.076303+00:00,USD,Monthly Bill Payment
TXN-NORM-004098,USER_0136,HEALTHCARE_CLINIC_CITY,251.12,2026-09-12T08:01:27.535579+00:00,USD,Monthly Bill Payment
TXN-NORM-004099,USER_0766,USER_0767,188.44,2026-09-10T03:20:53.569021+00:00,USD,Personal Transfer
TXN-NORM-004100,USER_0235,MUNICIPAL_TAX_BOARD,176.63,2026-09-24T03:21:16.834219+00:00,USD,Monthly Bill Payment
TXN-NORM-004101,USER_0649,UTILITY_METRO_POWER,214.53,2026-09-05T11:26:06.583684+00:00,USD,Monthly Bill Payment
TXN-NORM-004102,USER_0585,UTILITY_METRO_POWER,192.00,2026-09-16T02:40:06.049195+00:00,USD,Monthly Bill Payment
TXN-NORM-004103,USER_0107,USER_0108,63.45,2026-09-24T05:04:13.162830+00:00,USD,Personal Transfer
TXN-NORM-004104,USER_1427,UTILITY_CITY_WATER,214.25,2026-09-28T17:54:00.798509+00:00,USD,Monthly Bill Payment
TXN-NORM-004105,USER_0665,SUBSCRIPTION_STREAM_NOW,198.83,2026-09-03T20:19:20.583845+00:00,USD,Monthly Bill Payment
TXN-NORM-004106,USER_0350,GROCERY_MARKET_CENTRAL,203.26,2026-09-28T02:52:54.808661+00:00,USD,Monthly Bill Payment
TXN-NORM-004107,USER_1124,MUNICIPAL_TAX_BOARD,129.03,2026-09-03T12:25:28.321678+00:00,USD,Monthly Bill Payment
TXN-NORM-004108,USER_0617,HEALTHCARE_CLINIC_CITY,203.07,2026-09-23T00:23:22.636559+00:00,USD,Monthly Bill Payment
TXN-NORM-004109,USER_0005,GROCERY_MARKET_CENTRAL,259.48,2026-09-13T22:06:50.718405+00:00,USD,Monthly Bill Payment
TXN-NORM-004110,USER_0763,USER_0764,211.06,2026-09-06T23:23:46.465907+00:00,USD,Personal Transfer
TXN-NORM-004111,USER_0109,TELECOM_APEX_MOBILE,342.46,2026-09-03T19:37:44.270007+00:00,USD,Monthly Bill Payment
TXN-NORM-004112,USER_1416,USER_1417,173.32,2026-09-27T03:25:17.784463+00:00,USD,Personal Transfer
TXN-NORM-004113,USER_0283,GROCERY_MARKET_CENTRAL,74.86,2026-09-22T12:48:24.971194+00:00,USD,Monthly Bill Payment
TXN-NORM-004114,USER_0827,TELECOM_APEX_MOBILE,128.92,2026-09-03T04:01:10.853254+00:00,USD,Monthly Bill Payment
TXN-NORM-004115,USER_1206,UTILITY_CITY_WATER,91.89,2026-09-02T18:38:05.576668+00:00,USD,Monthly Bill Payment
TXN-NORM-004116,USER_1516,UTILITY_METRO_POWER,35.24,2026-09-05T11:52:39.319816+00:00,USD,Monthly Bill Payment
TXN-NORM-004117,USER_0655,HEALTHCARE_CLINIC_CITY,82.23,2026-09-29T03:59:36.549613+00:00,USD,Monthly Bill Payment
TXN-NORM-004118,USER_0763,HEALTHCARE_CLINIC_CITY,224.53,2026-09-20T03:41:53.064753+00:00,USD,Monthly Bill Payment
TXN-NORM-004119,USER_0095,USER_0096,274.08,2026-09-05T03:54:54.778889+00:00,USD,Personal Transfer
TXN-NORM-004120,USER_0429,UTILITY_CITY_WATER,143.18,2026-09-04T20:43:55.861890+00:00,USD,Monthly Bill Payment
TXN-NORM-004121,USER_1059,UTILITY_CITY_WATER,263.20,2026-09-29T02:59:31.389550+00:00,USD,Monthly Bill Payment
TXN-NORM-004122,USER_0521,UTILITY_CITY_WATER,95.39,2026-09-26T02:33:04.889294+00:00,USD,Monthly Bill Payment
TXN-NORM-004123,USER_0381,SUBSCRIPTION_STREAM_NOW,164.16,2026-09-10T10:51:33.595732+00:00,USD,Monthly Bill Payment
TXN-NORM-004124,USER_0011,UTILITY_CITY_WATER,111.98,2026-09-18T13:39:42.941062+00:00,USD,Monthly Bill Payment
TXN-NORM-004125,USER_1527,SUBSCRIPTION_STREAM_NOW,268.87,2026-09-24T19:11:11.697048+00:00,USD,Monthly Bill Payment
TXN-NORM-004126,USER_1304,USER_1305,336.01,2026-09-19T11:15:06.787636+00:00,USD,Personal Transfer
TXN-NORM-004127,USER_1127,UTILITY_CITY_WATER,140.77,2026-09-12T10:41:22.793894+00:00,USD,Monthly Bill Payment
TXN-NORM-004128,USER_1586,TELECOM_APEX_MOBILE,289.57,2026-09-21T10:44:27.925829+00:00,USD,Monthly Bill Payment
TXN-NORM-004129,USER_1153,USER_1154,194.32,2026-09-09T16:41:31.493119+00:00,USD,Personal Transfer
TXN-NORM-004130,USER_0505,USER_0506,160.57,2026-09-16T12:55:47.898875+00:00,USD,Personal Transfer
TXN-NORM-004131,USER_0546,SUBSCRIPTION_STREAM_NOW,300.92,2026-09-29T17:18:28.059302+00:00,USD,Monthly Bill Payment
TXN-NORM-004132,USER_1430,TELECOM_APEX_MOBILE,325.24,2026-09-10T09:25:31.650668+00:00,USD,Monthly Bill Payment
TXN-NORM-004133,USER_0807,UTILITY_CITY_WATER,207.39,2026-09-10T21:32:09.535980+00:00,USD,Monthly Bill Payment
TXN-NORM-004134,USER_1432,USER_1433,322.39,2026-09-27T18:12:17.894224+00:00,USD,Personal Transfer
TXN-NORM-004135,USER_1569,TELECOM_APEX_MOBILE,90.83,2026-09-26T19:18:23.156172+00:00,USD,Monthly Bill Payment
TXN-NORM-004136,USER_1449,USER_1450,65.08,2026-09-12T17:41:37.441807+00:00,USD,Personal Transfer
TXN-NORM-004137,USER_0973,HEALTHCARE_CLINIC_CITY,228.22,2026-09-20T03:46:57.191056+00:00,USD,Monthly Bill Payment
TXN-NORM-004138,USER_0460,MUNICIPAL_TAX_BOARD,131.77,2026-09-08T01:07:29.993998+00:00,USD,Monthly Bill Payment
TXN-NORM-004139,USER_1535,GROCERY_MARKET_CENTRAL,57.91,2026-09-20T09:37:56.188057+00:00,USD,Monthly Bill Payment
TXN-NORM-004140,USER_1497,HEALTHCARE_CLINIC_CITY,101.82,2026-09-10T15:14:30.371289+00:00,USD,Monthly Bill Payment
TXN-NORM-004141,USER_1247,USER_1248,61.65,2026-09-23T00:00:14.946742+00:00,USD,Personal Transfer
TXN-NORM-004142,USER_0460,USER_0461,450.01,2026-09-15T19:40:44.340750+00:00,USD,Personal Transfer
TXN-NORM-004143,USER_1056,USER_1057,133.75,2026-09-21T04:32:47.067939+00:00,USD,Personal Transfer
TXN-NORM-004144,USER_1019,USER_1020,243.69,2026-09-15T10:49:46.395860+00:00,USD,Personal Transfer
TXN-NORM-004145,USER_0341,USER_0342,275.11,2026-09-23T10:27:45.747472+00:00,USD,Personal Transfer
TXN-NORM-004146,USER_0868,USER_0869,449.68,2026-09-28T12:04:48.308586+00:00,USD,Personal Transfer
TXN-NORM-004147,USER_0792,USER_0793,489.92,2026-09-17T20:46:37.765026+00:00,USD,Personal Transfer
TXN-NORM-004148,USER_0585,GROCERY_MARKET_CENTRAL,168.66,2026-09-07T14:46:56.960770+00:00,USD,Monthly Bill Payment
TXN-NORM-004149,USER_0377,MUNICIPAL_TAX_BOARD,347.24,2026-09-09T16:18:46.146763+00:00,USD,Monthly Bill Payment
TXN-NORM-004150,USER_1297,GROCERY_MARKET_CENTRAL,156.77,2026-09-25T14:52:11.400311+00:00,USD,Monthly Bill Payment
TXN-NORM-004151,USER_0392,UTILITY_CITY_WATER,153.51,2026-09-14T22:25:20.467817+00:00,USD,Monthly Bill Payment
TXN-NORM-004152,USER_1173,UTILITY_METRO_POWER,83.99,2026-09-25T10:54:12.180610+00:00,USD,Monthly Bill Payment
TXN-NORM-004153,USER_0848,USER_0849,238.18,2026-09-12T19:38:09.801438+00:00,USD,Personal Transfer
TXN-NORM-004154,USER_1271,HEALTHCARE_CLINIC_CITY,313.93,2026-09-29T08:27:08.663535+00:00,USD,Monthly Bill Payment
TXN-NORM-004155,USER_0460,UTILITY_METRO_POWER,335.68,2026-09-08T00:11:47.049814+00:00,USD,Monthly Bill Payment
TXN-NORM-004156,USER_0221,SUBSCRIPTION_STREAM_NOW,277.22,2026-09-23T15:19:53.797116+00:00,USD,Monthly Bill Payment
TXN-NORM-004157,USER_0506,GROCERY_MARKET_CENTRAL,51.42,2026-09-09T09:24:14.244572+00:00,USD,Monthly Bill Payment
TXN-NORM-004158,USER_0464,HEALTHCARE_CLINIC_CITY,161.26,2026-09-29T02:47:35.735183+00:00,USD,Monthly Bill Payment
TXN-NORM-004159,USER_0988,USER_0989,400.36,2026-09-07T19:18:50.449855+00:00,USD,Personal Transfer
TXN-NORM-004160,USER_0577,HEALTHCARE_CLINIC_CITY,45.17,2026-09-17T18:42:13.205178+00:00,USD,Monthly Bill Payment
TXN-NORM-004161,USER_0146,USER_0147,50.85,2026-09-15T17:57:49.799501+00:00,USD,Personal Transfer
TXN-NORM-004162,USER_0515,USER_0516,488.03,2026-09-04T18:25:40.600322+00:00,USD,Personal Transfer
TXN-NORM-004163,USER_1185,USER_1186,27.08,2026-09-18T07:29:29.413151+00:00,USD,Personal Transfer
TXN-NORM-004164,USER_0639,USER_0640,271.87,2026-09-27T12:23:25.822954+00:00,USD,Personal Transfer
TXN-NORM-004165,USER_0855,USER_0856,278.98,2026-09-28T02:18:07.830963+00:00,USD,Personal Transfer
TXN-NORM-004166,USER_0068,USER_0069,156.61,2026-09-03T19:05:52.982662+00:00,USD,Personal Transfer
TXN-NORM-004167,USER_0250,USER_0251,449.23,2026-09-23T13:19:48.074703+00:00,USD,Personal Transfer
TXN-NORM-004168,USER_0675,UTILITY_CITY_WATER,128.76,2026-09-09T04:18:17.086366+00:00,USD,Monthly Bill Payment
TXN-NORM-004169,USER_0153,GROCERY_MARKET_CENTRAL,330.24,2026-09-21T06:31:44.453712+00:00,USD,Monthly Bill Payment
TXN-NORM-004170,USER_1212,UTILITY_METRO_POWER,130.28,2026-09-27T22:00:17.124251+00:00,USD,Monthly Bill Payment
TXN-NORM-004171,USER_0985,SUBSCRIPTION_STREAM_NOW,62.70,2026-09-21T10:13:08.187891+00:00,USD,Monthly Bill Payment
TXN-NORM-004172,USER_0277,USER_0278,426.08,2026-09-04T20:50:38.904797+00:00,USD,Personal Transfer
TXN-NORM-004173,USER_0034,USER_0035,435.70,2026-09-10T19:17:36.758798+00:00,USD,Personal Transfer
TXN-NORM-004174,USER_0331,USER_0332,59.63,2026-09-16T08:23:50.034329+00:00,USD,Personal Transfer
TXN-NORM-004175,USER_0272,USER_0273,81.31,2026-09-14T22:19:54.772533+00:00,USD,Personal Transfer
TXN-NORM-004176,USER_0993,USER_0994,246.07,2026-09-04T02:07:31.880736+00:00,USD,Personal Transfer
TXN-NORM-004177,USER_1045,MUNICIPAL_TAX_BOARD,48.32,2026-09-12T21:25:33.305137+00:00,USD,Monthly Bill Payment
TXN-NORM-004178,USER_1135,USER_1136,313.11,2026-09-04T14:04:40.153836+00:00,USD,Personal Transfer
TXN-NORM-004179,USER_0228,USER_0229,136.01,2026-09-12T16:18:43.707301+00:00,USD,Personal Transfer
TXN-NORM-004180,USER_0311,HEALTHCARE_CLINIC_CITY,102.18,2026-09-09T16:36:19.938570+00:00,USD,Monthly Bill Payment
TXN-NORM-004181,USER_0688,UTILITY_CITY_WATER,151.27,2026-09-03T17:31:00.775916+00:00,USD,Monthly Bill Payment
TXN-NORM-004182,USER_0833,TELECOM_APEX_MOBILE,82.04,2026-09-24T20:43:14.426342+00:00,USD,Monthly Bill Payment
TXN-NORM-004183,USER_1344,UTILITY_CITY_WATER,230.72,2026-09-10T12:14:24.452486+00:00,USD,Monthly Bill Payment
TXN-NORM-004184,USER_0580,MUNICIPAL_TAX_BOARD,219.09,2026-09-24T21:32:22.722038+00:00,USD,Monthly Bill Payment
TXN-NORM-004185,USER_1257,SUBSCRIPTION_STREAM_NOW,221.47,2026-09-16T20:51:59.900117+00:00,USD,Monthly Bill Payment
TXN-NORM-004186,USER_1038,UTILITY_METRO_POWER,145.00,2026-09-28T12:19:39.733166+00:00,USD,Monthly Bill Payment
TXN-NORM-004187,USER_1211,USER_1212,233.94,2026-09-21T17:04:34.841847+00:00,USD,Personal Transfer
TXN-NORM-004188,USER_1359,USER_1360,259.86,2026-09-08T00:37:55.984462+00:00,USD,Personal Transfer
TXN-NORM-004189,USER_0299,USER_0300,90.69,2026-09-06T23:14:40.870775+00:00,USD,Personal Transfer
TXN-NORM-004190,USER_0828,UTILITY_METRO_POWER,109.17,2026-09-20T11:18:24.363578+00:00,USD,Monthly Bill Payment
TXN-NORM-004191,USER_0017,GROCERY_MARKET_CENTRAL,349.65,2026-09-20T07:52:13.243679+00:00,USD,Monthly Bill Payment
TXN-NORM-004192,USER_0563,HEALTHCARE_CLINIC_CITY,335.61,2026-09-08T10:54:26.900381+00:00,USD,Monthly Bill Payment
TXN-NORM-004193,USER_0863,USER_0864,406.89,2026-09-09T14:45:57.573522+00:00,USD,Personal Transfer
TXN-NORM-004194,USER_0011,MUNICIPAL_TAX_BOARD,219.84,2026-09-20T02:09:10.586443+00:00,USD,Monthly Bill Payment
TXN-NORM-004195,USER_1377,UTILITY_CITY_WATER,199.30,2026-09-28T23:45:54.481261+00:00,USD,Monthly Bill Payment
TXN-NORM-004196,USER_0016,TELECOM_APEX_MOBILE,307.81,2026-09-06T13:20:40.635599+00:00,USD,Monthly Bill Payment
TXN-NORM-004197,USER_1351,UTILITY_CITY_WATER,205.72,2026-09-08T07:10:06.463077+00:00,USD,Monthly Bill Payment
TXN-NORM-004198,USER_0582,UTILITY_CITY_WATER,195.95,2026-09-09T22:16:35.892855+00:00,USD,Monthly Bill Payment
TXN-NORM-004199,USER_0734,USER_0735,15.63,2026-09-18T14:12:14.194052+00:00,USD,Personal Transfer
TXN-NORM-004200,USER_0189,MUNICIPAL_TAX_BOARD,285.82,2026-09-23T00:56:36.187210+00:00,USD,Monthly Bill Payment
TXN-NORM-004201,USER_0468,UTILITY_CITY_WATER,137.78,2026-09-23T16:50:48.071841+00:00,USD,Monthly Bill Payment
TXN-NORM-004202,USER_0061,USER_0062,169.56,2026-09-28T12:50:09.052279+00:00,USD,Personal Transfer
TXN-NORM-004203,USER_1597,USER_1598,326.92,2026-09-27T20:22:05.347443+00:00,USD,Personal Transfer
TXN-NORM-004204,USER_1213,UTILITY_METRO_POWER,232.86,2026-09-25T07:32:59.662608+00:00,USD,Monthly Bill Payment
TXN-NORM-004205,USER_1362,GROCERY_MARKET_CENTRAL,175.92,2026-09-15T10:43:07.978101+00:00,USD,Monthly Bill Payment
TXN-NORM-004206,USER_0493,UTILITY_METRO_POWER,32.71,2026-09-27T14:46:27.436460+00:00,USD,Monthly Bill Payment
TXN-NORM-004207,USER_0615,TELECOM_APEX_MOBILE,50.09,2026-09-10T04:17:34.350522+00:00,USD,Monthly Bill Payment
TXN-NORM-004208,USER_0682,USER_0683,333.06,2026-09-05T09:55:07.571792+00:00,USD,Personal Transfer
TXN-NORM-004209,USER_0590,HEALTHCARE_CLINIC_CITY,312.23,2026-09-13T18:13:46.473173+00:00,USD,Monthly Bill Payment
TXN-NORM-004210,USER_0264,SUBSCRIPTION_STREAM_NOW,97.15,2026-09-06T21:47:17.840691+00:00,USD,Monthly Bill Payment
TXN-NORM-004211,USER_0706,UTILITY_CITY_WATER,176.01,2026-09-27T05:16:42.628414+00:00,USD,Monthly Bill Payment
TXN-NORM-004212,USER_1199,USER_1200,414.60,2026-09-20T11:40:52.758489+00:00,USD,Personal Transfer
TXN-NORM-004213,USER_1271,USER_1272,460.09,2026-09-22T03:38:28.728221+00:00,USD,Personal Transfer
TXN-NORM-004214,USER_0491,USER_0492,409.95,2026-09-12T23:14:44.276985+00:00,USD,Personal Transfer
TXN-NORM-004215,USER_1132,TELECOM_APEX_MOBILE,217.52,2026-09-11T23:53:51.199010+00:00,USD,Monthly Bill Payment
TXN-NORM-004216,USER_0627,USER_0628,294.32,2026-09-02T15:32:54.327027+00:00,USD,Personal Transfer
TXN-NORM-004217,USER_1509,HEALTHCARE_CLINIC_CITY,40.87,2026-09-13T23:37:50.182389+00:00,USD,Monthly Bill Payment
TXN-NORM-004218,USER_0611,SUBSCRIPTION_STREAM_NOW,46.67,2026-09-06T13:00:00.932252+00:00,USD,Monthly Bill Payment
TXN-NORM-004219,USER_0100,SUBSCRIPTION_STREAM_NOW,270.75,2026-09-13T18:07:07.889523+00:00,USD,Monthly Bill Payment
TXN-NORM-004220,USER_0761,UTILITY_CITY_WATER,169.35,2026-09-03T10:40:51.610532+00:00,USD,Monthly Bill Payment
TXN-NORM-004221,USER_0191,USER_0192,300.06,2026-09-13T11:46:48.051510+00:00,USD,Personal Transfer
TXN-NORM-004222,USER_1131,TELECOM_APEX_MOBILE,88.20,2026-09-11T17:27:31.901560+00:00,USD,Monthly Bill Payment
TXN-NORM-004223,USER_1481,TELECOM_APEX_MOBILE,122.92,2026-09-19T08:41:14.990763+00:00,USD,Monthly Bill Payment
TXN-NORM-004224,USER_1585,USER_1586,404.31,2026-09-25T22:22:33.283035+00:00,USD,Personal Transfer
TXN-NORM-004225,USER_0019,UTILITY_CITY_WATER,317.81,2026-09-20T21:22:20.379442+00:00,USD,Monthly Bill Payment
TXN-NORM-004226,USER_0357,UTILITY_METRO_POWER,172.67,2026-09-16T01:42:30.770073+00:00,USD,Monthly Bill Payment
TXN-NORM-004227,USER_0259,GROCERY_MARKET_CENTRAL,154.45,2026-09-22T05:51:35.831116+00:00,USD,Monthly Bill Payment
TXN-NORM-004228,USER_0222,GROCERY_MARKET_CENTRAL,335.92,2026-09-11T18:02:57.432545+00:00,USD,Monthly Bill Payment
TXN-NORM-004229,USER_0059,UTILITY_CITY_WATER,115.20,2026-09-25T11:54:39.305877+00:00,USD,Monthly Bill Payment
TXN-NORM-004230,USER_0756,HEALTHCARE_CLINIC_CITY,71.93,2026-09-08T15:46:33.950800+00:00,USD,Monthly Bill Payment
TXN-NORM-004231,USER_1628,UTILITY_CITY_WATER,300.71,2026-09-18T22:11:54.753663+00:00,USD,Monthly Bill Payment
TXN-NORM-004232,USER_0660,SUBSCRIPTION_STREAM_NOW,98.57,2026-09-27T15:04:06.545291+00:00,USD,Monthly Bill Payment
TXN-NORM-004233,USER_0573,UTILITY_CITY_WATER,319.07,2026-09-25T09:20:19.539729+00:00,USD,Monthly Bill Payment
TXN-NORM-004234,USER_1414,SUBSCRIPTION_STREAM_NOW,121.03,2026-09-04T11:11:47.321294+00:00,USD,Monthly Bill Payment
TXN-NORM-004235,USER_0322,UTILITY_METRO_POWER,157.36,2026-09-24T20:57:45.276554+00:00,USD,Monthly Bill Payment
TXN-NORM-004236,USER_1110,USER_1111,346.98,2026-09-06T19:10:27.659403+00:00,USD,Personal Transfer
TXN-NORM-004237,USER_1210,GROCERY_MARKET_CENTRAL,346.92,2026-09-13T07:50:17.124462+00:00,USD,Monthly Bill Payment
TXN-NORM-004238,USER_0011,UTILITY_METRO_POWER,340.63,2026-09-29T17:33:40.248620+00:00,USD,Monthly Bill Payment
TXN-NORM-004239,USER_0249,USER_0250,272.84,2026-09-18T03:20:58.702047+00:00,USD,Personal Transfer
TXN-NORM-004240,USER_0734,HEALTHCARE_CLINIC_CITY,215.14,2026-09-06T11:45:33.938972+00:00,USD,Monthly Bill Payment
TXN-NORM-004241,USER_0218,MUNICIPAL_TAX_BOARD,98.35,2026-09-19T22:19:38.634420+00:00,USD,Monthly Bill Payment
TXN-NORM-004242,USER_1238,HEALTHCARE_CLINIC_CITY,32.05,2026-09-18T13:41:21.854948+00:00,USD,Monthly Bill Payment
TXN-NORM-004243,USER_1452,UTILITY_CITY_WATER,84.87,2026-09-11T09:31:47.082756+00:00,USD,Monthly Bill Payment
TXN-NORM-004244,USER_0698,SUBSCRIPTION_STREAM_NOW,45.80,2026-09-22T02:52:01.362355+00:00,USD,Monthly Bill Payment
TXN-NORM-004245,USER_1516,HEALTHCARE_CLINIC_CITY,171.09,2026-09-29T03:47:47.270600+00:00,USD,Monthly Bill Payment
TXN-NORM-004246,USER_1274,USER_1275,400.05,2026-09-05T17:12:09.761780+00:00,USD,Personal Transfer
TXN-NORM-004247,USER_0705,USER_0706,128.65,2026-09-29T04:39:39.973779+00:00,USD,Personal Transfer
TXN-NORM-004248,USER_0789,USER_0790,175.78,2026-09-14T21:33:25.118621+00:00,USD,Personal Transfer
TXN-NORM-004249,USER_0594,UTILITY_METRO_POWER,279.27,2026-09-10T01:40:16.291465+00:00,USD,Monthly Bill Payment
TXN-NORM-004250,USER_0243,HEALTHCARE_CLINIC_CITY,224.64,2026-09-28T13:21:33.182650+00:00,USD,Monthly Bill Payment
TXN-NORM-004251,USER_0214,USER_0215,485.06,2026-09-21T01:32:08.067665+00:00,USD,Personal Transfer
TXN-NORM-004252,USER_1458,SUBSCRIPTION_STREAM_NOW,235.63,2026-09-03T14:12:48.799176+00:00,USD,Monthly Bill Payment
TXN-NORM-004253,USER_1556,UTILITY_METRO_POWER,291.94,2026-09-05T10:41:52.102644+00:00,USD,Monthly Bill Payment
TXN-NORM-004254,USER_1328,UTILITY_METRO_POWER,284.07,2026-09-17T13:39:56.913213+00:00,USD,Monthly Bill Payment
TXN-NORM-004255,USER_1280,UTILITY_METRO_POWER,152.01,2026-09-05T12:32:03.425249+00:00,USD,Monthly Bill Payment
TXN-NORM-004256,USER_1283,HEALTHCARE_CLINIC_CITY,293.42,2026-09-27T14:45:39.116388+00:00,USD,Monthly Bill Payment
TXN-NORM-004257,USER_1296,UTILITY_CITY_WATER,247.29,2026-09-11T06:03:59.888813+00:00,USD,Monthly Bill Payment
TXN-NORM-004258,USER_0253,UTILITY_CITY_WATER,148.03,2026-09-18T04:33:02.686536+00:00,USD,Monthly Bill Payment
TXN-NORM-004259,USER_1303,UTILITY_CITY_WATER,321.27,2026-09-10T03:19:25.472924+00:00,USD,Monthly Bill Payment
TXN-NORM-004260,USER_0172,UTILITY_METRO_POWER,38.01,2026-09-25T16:56:59.115974+00:00,USD,Monthly Bill Payment
TXN-NORM-004261,USER_1529,GROCERY_MARKET_CENTRAL,199.81,2026-09-25T04:53:14.101326+00:00,USD,Monthly Bill Payment
TXN-NORM-004262,USER_1428,UTILITY_CITY_WATER,109.39,2026-09-08T14:31:24.453773+00:00,USD,Monthly Bill Payment
TXN-NORM-004263,USER_0706,MUNICIPAL_TAX_BOARD,92.82,2026-09-19T17:13:00.333810+00:00,USD,Monthly Bill Payment
TXN-NORM-004264,USER_0981,USER_0982,253.08,2026-09-16T23:59:07.859215+00:00,USD,Personal Transfer
TXN-NORM-004265,USER_1135,MUNICIPAL_TAX_BOARD,48.26,2026-09-21T08:05:39.640530+00:00,USD,Monthly Bill Payment
TXN-NORM-004266,USER_0699,USER_0700,60.71,2026-09-27T13:01:48.089713+00:00,USD,Personal Transfer
TXN-NORM-004267,USER_1596,TELECOM_APEX_MOBILE,78.19,2026-09-26T13:20:11.292466+00:00,USD,Monthly Bill Payment
TXN-NORM-004268,USER_0877,GROCERY_MARKET_CENTRAL,309.97,2026-09-07T11:30:56.790980+00:00,USD,Monthly Bill Payment
TXN-NORM-004269,USER_0756,TELECOM_APEX_MOBILE,331.50,2026-09-05T23:26:25.718701+00:00,USD,Monthly Bill Payment
TXN-NORM-004270,USER_0452,USER_0453,192.23,2026-09-27T18:20:34.500124+00:00,USD,Personal Transfer
TXN-NORM-004271,USER_0804,TELECOM_APEX_MOBILE,196.90,2026-09-23T07:57:04.713979+00:00,USD,Monthly Bill Payment
TXN-NORM-004272,USER_1048,GROCERY_MARKET_CENTRAL,285.71,2026-09-13T19:50:22.258230+00:00,USD,Monthly Bill Payment
TXN-NORM-004273,USER_0590,USER_0591,212.30,2026-09-24T21:47:36.005438+00:00,USD,Personal Transfer
TXN-NORM-004274,USER_0283,SUBSCRIPTION_STREAM_NOW,131.27,2026-09-28T15:51:39.872280+00:00,USD,Monthly Bill Payment
TXN-NORM-004275,USER_1094,USER_1095,341.00,2026-09-25T21:17:04.236673+00:00,USD,Personal Transfer
TXN-NORM-004276,USER_0864,USER_0865,253.71,2026-09-23T05:48:52.485818+00:00,USD,Personal Transfer
TXN-NORM-004277,USER_1224,USER_1225,228.81,2026-09-22T09:20:59.358920+00:00,USD,Personal Transfer
TXN-NORM-004278,USER_1593,UTILITY_CITY_WATER,48.71,2026-09-21T04:52:07.205965+00:00,USD,Monthly Bill Payment
TXN-NORM-004279,USER_1179,UTILITY_METRO_POWER,85.47,2026-09-14T10:01:22.585067+00:00,USD,Monthly Bill Payment
TXN-NORM-004280,USER_1613,GROCERY_MARKET_CENTRAL,249.11,2026-09-27T05:55:20.858438+00:00,USD,Monthly Bill Payment
TXN-NORM-004281,USER_1433,USER_1434,182.27,2026-09-21T15:26:16.659191+00:00,USD,Personal Transfer
TXN-NORM-004282,USER_1010,USER_1011,71.37,2026-09-14T20:14:14.578817+00:00,USD,Personal Transfer
TXN-NORM-004283,USER_1065,UTILITY_CITY_WATER,99.81,2026-09-20T14:17:55.639825+00:00,USD,Monthly Bill Payment
TXN-NORM-004284,USER_1252,HEALTHCARE_CLINIC_CITY,298.28,2026-09-04T22:39:45.854364+00:00,USD,Monthly Bill Payment
TXN-NORM-004285,USER_0295,USER_0296,42.21,2026-09-07T07:24:41.677227+00:00,USD,Personal Transfer
TXN-NORM-004286,USER_1163,USER_1164,462.43,2026-09-09T08:45:31.163000+00:00,USD,Personal Transfer
TXN-NORM-004287,USER_1000,UTILITY_CITY_WATER,157.27,2026-09-22T02:31:12.410875+00:00,USD,Monthly Bill Payment
TXN-NORM-004288,USER_0450,USER_0451,17.11,2026-09-25T22:53:27.967306+00:00,USD,Personal Transfer
TXN-NORM-004289,USER_0138,USER_0139,413.53,2026-09-26T12:51:41.484355+00:00,USD,Personal Transfer
TXN-NORM-004290,USER_0101,USER_0102,460.28,2026-09-22T05:04:23.031343+00:00,USD,Personal Transfer
TXN-NORM-004291,USER_0260,GROCERY_MARKET_CENTRAL,94.07,2026-09-09T01:06:38.484525+00:00,USD,Monthly Bill Payment
TXN-NORM-004292,USER_0925,USER_0926,277.02,2026-09-12T14:16:05.226249+00:00,USD,Personal Transfer
TXN-NORM-004293,USER_0831,UTILITY_CITY_WATER,148.89,2026-09-22T11:40:53.883965+00:00,USD,Monthly Bill Payment
TXN-NORM-004294,USER_0688,SUBSCRIPTION_STREAM_NOW,309.93,2026-09-09T04:53:20.714859+00:00,USD,Monthly Bill Payment
TXN-NORM-004295,USER_1228,SUBSCRIPTION_STREAM_NOW,115.98,2026-09-17T21:52:36.812412+00:00,USD,Monthly Bill Payment
TXN-NORM-004296,USER_1465,USER_1466,141.85,2026-09-05T03:42:00.051472+00:00,USD,Personal Transfer
TXN-NORM-004297,USER_0757,USER_0758,39.21,2026-09-04T14:26:44.334213+00:00,USD,Personal Transfer
TXN-NORM-004298,USER_1338,USER_1339,450.98,2026-09-26T05:08:43.264084+00:00,USD,Personal Transfer
TXN-NORM-004299,USER_0598,UTILITY_METRO_POWER,95.44,2026-09-15T01:09:22.307126+00:00,USD,Monthly Bill Payment
TXN-NORM-004300,USER_1073,USER_1074,138.81,2026-09-17T21:06:38.909450+00:00,USD,Personal Transfer
TXN-NORM-004301,USER_0140,TELECOM_APEX_MOBILE,156.84,2026-09-03T17:36:14.767863+00:00,USD,Monthly Bill Payment
TXN-NORM-004302,USER_1043,MUNICIPAL_TAX_BOARD,231.15,2026-09-21T07:41:04.402308+00:00,USD,Monthly Bill Payment
TXN-NORM-004303,USER_0212,SUBSCRIPTION_STREAM_NOW,128.91,2026-09-20T09:05:41.815900+00:00,USD,Monthly Bill Payment
TXN-NORM-004304,USER_1036,SUBSCRIPTION_STREAM_NOW,192.80,2026-09-02T21:39:54.870394+00:00,USD,Monthly Bill Payment
TXN-NORM-004305,USER_0651,GROCERY_MARKET_CENTRAL,171.51,2026-09-14T20:50:53.153101+00:00,USD,Monthly Bill Payment
TXN-NORM-004306,USER_0538,SUBSCRIPTION_STREAM_NOW,281.85,2026-09-28T14:44:59.257737+00:00,USD,Monthly Bill Payment
TXN-NORM-004307,USER_1346,HEALTHCARE_CLINIC_CITY,58.42,2026-09-27T00:50:15.707599+00:00,USD,Monthly Bill Payment
TXN-NORM-004308,USER_0192,GROCERY_MARKET_CENTRAL,193.14,2026-09-16T15:20:05.048052+00:00,USD,Monthly Bill Payment
TXN-NORM-004309,USER_0866,GROCERY_MARKET_CENTRAL,150.25,2026-09-18T06:06:06.534694+00:00,USD,Monthly Bill Payment
TXN-NORM-004310,USER_0730,UTILITY_CITY_WATER,76.95,2026-09-21T21:23:43.529678+00:00,USD,Monthly Bill Payment
TXN-NORM-004311,USER_0135,UTILITY_METRO_POWER,133.17,2026-09-03T08:13:42.805785+00:00,USD,Monthly Bill Payment
TXN-NORM-004312,USER_1099,MUNICIPAL_TAX_BOARD,46.77,2026-09-07T12:02:01.235038+00:00,USD,Monthly Bill Payment
TXN-NORM-004313,USER_0713,TELECOM_APEX_MOBILE,105.25,2026-09-14T04:24:39.503108+00:00,USD,Monthly Bill Payment
TXN-NORM-004314,USER_0491,USER_0492,92.22,2026-09-18T02:03:54.833089+00:00,USD,Personal Transfer
TXN-NORM-004315,USER_0820,USER_0821,286.39,2026-09-04T23:52:09.863988+00:00,USD,Personal Transfer
TXN-NORM-004316,USER_0137,USER_0138,221.28,2026-09-17T03:34:58.391396+00:00,USD,Personal Transfer
TXN-NORM-004317,USER_1123,GROCERY_MARKET_CENTRAL,277.32,2026-09-26T00:09:13.389132+00:00,USD,Monthly Bill Payment
TXN-NORM-004318,USER_0014,GROCERY_MARKET_CENTRAL,175.16,2026-09-16T08:42:15.285932+00:00,USD,Monthly Bill Payment
TXN-NORM-004319,USER_0981,USER_0982,168.58,2026-09-14T00:35:34.775339+00:00,USD,Personal Transfer
TXN-NORM-004320,USER_1307,TELECOM_APEX_MOBILE,65.88,2026-09-22T09:10:05.835958+00:00,USD,Monthly Bill Payment
TXN-NORM-004321,USER_1061,UTILITY_METRO_POWER,286.23,2026-09-10T05:24:44.268507+00:00,USD,Monthly Bill Payment
TXN-NORM-004322,USER_0957,USER_0958,459.31,2026-09-28T00:18:45.467836+00:00,USD,Personal Transfer
TXN-NORM-004323,USER_0967,SUBSCRIPTION_STREAM_NOW,273.80,2026-09-21T21:33:29.692885+00:00,USD,Monthly Bill Payment
TXN-NORM-004324,USER_0459,GROCERY_MARKET_CENTRAL,179.41,2026-09-21T21:40:49.709986+00:00,USD,Monthly Bill Payment
TXN-NORM-004325,USER_0934,USER_0935,441.23,2026-09-28T08:43:16.767250+00:00,USD,Personal Transfer
TXN-NORM-004326,USER_1027,MUNICIPAL_TAX_BOARD,324.50,2026-09-11T06:42:43.664876+00:00,USD,Monthly Bill Payment
TXN-NORM-004327,USER_0407,UTILITY_METRO_POWER,72.59,2026-09-18T13:19:36.725245+00:00,USD,Monthly Bill Payment
TXN-NORM-004328,USER_0099,USER_0100,108.83,2026-09-22T01:12:11.591258+00:00,USD,Personal Transfer
TXN-NORM-004329,USER_1383,HEALTHCARE_CLINIC_CITY,239.06,2026-09-07T19:48:22.562126+00:00,USD,Monthly Bill Payment
TXN-NORM-004330,USER_1417,USER_1418,315.24,2026-09-29T09:03:39.883334+00:00,USD,Personal Transfer
TXN-NORM-004331,USER_1606,USER_1607,296.12,2026-09-13T19:09:54.808109+00:00,USD,Personal Transfer
TXN-NORM-004332,USER_1293,GROCERY_MARKET_CENTRAL,154.60,2026-09-12T18:40:08.363220+00:00,USD,Monthly Bill Payment
TXN-NORM-004333,USER_1577,GROCERY_MARKET_CENTRAL,101.22,2026-09-10T12:08:55.227364+00:00,USD,Monthly Bill Payment
TXN-NORM-004334,USER_0589,USER_0590,93.32,2026-09-02T15:18:56.433863+00:00,USD,Personal Transfer
TXN-NORM-004335,USER_0577,USER_0578,360.63,2026-09-29T18:37:09.031374+00:00,USD,Personal Transfer
TXN-NORM-004336,USER_0402,USER_0403,421.33,2026-09-19T08:27:34.146366+00:00,USD,Personal Transfer
TXN-NORM-004337,USER_1187,UTILITY_METRO_POWER,142.60,2026-09-08T22:53:22.958081+00:00,USD,Monthly Bill Payment
TXN-NORM-004338,USER_0583,UTILITY_METRO_POWER,133.74,2026-09-08T14:04:40.675421+00:00,USD,Monthly Bill Payment
TXN-NORM-004339,USER_1616,HEALTHCARE_CLINIC_CITY,253.18,2026-09-05T07:57:41.446727+00:00,USD,Monthly Bill Payment
TXN-NORM-004340,USER_0090,UTILITY_METRO_POWER,34.99,2026-09-21T16:28:19.384011+00:00,USD,Monthly Bill Payment
TXN-NORM-004341,USER_0067,TELECOM_APEX_MOBILE,299.53,2026-09-11T17:33:19.475523+00:00,USD,Monthly Bill Payment
TXN-NORM-004342,USER_0689,TELECOM_APEX_MOBILE,118.93,2026-09-26T01:50:39.642376+00:00,USD,Monthly Bill Payment
TXN-NORM-004343,USER_1025,USER_1026,105.64,2026-09-11T19:51:18.052214+00:00,USD,Personal Transfer
TXN-NORM-004344,USER_0581,TELECOM_APEX_MOBILE,149.93,2026-09-15T00:18:49.053115+00:00,USD,Monthly Bill Payment
TXN-NORM-004345,USER_1456,TELECOM_APEX_MOBILE,245.60,2026-09-13T18:57:25.315534+00:00,USD,Monthly Bill Payment
TXN-NORM-004346,USER_0492,USER_0493,472.07,2026-09-02T14:50:52.097140+00:00,USD,Personal Transfer
TXN-NORM-004347,USER_1014,USER_1015,191.96,2026-09-25T02:06:18.872865+00:00,USD,Personal Transfer
TXN-NORM-004348,USER_1595,GROCERY_MARKET_CENTRAL,313.92,2026-09-10T19:29:44.655393+00:00,USD,Monthly Bill Payment
TXN-NORM-004349,USER_0341,USER_0342,16.27,2026-09-15T19:12:03.460836+00:00,USD,Personal Transfer
TXN-NORM-004350,USER_0071,USER_0072,279.86,2026-09-22T09:19:47.637689+00:00,USD,Personal Transfer
TXN-NORM-004351,USER_1361,UTILITY_METRO_POWER,128.88,2026-09-10T17:55:18.393593+00:00,USD,Monthly Bill Payment
TXN-NORM-004352,USER_1207,GROCERY_MARKET_CENTRAL,71.55,2026-09-23T10:19:22.066895+00:00,USD,Monthly Bill Payment
TXN-NORM-004353,USER_0235,HEALTHCARE_CLINIC_CITY,251.22,2026-09-19T23:42:47.750684+00:00,USD,Monthly Bill Payment
TXN-NORM-004354,USER_0406,USER_0407,332.90,2026-09-11T05:45:05.833314+00:00,USD,Personal Transfer
TXN-NORM-004355,USER_0445,UTILITY_METRO_POWER,54.06,2026-09-21T21:31:10.895962+00:00,USD,Monthly Bill Payment
TXN-NORM-004356,USER_0120,GROCERY_MARKET_CENTRAL,218.44,2026-09-02T20:12:17.323214+00:00,USD,Monthly Bill Payment
TXN-NORM-004357,USER_0481,UTILITY_METRO_POWER,288.10,2026-09-14T06:02:43.422034+00:00,USD,Monthly Bill Payment
TXN-NORM-004358,USER_0635,USER_0636,270.46,2026-09-16T14:36:21.497280+00:00,USD,Personal Transfer
TXN-NORM-004359,USER_0473,MUNICIPAL_TAX_BOARD,311.25,2026-09-28T09:06:05.743216+00:00,USD,Monthly Bill Payment
TXN-NORM-004360,USER_1230,USER_1231,373.70,2026-09-19T05:32:43.848201+00:00,USD,Personal Transfer
TXN-NORM-004361,USER_0102,USER_0103,220.98,2026-09-22T00:45:23.371439+00:00,USD,Personal Transfer
TXN-NORM-004362,USER_0497,USER_0498,397.60,2026-09-12T17:41:39.126555+00:00,USD,Personal Transfer
TXN-NORM-004363,USER_0169,UTILITY_METRO_POWER,138.36,2026-09-06T02:45:20.764106+00:00,USD,Monthly Bill Payment
TXN-NORM-004364,USER_1559,SUBSCRIPTION_STREAM_NOW,300.21,2026-09-23T20:22:38.308448+00:00,USD,Monthly Bill Payment
TXN-NORM-004365,USER_0712,USER_0713,490.05,2026-09-07T22:56:17.391135+00:00,USD,Personal Transfer
TXN-NORM-004366,USER_1395,GROCERY_MARKET_CENTRAL,224.18,2026-09-07T22:24:57.946710+00:00,USD,Monthly Bill Payment
TXN-NORM-004367,USER_1019,USER_1020,60.91,2026-09-18T23:24:49.892718+00:00,USD,Personal Transfer
TXN-NORM-004368,USER_1198,USER_1199,219.76,2026-09-22T18:17:18.774086+00:00,USD,Personal Transfer
TXN-NORM-004369,USER_0477,UTILITY_METRO_POWER,271.18,2026-09-13T14:24:31.018465+00:00,USD,Monthly Bill Payment
TXN-NORM-004370,USER_0213,GROCERY_MARKET_CENTRAL,56.95,2026-09-15T22:26:22.512328+00:00,USD,Monthly Bill Payment
TXN-NORM-004371,USER_1015,MUNICIPAL_TAX_BOARD,201.38,2026-09-26T04:28:23.628457+00:00,USD,Monthly Bill Payment
TXN-NORM-004372,USER_0444,UTILITY_METRO_POWER,261.83,2026-09-08T18:34:04.190296+00:00,USD,Monthly Bill Payment
TXN-NORM-004373,USER_0813,USER_0814,463.29,2026-09-23T18:43:21.588419+00:00,USD,Personal Transfer
TXN-NORM-004374,USER_0353,SUBSCRIPTION_STREAM_NOW,192.29,2026-09-07T10:06:24.912182+00:00,USD,Monthly Bill Payment
TXN-NORM-004375,USER_1416,HEALTHCARE_CLINIC_CITY,154.05,2026-09-17T21:27:20.231965+00:00,USD,Monthly Bill Payment
TXN-NORM-004376,USER_0810,USER_0811,459.64,2026-09-11T00:30:45.729599+00:00,USD,Personal Transfer
TXN-NORM-004377,USER_1234,USER_1235,156.35,2026-09-21T16:03:42.821841+00:00,USD,Personal Transfer
TXN-NORM-004378,USER_1196,TELECOM_APEX_MOBILE,135.95,2026-09-10T17:27:36.636781+00:00,USD,Monthly Bill Payment
TXN-NORM-004379,USER_0977,GROCERY_MARKET_CENTRAL,186.20,2026-09-06T10:00:33.640833+00:00,USD,Monthly Bill Payment
TXN-NORM-004380,USER_0607,MUNICIPAL_TAX_BOARD,33.01,2026-09-25T14:42:46.742034+00:00,USD,Monthly Bill Payment
TXN-NORM-004381,USER_0061,USER_0062,390.01,2026-09-27T17:30:53.333482+00:00,USD,Personal Transfer
TXN-NORM-004382,USER_0224,USER_0225,282.45,2026-09-23T22:39:44.561198+00:00,USD,Personal Transfer
TXN-NORM-004383,USER_0386,GROCERY_MARKET_CENTRAL,139.56,2026-09-28T12:24:41.599077+00:00,USD,Monthly Bill Payment
TXN-NORM-004384,USER_0812,HEALTHCARE_CLINIC_CITY,62.10,2026-09-04T21:37:50.237473+00:00,USD,Monthly Bill Payment
TXN-NORM-004385,USER_0632,UTILITY_METRO_POWER,26.42,2026-09-03T07:35:02.553276+00:00,USD,Monthly Bill Payment
TXN-NORM-004386,USER_1236,SUBSCRIPTION_STREAM_NOW,207.38,2026-09-09T11:35:16.072765+00:00,USD,Monthly Bill Payment
TXN-NORM-004387,USER_1007,UTILITY_CITY_WATER,233.83,2026-09-14T17:07:43.153088+00:00,USD,Monthly Bill Payment
TXN-NORM-004388,USER_1586,HEALTHCARE_CLINIC_CITY,310.09,2026-09-07T07:51:36.299667+00:00,USD,Monthly Bill Payment
TXN-NORM-004389,USER_0697,HEALTHCARE_CLINIC_CITY,36.74,2026-09-04T01:00:32.668644+00:00,USD,Monthly Bill Payment
TXN-NORM-004390,USER_0564,HEALTHCARE_CLINIC_CITY,234.02,2026-09-22T18:51:09.473965+00:00,USD,Monthly Bill Payment
TXN-NORM-004391,USER_0706,UTILITY_CITY_WATER,157.62,2026-09-07T02:36:12.497756+00:00,USD,Monthly Bill Payment
TXN-NORM-004392,USER_0432,USER_0433,96.55,2026-09-19T10:19:05.926882+00:00,USD,Personal Transfer
TXN-NORM-004393,USER_0086,UTILITY_CITY_WATER,289.03,2026-09-28T13:01:36.922994+00:00,USD,Monthly Bill Payment
TXN-NORM-004394,USER_1609,TELECOM_APEX_MOBILE,253.07,2026-09-13T00:15:31.794936+00:00,USD,Monthly Bill Payment
TXN-NORM-004395,USER_1176,HEALTHCARE_CLINIC_CITY,287.92,2026-09-08T18:35:49.396191+00:00,USD,Monthly Bill Payment
TXN-NORM-004396,USER_1014,USER_1015,204.65,2026-09-21T07:59:41.335831+00:00,USD,Personal Transfer
TXN-NORM-004397,USER_1359,USER_1360,391.83,2026-09-12T13:10:49.198223+00:00,USD,Personal Transfer
TXN-NORM-004398,USER_1016,UTILITY_CITY_WATER,142.61,2026-09-22T11:35:13.656787+00:00,USD,Monthly Bill Payment
TXN-NORM-004399,USER_0623,HEALTHCARE_CLINIC_CITY,46.31,2026-09-12T11:17:41.957385+00:00,USD,Monthly Bill Payment
TXN-NORM-004400,USER_0780,USER_0781,464.83,2026-09-27T06:56:41.447314+00:00,USD,Personal Transfer
TXN-NORM-004401,USER_1053,UTILITY_CITY_WATER,280.63,2026-09-22T22:29:05.990067+00:00,USD,Monthly Bill Payment
TXN-NORM-004402,USER_1151,USER_1152,280.31,2026-09-08T14:10:52.599561+00:00,USD,Personal Transfer
TXN-NORM-004403,USER_0879,SUBSCRIPTION_STREAM_NOW,343.06,2026-09-26T04:54:27.787906+00:00,USD,Monthly Bill Payment
TXN-NORM-004404,USER_0614,HEALTHCARE_CLINIC_CITY,288.71,2026-09-08T11:14:48.142722+00:00,USD,Monthly Bill Payment
TXN-NORM-004405,USER_0969,UTILITY_CITY_WATER,276.27,2026-09-15T06:01:52.666529+00:00,USD,Monthly Bill Payment
TXN-NORM-004406,USER_1333,GROCERY_MARKET_CENTRAL,235.87,2026-09-24T10:34:48.686621+00:00,USD,Monthly Bill Payment
TXN-NORM-004407,USER_0616,HEALTHCARE_CLINIC_CITY,134.60,2026-09-29T12:09:32.408452+00:00,USD,Monthly Bill Payment
TXN-NORM-004408,USER_1097,GROCERY_MARKET_CENTRAL,44.36,2026-09-02T18:39:21.180548+00:00,USD,Monthly Bill Payment
TXN-NORM-004409,USER_1477,SUBSCRIPTION_STREAM_NOW,78.69,2026-09-06T22:54:30.917307+00:00,USD,Monthly Bill Payment
TXN-NORM-004410,USER_0017,GROCERY_MARKET_CENTRAL,221.14,2026-09-07T11:19:38.050432+00:00,USD,Monthly Bill Payment
TXN-NORM-004411,USER_0402,HEALTHCARE_CLINIC_CITY,184.26,2026-09-21T18:18:22.872496+00:00,USD,Monthly Bill Payment
TXN-NORM-004412,USER_0291,USER_0292,397.41,2026-09-18T13:19:30.641544+00:00,USD,Personal Transfer
TXN-NORM-004413,USER_0708,USER_0709,287.68,2026-09-28T18:49:22.948298+00:00,USD,Personal Transfer
TXN-NORM-004414,USER_0059,TELECOM_APEX_MOBILE,37.50,2026-09-06T00:43:31.626473+00:00,USD,Monthly Bill Payment
TXN-NORM-004415,USER_0272,USER_0273,26.23,2026-09-19T20:37:58.283831+00:00,USD,Personal Transfer
TXN-NORM-004416,USER_0379,USER_0380,125.08,2026-09-04T14:50:06.744887+00:00,USD,Personal Transfer
TXN-NORM-004417,USER_0133,HEALTHCARE_CLINIC_CITY,248.17,2026-09-15T00:54:28.306125+00:00,USD,Monthly Bill Payment
TXN-NORM-004418,USER_1402,GROCERY_MARKET_CENTRAL,295.54,2026-09-08T14:54:15.896557+00:00,USD,Monthly Bill Payment
TXN-NORM-004419,USER_0678,UTILITY_CITY_WATER,102.68,2026-09-24T02:30:50.845920+00:00,USD,Monthly Bill Payment
TXN-NORM-004420,USER_0723,TELECOM_APEX_MOBILE,85.01,2026-09-09T14:48:12.532299+00:00,USD,Monthly Bill Payment
TXN-NORM-004421,USER_0944,USER_0945,342.69,2026-09-06T11:02:42.424382+00:00,USD,Personal Transfer
TXN-NORM-004422,USER_0376,USER_0377,191.29,2026-09-11T09:15:22.495556+00:00,USD,Personal Transfer
TXN-NORM-004423,USER_0458,TELECOM_APEX_MOBILE,136.22,2026-09-17T15:43:47.614626+00:00,USD,Monthly Bill Payment
TXN-NORM-004424,USER_0165,MUNICIPAL_TAX_BOARD,292.73,2026-09-22T21:52:07.243132+00:00,USD,Monthly Bill Payment
TXN-NORM-004425,USER_1282,SUBSCRIPTION_STREAM_NOW,241.31,2026-09-08T07:55:52.254174+00:00,USD,Monthly Bill Payment
TXN-NORM-004426,USER_0624,SUBSCRIPTION_STREAM_NOW,252.02,2026-09-12T00:30:04.903765+00:00,USD,Monthly Bill Payment
TXN-NORM-004427,USER_1567,SUBSCRIPTION_STREAM_NOW,89.93,2026-09-15T02:09:39.576196+00:00,USD,Monthly Bill Payment
TXN-NORM-004428,USER_0906,UTILITY_METRO_POWER,242.04,2026-09-04T14:13:32.185143+00:00,USD,Monthly Bill Payment
TXN-NORM-004429,USER_0975,SUBSCRIPTION_STREAM_NOW,108.63,2026-09-13T18:33:36.947835+00:00,USD,Monthly Bill Payment
TXN-NORM-004430,USER_0208,UTILITY_METRO_POWER,191.13,2026-09-13T22:04:16.636592+00:00,USD,Monthly Bill Payment
TXN-NORM-004431,USER_1605,USER_1606,316.40,2026-09-12T16:40:14.163646+00:00,USD,Personal Transfer
TXN-NORM-004432,USER_0122,UTILITY_METRO_POWER,281.78,2026-09-08T19:21:50.785421+00:00,USD,Monthly Bill Payment
TXN-NORM-004433,USER_0482,USER_0483,376.19,2026-09-18T12:04:42.770539+00:00,USD,Personal Transfer
TXN-NORM-004434,USER_0122,MUNICIPAL_TAX_BOARD,291.99,2026-09-03T01:55:09.714385+00:00,USD,Monthly Bill Payment
TXN-NORM-004435,USER_1106,UTILITY_CITY_WATER,244.93,2026-09-25T04:32:02.162783+00:00,USD,Monthly Bill Payment
TXN-NORM-004436,USER_0205,USER_0206,394.10,2026-09-28T13:19:19.785031+00:00,USD,Personal Transfer
TXN-NORM-004437,USER_1589,MUNICIPAL_TAX_BOARD,136.85,2026-09-17T07:03:00.165369+00:00,USD,Monthly Bill Payment
TXN-NORM-004438,USER_0186,USER_0187,194.11,2026-09-19T21:55:57.190227+00:00,USD,Personal Transfer
TXN-NORM-004439,USER_0497,UTILITY_CITY_WATER,280.27,2026-09-12T03:14:10.455716+00:00,USD,Monthly Bill Payment
TXN-NORM-004440,USER_0487,GROCERY_MARKET_CENTRAL,145.60,2026-09-09T11:46:00.596064+00:00,USD,Monthly Bill Payment
TXN-NORM-004441,USER_0776,HEALTHCARE_CLINIC_CITY,132.65,2026-09-18T17:32:51.829368+00:00,USD,Monthly Bill Payment
TXN-NORM-004442,USER_1210,UTILITY_METRO_POWER,194.43,2026-09-10T00:35:42.277513+00:00,USD,Monthly Bill Payment
TXN-NORM-004443,USER_1449,MUNICIPAL_TAX_BOARD,146.07,2026-09-10T15:38:50.139803+00:00,USD,Monthly Bill Payment
TXN-NORM-004444,USER_1630,MUNICIPAL_TAX_BOARD,182.24,2026-09-03T00:38:06.106244+00:00,USD,Monthly Bill Payment
TXN-NORM-004445,USER_0244,USER_0245,86.33,2026-09-04T17:36:59.411418+00:00,USD,Personal Transfer
TXN-NORM-004446,USER_1198,UTILITY_CITY_WATER,151.69,2026-09-21T02:46:20.280187+00:00,USD,Monthly Bill Payment
TXN-NORM-004447,USER_1603,USER_1604,430.76,2026-09-24T21:15:16.809435+00:00,USD,Personal Transfer
TXN-NORM-004448,USER_1043,UTILITY_METRO_POWER,262.63,2026-09-13T18:20:38.644028+00:00,USD,Monthly Bill Payment
TXN-NORM-004449,USER_1002,MUNICIPAL_TAX_BOARD,203.73,2026-09-19T04:40:59.404312+00:00,USD,Monthly Bill Payment
TXN-NORM-004450,USER_0814,UTILITY_CITY_WATER,245.80,2026-09-04T06:25:55.881992+00:00,USD,Monthly Bill Payment
TXN-NORM-004451,USER_0892,USER_0893,81.40,2026-09-04T22:02:22.909224+00:00,USD,Personal Transfer
TXN-NORM-004452,USER_1053,USER_1054,156.63,2026-09-15T22:23:43.488582+00:00,USD,Personal Transfer
TXN-NORM-004453,USER_1219,USER_1220,433.74,2026-09-25T06:34:25.567156+00:00,USD,Personal Transfer
TXN-NORM-004454,USER_0116,UTILITY_CITY_WATER,26.91,2026-09-10T15:02:46.378987+00:00,USD,Monthly Bill Payment
TXN-NORM-004455,USER_1590,SUBSCRIPTION_STREAM_NOW,205.36,2026-09-22T18:05:42.770985+00:00,USD,Monthly Bill Payment
TXN-NORM-004456,USER_0071,USER_0072,182.92,2026-09-22T21:46:07.474349+00:00,USD,Personal Transfer
TXN-NORM-004457,USER_0114,GROCERY_MARKET_CENTRAL,153.90,2026-09-11T01:35:59.239533+00:00,USD,Monthly Bill Payment
TXN-NORM-004458,USER_0487,GROCERY_MARKET_CENTRAL,258.62,2026-09-03T01:51:19.650403+00:00,USD,Monthly Bill Payment
TXN-NORM-004459,USER_0422,TELECOM_APEX_MOBILE,121.72,2026-09-21T10:41:17.785678+00:00,USD,Monthly Bill Payment
TXN-NORM-004460,USER_0141,SUBSCRIPTION_STREAM_NOW,201.05,2026-09-22T05:45:24.541584+00:00,USD,Monthly Bill Payment
TXN-NORM-004461,USER_0198,UTILITY_CITY_WATER,48.29,2026-09-26T16:55:02.277837+00:00,USD,Monthly Bill Payment
TXN-NORM-004462,USER_1537,UTILITY_METRO_POWER,57.68,2026-09-08T20:58:15.808490+00:00,USD,Monthly Bill Payment
TXN-NORM-004463,USER_0636,HEALTHCARE_CLINIC_CITY,202.74,2026-09-02T02:55:23.672436+00:00,USD,Monthly Bill Payment
TXN-NORM-004464,USER_0741,USER_0742,369.63,2026-09-06T20:30:05.750657+00:00,USD,Personal Transfer
TXN-NORM-004465,USER_1541,USER_1542,216.44,2026-09-16T20:48:55.087511+00:00,USD,Personal Transfer
TXN-NORM-004466,USER_0019,HEALTHCARE_CLINIC_CITY,180.64,2026-09-17T14:38:06.678795+00:00,USD,Monthly Bill Payment
TXN-NORM-004467,USER_0503,USER_0504,262.49,2026-09-19T02:05:56.842974+00:00,USD,Personal Transfer
TXN-NORM-004468,USER_1447,UTILITY_METRO_POWER,38.89,2026-09-15T22:04:13.798426+00:00,USD,Monthly Bill Payment
TXN-NORM-004469,USER_0725,UTILITY_METRO_POWER,339.12,2026-09-09T01:17:23.696505+00:00,USD,Monthly Bill Payment
TXN-NORM-004470,USER_0019,TELECOM_APEX_MOBILE,308.19,2026-09-14T04:23:23.744332+00:00,USD,Monthly Bill Payment
TXN-NORM-004471,USER_0057,USER_0058,102.45,2026-09-20T20:59:49.292734+00:00,USD,Personal Transfer
TXN-NORM-004472,USER_0940,GROCERY_MARKET_CENTRAL,214.85,2026-09-12T05:57:55.638973+00:00,USD,Monthly Bill Payment
TXN-NORM-004473,USER_0165,TELECOM_APEX_MOBILE,328.79,2026-09-24T09:29:26.742286+00:00,USD,Monthly Bill Payment
TXN-NORM-004474,USER_0861,TELECOM_APEX_MOBILE,151.58,2026-09-06T04:41:40.499138+00:00,USD,Monthly Bill Payment
TXN-NORM-004475,USER_0236,UTILITY_CITY_WATER,167.74,2026-09-15T00:09:36.029393+00:00,USD,Monthly Bill Payment
TXN-NORM-004476,USER_1504,USER_1505,83.56,2026-09-05T13:05:38.081072+00:00,USD,Personal Transfer
TXN-NORM-004477,USER_0872,HEALTHCARE_CLINIC_CITY,155.56,2026-09-11T17:49:23.170576+00:00,USD,Monthly Bill Payment
TXN-NORM-004478,USER_0782,USER_0783,195.54,2026-09-14T07:27:19.299050+00:00,USD,Personal Transfer
TXN-NORM-004479,USER_1013,TELECOM_APEX_MOBILE,292.53,2026-09-05T03:06:08.979415+00:00,USD,Monthly Bill Payment
TXN-NORM-004480,USER_0096,SUBSCRIPTION_STREAM_NOW,337.46,2026-09-06T00:42:11.841523+00:00,USD,Monthly Bill Payment
TXN-NORM-004481,USER_0619,SUBSCRIPTION_STREAM_NOW,162.89,2026-09-13T03:23:06.309100+00:00,USD,Monthly Bill Payment
TXN-NORM-004482,USER_1490,GROCERY_MARKET_CENTRAL,173.55,2026-09-10T03:14:31.284313+00:00,USD,Monthly Bill Payment
TXN-NORM-004483,USER_1596,UTILITY_CITY_WATER,121.04,2026-09-10T04:27:05.566401+00:00,USD,Monthly Bill Payment
TXN-NORM-004484,USER_0465,SUBSCRIPTION_STREAM_NOW,110.13,2026-09-13T08:18:07.131127+00:00,USD,Monthly Bill Payment
TXN-NORM-004485,USER_0056,USER_0057,488.82,2026-09-13T01:58:15.967515+00:00,USD,Personal Transfer
TXN-NORM-004486,USER_0794,SUBSCRIPTION_STREAM_NOW,204.14,2026-09-26T21:51:35.025079+00:00,USD,Monthly Bill Payment
TXN-NORM-004487,USER_1597,USER_1598,121.65,2026-09-02T03:58:07.359267+00:00,USD,Personal Transfer
TXN-NORM-004488,USER_1399,UTILITY_CITY_WATER,249.28,2026-09-20T03:10:37.259138+00:00,USD,Monthly Bill Payment
TXN-NORM-004489,USER_0162,USER_0163,476.76,2026-09-18T01:18:36.987423+00:00,USD,Personal Transfer
TXN-NORM-004490,USER_1597,USER_1598,327.27,2026-09-29T10:33:06.496664+00:00,USD,Personal Transfer
TXN-NORM-004491,USER_0989,USER_0990,46.24,2026-09-12T17:20:31.925863+00:00,USD,Personal Transfer
TXN-NORM-004492,USER_0542,UTILITY_METRO_POWER,51.64,2026-09-22T15:24:48.562803+00:00,USD,Monthly Bill Payment
TXN-NORM-004493,USER_0926,UTILITY_METRO_POWER,193.54,2026-09-16T09:46:54.373412+00:00,USD,Monthly Bill Payment
TXN-NORM-004494,USER_0042,UTILITY_METRO_POWER,300.59,2026-09-05T10:33:36.590243+00:00,USD,Monthly Bill Payment
TXN-NORM-004495,USER_0984,MUNICIPAL_TAX_BOARD,180.05,2026-09-14T14:23:52.001255+00:00,USD,Monthly Bill Payment
TXN-NORM-004496,USER_0584,UTILITY_CITY_WATER,327.20,2026-09-14T07:14:48.952429+00:00,USD,Monthly Bill Payment
TXN-NORM-004497,USER_0277,GROCERY_MARKET_CENTRAL,158.00,2026-09-05T13:09:25.129231+00:00,USD,Monthly Bill Payment
TXN-NORM-004498,USER_0688,USER_0689,315.61,2026-09-11T19:19:29.550867+00:00,USD,Personal Transfer
TXN-NORM-004499,USER_1358,UTILITY_METRO_POWER,185.07,2026-09-27T23:35:57.478768+00:00,USD,Monthly Bill Payment
TXN-NORM-004500,USER_1295,USER_1296,432.86,2026-09-25T23:46:34.166668+00:00,USD,Personal Transfer
TXN-NORM-004501,USER_0194,USER_0195,304.24,2026-09-07T10:33:52.253071+00:00,USD,Personal Transfer
TXN-NORM-004502,USER_0751,USER_0752,435.37,2026-09-14T11:35:12.756729+00:00,USD,Personal Transfer
TXN-NORM-004503,USER_0849,SUBSCRIPTION_STREAM_NOW,322.00,2026-09-18T22:09:21.352616+00:00,USD,Monthly Bill Payment
TXN-NORM-004504,USER_1039,GROCERY_MARKET_CENTRAL,249.17,2026-09-18T00:16:21.976534+00:00,USD,Monthly Bill Payment
TXN-NORM-004505,USER_1209,MUNICIPAL_TAX_BOARD,342.86,2026-09-26T12:47:30.038664+00:00,USD,Monthly Bill Payment
TXN-NORM-004506,USER_0342,USER_0343,414.30,2026-09-05T04:18:10.790172+00:00,USD,Personal Transfer
TXN-NORM-004507,USER_1024,GROCERY_MARKET_CENTRAL,247.06,2026-09-29T20:14:45.669221+00:00,USD,Monthly Bill Payment
TXN-NORM-004508,USER_0352,UTILITY_METRO_POWER,285.76,2026-09-08T04:21:10.392981+00:00,USD,Monthly Bill Payment
TXN-NORM-004509,USER_0496,MUNICIPAL_TAX_BOARD,36.91,2026-09-19T06:45:51.557121+00:00,USD,Monthly Bill Payment
TXN-NORM-004510,USER_0093,SUBSCRIPTION_STREAM_NOW,243.58,2026-09-18T13:47:00.767528+00:00,USD,Monthly Bill Payment
TXN-NORM-004511,USER_1232,UTILITY_CITY_WATER,136.07,2026-09-10T10:02:12.698822+00:00,USD,Monthly Bill Payment
TXN-NORM-004512,USER_0863,USER_0864,304.89,2026-09-24T22:24:32.027739+00:00,USD,Personal Transfer
TXN-NORM-004513,USER_1201,GROCERY_MARKET_CENTRAL,115.50,2026-09-25T02:14:50.016099+00:00,USD,Monthly Bill Payment
TXN-NORM-004514,USER_1501,TELECOM_APEX_MOBILE,277.59,2026-09-19T13:37:57.330973+00:00,USD,Monthly Bill Payment
TXN-NORM-004515,USER_0701,MUNICIPAL_TAX_BOARD,252.68,2026-09-24T09:48:12.847723+00:00,USD,Monthly Bill Payment
TXN-NORM-004516,USER_0378,HEALTHCARE_CLINIC_CITY,298.99,2026-09-26T09:42:22.041293+00:00,USD,Monthly Bill Payment
TXN-NORM-004517,USER_0521,USER_0522,468.50,2026-09-26T04:19:33.488768+00:00,USD,Personal Transfer
TXN-NORM-004518,USER_1441,USER_1442,33.10,2026-09-21T23:26:06.615849+00:00,USD,Personal Transfer
TXN-NORM-004519,USER_1426,TELECOM_APEX_MOBILE,56.74,2026-09-08T13:57:53.668899+00:00,USD,Monthly Bill Payment
TXN-NORM-004520,USER_0426,USER_0427,60.50,2026-09-17T15:10:00.244925+00:00,USD,Personal Transfer
TXN-NORM-004521,USER_0798,GROCERY_MARKET_CENTRAL,285.32,2026-09-03T11:42:07.776106+00:00,USD,Monthly Bill Payment
TXN-NORM-004522,USER_1225,MUNICIPAL_TAX_BOARD,40.00,2026-09-20T15:08:31.266405+00:00,USD,Monthly Bill Payment
TXN-NORM-004523,USER_1203,GROCERY_MARKET_CENTRAL,213.27,2026-09-20T16:20:30.922458+00:00,USD,Monthly Bill Payment
TXN-NORM-004524,USER_0952,HEALTHCARE_CLINIC_CITY,223.67,2026-09-09T12:50:27.342194+00:00,USD,Monthly Bill Payment
TXN-NORM-004525,USER_0361,USER_0362,330.66,2026-09-14T20:22:12.539584+00:00,USD,Personal Transfer
TXN-NORM-004526,USER_1558,USER_1559,440.51,2026-09-13T11:43:08.661651+00:00,USD,Personal Transfer
TXN-NORM-004527,USER_0442,USER_0443,28.96,2026-09-15T09:53:32.637637+00:00,USD,Personal Transfer
TXN-NORM-004528,USER_1419,TELECOM_APEX_MOBILE,341.75,2026-09-15T09:46:08.670018+00:00,USD,Monthly Bill Payment
TXN-NORM-004529,USER_1447,USER_1448,97.81,2026-09-10T11:43:59.235914+00:00,USD,Personal Transfer
TXN-NORM-004530,USER_0554,GROCERY_MARKET_CENTRAL,44.93,2026-09-19T06:12:43.162592+00:00,USD,Monthly Bill Payment
TXN-NORM-004531,USER_1380,USER_1381,166.65,2026-09-07T04:36:37.771424+00:00,USD,Personal Transfer
TXN-NORM-004532,USER_0030,TELECOM_APEX_MOBILE,79.66,2026-09-17T07:08:55.108651+00:00,USD,Monthly Bill Payment
TXN-NORM-004533,USER_1559,USER_1560,339.66,2026-09-26T09:51:11.193973+00:00,USD,Personal Transfer
TXN-NORM-004534,USER_1369,GROCERY_MARKET_CENTRAL,270.03,2026-09-21T09:22:04.833990+00:00,USD,Monthly Bill Payment
TXN-NORM-004535,USER_0015,USER_0016,355.25,2026-09-10T20:46:09.599747+00:00,USD,Personal Transfer
TXN-NORM-004536,USER_0187,UTILITY_METRO_POWER,343.46,2026-09-22T19:49:03.139583+00:00,USD,Monthly Bill Payment
TXN-NORM-004537,USER_0854,USER_0855,164.83,2026-09-02T07:53:59.669183+00:00,USD,Personal Transfer
TXN-NORM-004538,USER_0720,UTILITY_CITY_WATER,176.92,2026-09-16T21:21:57.529113+00:00,USD,Monthly Bill Payment
TXN-NORM-004539,USER_0656,TELECOM_APEX_MOBILE,346.79,2026-09-19T21:20:29.169589+00:00,USD,Monthly Bill Payment
TXN-NORM-004540,USER_1402,GROCERY_MARKET_CENTRAL,49.73,2026-09-03T12:09:55.377524+00:00,USD,Monthly Bill Payment
TXN-NORM-004541,USER_1598,TELECOM_APEX_MOBILE,225.36,2026-09-20T02:21:20.354879+00:00,USD,Monthly Bill Payment
TXN-NORM-004542,USER_0372,USER_0373,322.57,2026-09-18T11:55:46.302531+00:00,USD,Personal Transfer
TXN-NORM-004543,USER_0358,MUNICIPAL_TAX_BOARD,240.79,2026-09-12T21:47:30.890827+00:00,USD,Monthly Bill Payment
TXN-NORM-004544,USER_0868,UTILITY_CITY_WATER,199.61,2026-09-23T19:49:10.436715+00:00,USD,Monthly Bill Payment
TXN-NORM-004545,USER_0192,GROCERY_MARKET_CENTRAL,201.07,2026-09-04T10:14:57.040973+00:00,USD,Monthly Bill Payment
TXN-NORM-004546,USER_1546,GROCERY_MARKET_CENTRAL,124.30,2026-09-20T22:25:24.585627+00:00,USD,Monthly Bill Payment
TXN-NORM-004547,USER_0575,USER_0576,198.60,2026-09-26T01:21:35.667062+00:00,USD,Personal Transfer
TXN-NORM-004548,USER_1380,UTILITY_CITY_WATER,90.51,2026-09-22T20:28:15.434672+00:00,USD,Monthly Bill Payment
TXN-NORM-004549,USER_0615,USER_0616,139.82,2026-09-17T01:25:44.802596+00:00,USD,Personal Transfer
TXN-NORM-004550,USER_0968,MUNICIPAL_TAX_BOARD,107.68,2026-09-28T10:39:06.628877+00:00,USD,Monthly Bill Payment
TXN-NORM-004551,USER_0077,TELECOM_APEX_MOBILE,82.11,2026-09-23T20:53:25.676814+00:00,USD,Monthly Bill Payment
TXN-NORM-004552,USER_0511,USER_0512,174.94,2026-09-06T20:13:52.963668+00:00,USD,Personal Transfer
TXN-NORM-004553,USER_0043,GROCERY_MARKET_CENTRAL,137.90,2026-09-07T10:44:02.194096+00:00,USD,Monthly Bill Payment
TXN-NORM-004554,USER_1555,USER_1556,146.91,2026-09-19T21:17:34.613525+00:00,USD,Personal Transfer
TXN-NORM-004555,USER_0983,USER_0984,222.06,2026-09-26T04:37:30.181337+00:00,USD,Personal Transfer
TXN-NORM-004556,USER_1240,USER_1241,171.52,2026-09-13T22:09:14.426204+00:00,USD,Personal Transfer
TXN-NORM-004557,USER_0197,USER_0198,140.43,2026-09-15T06:21:44.467511+00:00,USD,Personal Transfer
TXN-NORM-004558,USER_0256,USER_0257,384.58,2026-09-16T07:39:24.067739+00:00,USD,Personal Transfer
TXN-NORM-004559,USER_1206,TELECOM_APEX_MOBILE,345.44,2026-09-06T02:55:58.286178+00:00,USD,Monthly Bill Payment
TXN-NORM-004560,USER_1515,USER_1516,481.99,2026-09-20T05:52:46.687942+00:00,USD,Personal Transfer
TXN-NORM-004561,USER_0881,UTILITY_METRO_POWER,157.79,2026-09-17T02:43:36.092519+00:00,USD,Monthly Bill Payment
TXN-NORM-004562,USER_0219,GROCERY_MARKET_CENTRAL,306.62,2026-09-25T13:43:17.494392+00:00,USD,Monthly Bill Payment
TXN-NORM-004563,USER_0888,SUBSCRIPTION_STREAM_NOW,320.16,2026-09-04T10:58:06.112468+00:00,USD,Monthly Bill Payment
TXN-NORM-004564,USER_0166,HEALTHCARE_CLINIC_CITY,328.01,2026-09-23T06:16:14.131712+00:00,USD,Monthly Bill Payment
TXN-NORM-004565,USER_0918,SUBSCRIPTION_STREAM_NOW,261.57,2026-09-13T03:26:35.097051+00:00,USD,Monthly Bill Payment
TXN-NORM-004566,USER_0001,USER_0002,347.82,2026-09-04T09:41:25.219968+00:00,USD,Personal Transfer
TXN-NORM-004567,USER_0788,TELECOM_APEX_MOBILE,250.65,2026-09-10T02:29:43.941720+00:00,USD,Monthly Bill Payment
TXN-NORM-004568,USER_0754,MUNICIPAL_TAX_BOARD,131.49,2026-09-20T03:19:01.810565+00:00,USD,Monthly Bill Payment
TXN-NORM-004569,USER_0570,SUBSCRIPTION_STREAM_NOW,157.77,2026-09-27T13:07:17.154413+00:00,USD,Monthly Bill Payment
TXN-NORM-004570,USER_1449,TELECOM_APEX_MOBILE,39.81,2026-09-28T19:47:35.042495+00:00,USD,Monthly Bill Payment
TXN-NORM-004571,USER_1459,USER_1460,287.08,2026-09-09T08:12:15.353837+00:00,USD,Personal Transfer
TXN-NORM-004572,USER_0148,TELECOM_APEX_MOBILE,285.50,2026-09-21T14:05:02.749161+00:00,USD,Monthly Bill Payment
TXN-NORM-004573,USER_0255,UTILITY_METRO_POWER,343.61,2026-09-02T20:02:33.625106+00:00,USD,Monthly Bill Payment
TXN-NORM-004574,USER_1398,USER_1399,376.12,2026-09-17T09:42:32.464019+00:00,USD,Personal Transfer
TXN-NORM-004575,USER_1548,SUBSCRIPTION_STREAM_NOW,272.19,2026-09-25T00:27:06.030904+00:00,USD,Monthly Bill Payment
TXN-NORM-004576,USER_0511,HEALTHCARE_CLINIC_CITY,157.34,2026-09-10T01:43:29.283455+00:00,USD,Monthly Bill Payment
TXN-NORM-004577,USER_1146,USER_1147,263.39,2026-09-20T17:09:03.240020+00:00,USD,Personal Transfer
TXN-NORM-004578,USER_0453,UTILITY_METRO_POWER,301.30,2026-09-25T04:36:45.686205+00:00,USD,Monthly Bill Payment
TXN-NORM-004579,USER_0290,GROCERY_MARKET_CENTRAL,223.38,2026-09-18T06:34:58.238751+00:00,USD,Monthly Bill Payment
TXN-NORM-004580,USER_0427,GROCERY_MARKET_CENTRAL,318.70,2026-09-10T09:22:34.171048+00:00,USD,Monthly Bill Payment
TXN-NORM-004581,USER_1003,UTILITY_CITY_WATER,150.87,2026-09-16T23:26:29.419014+00:00,USD,Monthly Bill Payment
TXN-NORM-004582,USER_0850,TELECOM_APEX_MOBILE,123.81,2026-09-28T15:37:33.690533+00:00,USD,Monthly Bill Payment
TXN-NORM-004583,USER_0577,GROCERY_MARKET_CENTRAL,219.27,2026-09-18T20:26:04.866645+00:00,USD,Monthly Bill Payment
TXN-NORM-004584,USER_1531,USER_1532,49.89,2026-09-08T16:45:15.403720+00:00,USD,Personal Transfer
TXN-NORM-004585,USER_0309,SUBSCRIPTION_STREAM_NOW,257.07,2026-09-12T14:45:36.565041+00:00,USD,Monthly Bill Payment
TXN-NORM-004586,USER_1522,USER_1523,75.16,2026-09-14T13:35:39.778166+00:00,USD,Personal Transfer
TXN-NORM-004587,USER_0915,SUBSCRIPTION_STREAM_NOW,81.24,2026-09-26T12:00:57.768568+00:00,USD,Monthly Bill Payment
TXN-NORM-004588,USER_0847,USER_0848,276.02,2026-09-13T01:45:16.616580+00:00,USD,Personal Transfer
TXN-NORM-004589,USER_1427,SUBSCRIPTION_STREAM_NOW,111.11,2026-09-19T12:34:14.211411+00:00,USD,Monthly Bill Payment
TXN-NORM-004590,USER_1016,USER_1017,154.12,2026-09-26T01:05:44.170825+00:00,USD,Personal Transfer
TXN-NORM-004591,USER_0491,USER_0492,299.91,2026-09-25T13:32:09.057145+00:00,USD,Personal Transfer
TXN-NORM-004592,USER_0390,GROCERY_MARKET_CENTRAL,307.49,2026-09-14T22:08:44.306572+00:00,USD,Monthly Bill Payment
TXN-NORM-004593,USER_1543,USER_1544,285.42,2026-09-15T14:41:44.331333+00:00,USD,Personal Transfer
TXN-NORM-004594,USER_0577,SUBSCRIPTION_STREAM_NOW,161.91,2026-09-26T02:17:15.956550+00:00,USD,Monthly Bill Payment
TXN-NORM-004595,USER_0727,TELECOM_APEX_MOBILE,53.69,2026-09-18T20:11:56.678429+00:00,USD,Monthly Bill Payment
TXN-NORM-004596,USER_0650,USER_0651,316.67,2026-09-23T08:43:08.319830+00:00,USD,Personal Transfer
TXN-NORM-004597,USER_0120,USER_0121,427.79,2026-09-19T17:47:13.118820+00:00,USD,Personal Transfer
TXN-NORM-004598,USER_1513,HEALTHCARE_CLINIC_CITY,189.53,2026-09-13T15:39:38.316462+00:00,USD,Monthly Bill Payment
TXN-NORM-004599,USER_0496,USER_0497,269.79,2026-09-22T07:20:11.598003+00:00,USD,Personal Transfer
TXN-NORM-004600,USER_0684,USER_0685,477.61,2026-09-13T19:46:02.797205+00:00,USD,Personal Transfer
TXN-NORM-004601,USER_0411,USER_0412,492.17,2026-09-05T21:59:15.045019+00:00,USD,Personal Transfer
TXN-NORM-004602,USER_1293,USER_1294,479.62,2026-09-27T07:18:08.688906+00:00,USD,Personal Transfer
TXN-NORM-004603,USER_0533,UTILITY_METRO_POWER,264.07,2026-09-25T16:17:15.014297+00:00,USD,Monthly Bill Payment
TXN-NORM-004604,USER_0631,SUBSCRIPTION_STREAM_NOW,50.28,2026-09-23T05:47:10.960311+00:00,USD,Monthly Bill Payment
TXN-NORM-004605,USER_1229,USER_1230,167.46,2026-09-18T22:36:23.170754+00:00,USD,Personal Transfer
TXN-NORM-004606,USER_0165,UTILITY_CITY_WATER,268.38,2026-09-05T00:06:00.593087+00:00,USD,Monthly Bill Payment
TXN-NORM-004607,USER_0918,USER_0919,166.30,2026-09-09T23:43:58.130578+00:00,USD,Personal Transfer
TXN-NORM-004608,USER_0628,HEALTHCARE_CLINIC_CITY,273.34,2026-09-13T16:32:49.060281+00:00,USD,Monthly Bill Payment
TXN-NORM-004609,USER_0837,SUBSCRIPTION_STREAM_NOW,263.25,2026-09-20T18:04:54.880830+00:00,USD,Monthly Bill Payment
TXN-NORM-004610,USER_0843,UTILITY_CITY_WATER,255.16,2026-09-20T09:49:29.906657+00:00,USD,Monthly Bill Payment
TXN-NORM-004611,USER_0033,USER_0034,181.40,2026-09-22T01:34:54.385059+00:00,USD,Personal Transfer
TXN-NORM-004612,USER_1230,HEALTHCARE_CLINIC_CITY,78.32,2026-09-02T06:54:59.229875+00:00,USD,Monthly Bill Payment
TXN-NORM-004613,USER_0477,USER_0478,356.62,2026-09-02T01:24:59.458695+00:00,USD,Personal Transfer
TXN-NORM-004614,USER_1017,TELECOM_APEX_MOBILE,297.41,2026-09-09T17:05:12.102083+00:00,USD,Monthly Bill Payment
TXN-NORM-004615,USER_1394,UTILITY_CITY_WATER,46.80,2026-09-16T21:37:21.726612+00:00,USD,Monthly Bill Payment
TXN-NORM-004616,USER_0113,SUBSCRIPTION_STREAM_NOW,147.23,2026-09-07T20:47:19.430936+00:00,USD,Monthly Bill Payment
TXN-NORM-004617,USER_0632,MUNICIPAL_TAX_BOARD,217.00,2026-09-14T14:39:04.623417+00:00,USD,Monthly Bill Payment
TXN-NORM-004618,USER_0185,TELECOM_APEX_MOBILE,172.94,2026-09-22T14:32:20.548967+00:00,USD,Monthly Bill Payment
TXN-NORM-004619,USER_0620,USER_0621,142.29,2026-09-02T05:48:58.735392+00:00,USD,Personal Transfer
TXN-NORM-004620,USER_0212,HEALTHCARE_CLINIC_CITY,98.43,2026-09-27T00:07:33.763275+00:00,USD,Monthly Bill Payment
TXN-NORM-004621,USER_1034,MUNICIPAL_TAX_BOARD,322.63,2026-09-08T11:35:07.747950+00:00,USD,Monthly Bill Payment
TXN-NORM-004622,USER_1397,USER_1398,463.95,2026-09-26T06:10:18.909232+00:00,USD,Personal Transfer
TXN-NORM-004623,USER_1018,TELECOM_APEX_MOBILE,49.82,2026-09-04T11:34:17.488745+00:00,USD,Monthly Bill Payment
TXN-NORM-004624,USER_1381,TELECOM_APEX_MOBILE,317.73,2026-09-06T03:15:02.884306+00:00,USD,Monthly Bill Payment
TXN-NORM-004625,USER_0857,USER_0858,116.87,2026-09-16T17:40:32.592722+00:00,USD,Personal Transfer
TXN-NORM-004626,USER_1274,USER_1275,96.38,2026-09-23T20:33:21.140548+00:00,USD,Personal Transfer
TXN-NORM-004627,USER_0244,MUNICIPAL_TAX_BOARD,287.19,2026-09-18T23:38:42.274220+00:00,USD,Monthly Bill Payment
TXN-NORM-004628,USER_0119,USER_0120,97.84,2026-09-16T10:14:32.486067+00:00,USD,Personal Transfer
TXN-NORM-004629,USER_1135,USER_1136,238.45,2026-09-11T01:57:48.872899+00:00,USD,Personal Transfer
TXN-NORM-004630,USER_1553,UTILITY_METRO_POWER,215.97,2026-09-08T00:21:09.029954+00:00,USD,Monthly Bill Payment
TXN-NORM-004631,USER_0638,HEALTHCARE_CLINIC_CITY,273.76,2026-09-28T11:10:45.892261+00:00,USD,Monthly Bill Payment
TXN-NORM-004632,USER_1500,TELECOM_APEX_MOBILE,306.50,2026-09-07T07:33:37.788884+00:00,USD,Monthly Bill Payment
TXN-NORM-004633,USER_0388,UTILITY_CITY_WATER,58.41,2026-09-21T13:49:55.600322+00:00,USD,Monthly Bill Payment
TXN-NORM-004634,USER_1246,USER_1247,425.79,2026-09-18T01:42:23.780461+00:00,USD,Personal Transfer
TXN-NORM-004635,USER_1204,USER_1205,167.48,2026-09-04T15:58:04.588161+00:00,USD,Personal Transfer
TXN-NORM-004636,USER_0968,USER_0969,366.01,2026-09-10T01:21:38.072903+00:00,USD,Personal Transfer
TXN-NORM-004637,USER_0181,UTILITY_CITY_WATER,300.92,2026-09-04T12:55:39.328734+00:00,USD,Monthly Bill Payment
TXN-NORM-004638,USER_0129,TELECOM_APEX_MOBILE,121.47,2026-09-02T21:21:31.218206+00:00,USD,Monthly Bill Payment
TXN-NORM-004639,USER_0922,UTILITY_METRO_POWER,225.41,2026-09-04T08:14:30.916083+00:00,USD,Monthly Bill Payment
TXN-NORM-004640,USER_1517,GROCERY_MARKET_CENTRAL,126.68,2026-09-19T06:10:30.214953+00:00,USD,Monthly Bill Payment
TXN-NORM-004641,USER_0936,HEALTHCARE_CLINIC_CITY,285.07,2026-09-25T16:43:08.666150+00:00,USD,Monthly Bill Payment
TXN-NORM-004642,USER_0667,USER_0668,301.64,2026-09-10T10:18:27.751712+00:00,USD,Personal Transfer
TXN-NORM-004643,USER_0290,UTILITY_CITY_WATER,42.90,2026-09-19T04:48:01.569583+00:00,USD,Monthly Bill Payment
TXN-NORM-004644,USER_0629,USER_0630,218.39,2026-09-27T22:26:58.387950+00:00,USD,Personal Transfer
TXN-NORM-004645,USER_0215,USER_0216,313.69,2026-09-23T03:08:12.445345+00:00,USD,Personal Transfer
TXN-NORM-004646,USER_0036,HEALTHCARE_CLINIC_CITY,106.27,2026-09-22T22:16:52.610423+00:00,USD,Monthly Bill Payment
TXN-NORM-004647,USER_1516,MUNICIPAL_TAX_BOARD,325.64,2026-09-17T05:52:08.725255+00:00,USD,Monthly Bill Payment
TXN-NORM-004648,USER_0312,USER_0313,465.02,2026-09-20T00:30:09.774186+00:00,USD,Personal Transfer
TXN-NORM-004649,USER_0824,UTILITY_METRO_POWER,196.95,2026-09-24T01:17:13.096982+00:00,USD,Monthly Bill Payment
TXN-NORM-004650,USER_1294,UTILITY_METRO_POWER,28.61,2026-09-17T19:49:14.710993+00:00,USD,Monthly Bill Payment
TXN-NORM-004651,USER_1165,UTILITY_CITY_WATER,272.02,2026-09-20T16:13:28.158459+00:00,USD,Monthly Bill Payment
TXN-NORM-004652,USER_1129,UTILITY_CITY_WATER,34.91,2026-09-03T08:28:54.242866+00:00,USD,Monthly Bill Payment
TXN-NORM-004653,USER_1322,USER_1323,179.71,2026-09-27T13:14:25.491318+00:00,USD,Personal Transfer
TXN-NORM-004654,USER_1011,USER_1012,239.59,2026-09-09T02:07:15.891091+00:00,USD,Personal Transfer
TXN-NORM-004655,USER_0251,UTILITY_CITY_WATER,317.81,2026-09-11T20:52:27.858760+00:00,USD,Monthly Bill Payment
TXN-NORM-004656,USER_0092,UTILITY_CITY_WATER,321.90,2026-09-29T12:58:14.722723+00:00,USD,Monthly Bill Payment
TXN-NORM-004657,USER_1057,MUNICIPAL_TAX_BOARD,34.32,2026-09-24T06:24:24.202004+00:00,USD,Monthly Bill Payment
TXN-NORM-004658,USER_1621,USER_1622,394.84,2026-09-06T19:39:10.450997+00:00,USD,Personal Transfer
TXN-NORM-004659,USER_0616,USER_0617,490.17,2026-09-09T14:33:58.477756+00:00,USD,Personal Transfer
TXN-NORM-004660,USER_0699,UTILITY_METRO_POWER,231.23,2026-09-18T06:23:52.630795+00:00,USD,Monthly Bill Payment
TXN-NORM-004661,USER_1493,TELECOM_APEX_MOBILE,91.38,2026-09-11T11:25:26.730344+00:00,USD,Monthly Bill Payment
TXN-NORM-004662,USER_0193,USER_0194,405.55,2026-09-11T09:18:06.029344+00:00,USD,Personal Transfer
TXN-NORM-004663,USER_0452,SUBSCRIPTION_STREAM_NOW,137.97,2026-09-16T01:42:05.686369+00:00,USD,Monthly Bill Payment
TXN-NORM-004664,USER_1428,USER_1429,114.91,2026-09-29T06:25:43.843418+00:00,USD,Personal Transfer
TXN-NORM-004665,USER_1350,USER_1351,464.83,2026-09-13T13:20:57.370105+00:00,USD,Personal Transfer
TXN-NORM-004666,USER_1212,HEALTHCARE_CLINIC_CITY,307.14,2026-09-04T08:17:53.377402+00:00,USD,Monthly Bill Payment
TXN-NORM-004667,USER_1139,MUNICIPAL_TAX_BOARD,115.06,2026-09-28T02:43:29.216907+00:00,USD,Monthly Bill Payment
TXN-NORM-004668,USER_1543,MUNICIPAL_TAX_BOARD,30.42,2026-09-26T08:20:33.119895+00:00,USD,Monthly Bill Payment
TXN-NORM-004669,USER_0675,MUNICIPAL_TAX_BOARD,215.73,2026-09-22T05:06:08.453105+00:00,USD,Monthly Bill Payment
TXN-NORM-004670,USER_1568,MUNICIPAL_TAX_BOARD,119.20,2026-09-08T19:47:57.131921+00:00,USD,Monthly Bill Payment
TXN-NORM-004671,USER_0151,GROCERY_MARKET_CENTRAL,208.09,2026-09-23T02:25:02.262471+00:00,USD,Monthly Bill Payment
TXN-NORM-004672,USER_0098,USER_0099,286.99,2026-09-08T19:47:24.515401+00:00,USD,Personal Transfer
TXN-NORM-004673,USER_1206,UTILITY_CITY_WATER,232.87,2026-09-04T21:09:23.606557+00:00,USD,Monthly Bill Payment
TXN-NORM-004674,USER_1156,UTILITY_METRO_POWER,287.54,2026-09-08T09:56:24.844398+00:00,USD,Monthly Bill Payment
TXN-NORM-004675,USER_0524,USER_0525,318.99,2026-09-23T10:35:10.569430+00:00,USD,Personal Transfer
TXN-NORM-004676,USER_1533,USER_1534,349.05,2026-09-25T10:43:26.135802+00:00,USD,Personal Transfer
TXN-NORM-004677,USER_0306,UTILITY_CITY_WATER,195.80,2026-09-06T15:00:19.025366+00:00,USD,Monthly Bill Payment
TXN-NORM-004678,USER_0338,USER_0339,120.89,2026-09-27T00:18:23.655396+00:00,USD,Personal Transfer
TXN-NORM-004679,USER_0503,MUNICIPAL_TAX_BOARD,261.44,2026-09-03T07:47:43.312789+00:00,USD,Monthly Bill Payment
TXN-NORM-004680,USER_1396,USER_1397,255.18,2026-09-14T01:54:33.334764+00:00,USD,Personal Transfer
TXN-NORM-004681,USER_0038,MUNICIPAL_TAX_BOARD,96.11,2026-09-13T07:34:12.597874+00:00,USD,Monthly Bill Payment
TXN-NORM-004682,USER_0551,USER_0552,86.08,2026-09-18T09:27:24.138495+00:00,USD,Personal Transfer
TXN-NORM-004683,USER_0474,TELECOM_APEX_MOBILE,247.20,2026-09-07T23:05:57.692920+00:00,USD,Monthly Bill Payment
TXN-NORM-004684,USER_1453,MUNICIPAL_TAX_BOARD,255.27,2026-09-19T21:31:56.807866+00:00,USD,Monthly Bill Payment
TXN-NORM-004685,USER_0567,SUBSCRIPTION_STREAM_NOW,247.27,2026-09-21T06:10:57.322287+00:00,USD,Monthly Bill Payment
TXN-NORM-004686,USER_0321,HEALTHCARE_CLINIC_CITY,236.87,2026-09-10T21:43:06.611609+00:00,USD,Monthly Bill Payment
TXN-NORM-004687,USER_1618,UTILITY_CITY_WATER,112.17,2026-09-15T19:52:33.737416+00:00,USD,Monthly Bill Payment
TXN-NORM-004688,USER_0833,HEALTHCARE_CLINIC_CITY,166.64,2026-09-11T02:20:45.699060+00:00,USD,Monthly Bill Payment
TXN-NORM-004689,USER_0229,HEALTHCARE_CLINIC_CITY,27.58,2026-09-14T13:40:32.045841+00:00,USD,Monthly Bill Payment
TXN-NORM-004690,USER_0103,GROCERY_MARKET_CENTRAL,60.83,2026-09-07T16:45:08.876712+00:00,USD,Monthly Bill Payment
TXN-NORM-004691,USER_1607,SUBSCRIPTION_STREAM_NOW,236.97,2026-09-03T05:12:11.427431+00:00,USD,Monthly Bill Payment
TXN-NORM-004692,USER_0318,TELECOM_APEX_MOBILE,271.78,2026-09-09T17:57:41.517420+00:00,USD,Monthly Bill Payment
TXN-NORM-004693,USER_1622,USER_1623,200.06,2026-09-10T11:20:07.233726+00:00,USD,Personal Transfer
TXN-NORM-004694,USER_1134,HEALTHCARE_CLINIC_CITY,250.60,2026-09-19T14:38:47.066198+00:00,USD,Monthly Bill Payment
TXN-NORM-004695,USER_0170,USER_0171,18.93,2026-09-26T04:04:39.288876+00:00,USD,Personal Transfer
TXN-NORM-004696,USER_0418,GROCERY_MARKET_CENTRAL,302.66,2026-09-10T02:21:17.169914+00:00,USD,Monthly Bill Payment
TXN-NORM-004697,USER_0449,HEALTHCARE_CLINIC_CITY,182.94,2026-09-08T23:52:01.601593+00:00,USD,Monthly Bill Payment
TXN-NORM-004698,USER_0709,UTILITY_CITY_WATER,215.38,2026-09-09T08:16:35.801952+00:00,USD,Monthly Bill Payment
TXN-NORM-004699,USER_0805,TELECOM_APEX_MOBILE,327.70,2026-09-27T05:35:58.261953+00:00,USD,Monthly Bill Payment
TXN-NORM-004700,USER_0826,HEALTHCARE_CLINIC_CITY,133.15,2026-09-05T17:42:41.718756+00:00,USD,Monthly Bill Payment
TXN-NORM-004701,USER_0423,MUNICIPAL_TAX_BOARD,45.46,2026-09-21T13:36:11.280933+00:00,USD,Monthly Bill Payment
TXN-NORM-004702,USER_1228,USER_1229,230.56,2026-09-22T00:38:57.542464+00:00,USD,Personal Transfer
TXN-NORM-004703,USER_1284,USER_1285,35.65,2026-09-06T12:00:34.941662+00:00,USD,Personal Transfer
TXN-NORM-004704,USER_0176,USER_0177,444.74,2026-09-28T15:47:07.870534+00:00,USD,Personal Transfer
TXN-NORM-004705,USER_1607,UTILITY_METRO_POWER,243.91,2026-09-20T08:48:53.442236+00:00,USD,Monthly Bill Payment
TXN-NORM-004706,USER_0930,UTILITY_CITY_WATER,150.54,2026-09-10T19:46:20.903425+00:00,USD,Monthly Bill Payment
TXN-NORM-004707,USER_0854,SUBSCRIPTION_STREAM_NOW,233.44,2026-09-28T11:50:34.964626+00:00,USD,Monthly Bill Payment
TXN-NORM-004708,USER_0547,MUNICIPAL_TAX_BOARD,277.45,2026-09-13T08:45:33.279700+00:00,USD,Monthly Bill Payment
TXN-NORM-004709,USER_0046,USER_0047,393.92,2026-09-24T23:57:32.645003+00:00,USD,Personal Transfer
TXN-NORM-004710,USER_1153,USER_1154,249.39,2026-09-28T00:04:27.133321+00:00,USD,Personal Transfer
TXN-NORM-004711,USER_0759,UTILITY_METRO_POWER,282.88,2026-09-18T01:07:14.410933+00:00,USD,Monthly Bill Payment
TXN-NORM-004712,USER_1238,USER_1239,460.06,2026-09-11T07:52:48.118267+00:00,USD,Personal Transfer
TXN-NORM-004713,USER_1270,GROCERY_MARKET_CENTRAL,234.33,2026-09-16T13:09:03.675389+00:00,USD,Monthly Bill Payment
TXN-NORM-004714,USER_1358,TELECOM_APEX_MOBILE,148.25,2026-09-09T22:03:25.446423+00:00,USD,Monthly Bill Payment
TXN-NORM-004715,USER_0654,TELECOM_APEX_MOBILE,123.47,2026-09-02T18:21:28.537358+00:00,USD,Monthly Bill Payment
TXN-NORM-004716,USER_1255,GROCERY_MARKET_CENTRAL,124.42,2026-09-24T03:35:22.075465+00:00,USD,Monthly Bill Payment
TXN-NORM-004717,USER_1569,TELECOM_APEX_MOBILE,304.44,2026-09-15T11:42:52.614300+00:00,USD,Monthly Bill Payment
TXN-NORM-004718,USER_1155,MUNICIPAL_TAX_BOARD,111.33,2026-09-05T16:36:21.190093+00:00,USD,Monthly Bill Payment
TXN-NORM-004719,USER_1255,USER_1256,131.88,2026-09-03T18:08:11.415514+00:00,USD,Personal Transfer
TXN-NORM-004720,USER_0231,UTILITY_METRO_POWER,348.09,2026-09-12T08:54:01.808030+00:00,USD,Monthly Bill Payment
TXN-NORM-004721,USER_1360,TELECOM_APEX_MOBILE,175.26,2026-09-05T14:29:26.023713+00:00,USD,Monthly Bill Payment
TXN-NORM-004722,USER_0469,USER_0470,336.66,2026-09-19T05:09:37.507996+00:00,USD,Personal Transfer
TXN-NORM-004723,USER_1351,TELECOM_APEX_MOBILE,331.34,2026-09-16T20:51:49.163888+00:00,USD,Monthly Bill Payment
TXN-NORM-004724,USER_0960,USER_0961,123.28,2026-09-11T10:59:55.780690+00:00,USD,Personal Transfer
TXN-NORM-004725,USER_0554,UTILITY_METRO_POWER,152.89,2026-09-22T18:20:51.029925+00:00,USD,Monthly Bill Payment
TXN-NORM-004726,USER_0674,USER_0675,337.62,2026-09-12T10:32:32.561482+00:00,USD,Personal Transfer
TXN-NORM-004727,USER_0311,TELECOM_APEX_MOBILE,204.62,2026-09-06T05:35:08.258221+00:00,USD,Monthly Bill Payment
TXN-NORM-004728,USER_1588,USER_1589,377.22,2026-09-18T10:40:21.930313+00:00,USD,Personal Transfer
TXN-NORM-004729,USER_0618,USER_0619,213.26,2026-09-11T23:33:44.941164+00:00,USD,Personal Transfer
TXN-NORM-004730,USER_0091,HEALTHCARE_CLINIC_CITY,63.21,2026-09-27T03:19:05.060312+00:00,USD,Monthly Bill Payment
TXN-NORM-004731,USER_0397,UTILITY_METRO_POWER,122.69,2026-09-08T18:27:23.619560+00:00,USD,Monthly Bill Payment
TXN-NORM-004732,USER_0953,HEALTHCARE_CLINIC_CITY,56.21,2026-09-13T12:12:21.938474+00:00,USD,Monthly Bill Payment
TXN-NORM-004733,USER_1495,USER_1496,407.54,2026-09-21T01:25:27.616855+00:00,USD,Personal Transfer
TXN-NORM-004734,USER_1421,TELECOM_APEX_MOBILE,210.87,2026-09-10T07:54:02.197248+00:00,USD,Monthly Bill Payment
TXN-NORM-004735,USER_0086,HEALTHCARE_CLINIC_CITY,274.14,2026-09-08T03:55:13.943938+00:00,USD,Monthly Bill Payment
TXN-NORM-004736,USER_0076,UTILITY_METRO_POWER,50.30,2026-09-02T22:30:24.091383+00:00,USD,Monthly Bill Payment
TXN-NORM-004737,USER_0713,UTILITY_METRO_POWER,167.46,2026-09-02T16:07:05.370618+00:00,USD,Monthly Bill Payment
TXN-NORM-004738,USER_0073,USER_0074,31.22,2026-09-14T22:01:26.330597+00:00,USD,Personal Transfer
TXN-NORM-004739,USER_1113,HEALTHCARE_CLINIC_CITY,56.81,2026-09-18T19:44:26.220569+00:00,USD,Monthly Bill Payment
TXN-NORM-004740,USER_1442,GROCERY_MARKET_CENTRAL,278.69,2026-09-23T02:43:18.878117+00:00,USD,Monthly Bill Payment
TXN-NORM-004741,USER_1362,SUBSCRIPTION_STREAM_NOW,244.98,2026-09-24T08:49:44.599983+00:00,USD,Monthly Bill Payment
TXN-NORM-004742,USER_0723,USER_0724,193.49,2026-09-24T10:01:36.707295+00:00,USD,Personal Transfer
TXN-NORM-004743,USER_1380,USER_1381,252.19,2026-09-21T21:19:00.437606+00:00,USD,Personal Transfer
TXN-NORM-004744,USER_0931,GROCERY_MARKET_CENTRAL,52.75,2026-09-16T21:14:07.131556+00:00,USD,Monthly Bill Payment
TXN-NORM-004745,USER_0438,UTILITY_CITY_WATER,223.93,2026-09-11T12:29:01.784318+00:00,USD,Monthly Bill Payment
TXN-NORM-004746,USER_0153,GROCERY_MARKET_CENTRAL,125.71,2026-09-03T15:55:25.707154+00:00,USD,Monthly Bill Payment
TXN-NORM-004747,USER_1009,SUBSCRIPTION_STREAM_NOW,301.60,2026-09-29T06:05:55.750766+00:00,USD,Monthly Bill Payment
TXN-NORM-004748,USER_0461,GROCERY_MARKET_CENTRAL,291.56,2026-09-22T03:48:03.494398+00:00,USD,Monthly Bill Payment
TXN-NORM-004749,USER_0129,USER_0130,356.24,2026-09-09T05:04:22.700044+00:00,USD,Personal Transfer
TXN-NORM-004750,USER_1368,HEALTHCARE_CLINIC_CITY,99.21,2026-09-03T18:38:03.380839+00:00,USD,Monthly Bill Payment
TXN-NORM-004751,USER_0746,USER_0747,409.67,2026-09-14T09:34:01.207094+00:00,USD,Personal Transfer
TXN-NORM-004752,USER_0799,USER_0800,475.06,2026-09-16T11:32:03.102752+00:00,USD,Personal Transfer
TXN-NORM-004753,USER_1371,MUNICIPAL_TAX_BOARD,332.44,2026-09-27T09:49:55.767350+00:00,USD,Monthly Bill Payment
TXN-NORM-004754,USER_1450,USER_1451,470.40,2026-09-04T03:35:24.242622+00:00,USD,Personal Transfer
TXN-NORM-004755,USER_0213,GROCERY_MARKET_CENTRAL,285.74,2026-09-05T10:08:27.146215+00:00,USD,Monthly Bill Payment
TXN-NORM-004756,USER_0155,UTILITY_CITY_WATER,286.66,2026-09-20T12:41:44.615234+00:00,USD,Monthly Bill Payment
TXN-NORM-004757,USER_0170,USER_0171,176.58,2026-09-18T06:23:17.814041+00:00,USD,Personal Transfer
TXN-NORM-004758,USER_1268,USER_1269,482.42,2026-09-13T03:53:58.611500+00:00,USD,Personal Transfer
TXN-NORM-004759,USER_1289,UTILITY_CITY_WATER,83.78,2026-09-12T17:56:08.585528+00:00,USD,Monthly Bill Payment
TXN-NORM-004760,USER_1406,USER_1407,267.57,2026-09-09T15:06:52.216953+00:00,USD,Personal Transfer
TXN-NORM-004761,USER_1583,USER_1584,118.71,2026-09-20T17:15:28.660429+00:00,USD,Personal Transfer
TXN-NORM-004762,USER_0922,UTILITY_METRO_POWER,91.98,2026-09-29T02:37:55.564999+00:00,USD,Monthly Bill Payment
TXN-NORM-004763,USER_1328,GROCERY_MARKET_CENTRAL,334.15,2026-09-04T19:00:20.315592+00:00,USD,Monthly Bill Payment
TXN-NORM-004764,USER_0879,SUBSCRIPTION_STREAM_NOW,330.21,2026-09-23T20:49:15.337847+00:00,USD,Monthly Bill Payment
TXN-NORM-004765,USER_0533,TELECOM_APEX_MOBILE,240.11,2026-09-05T11:34:50.979626+00:00,USD,Monthly Bill Payment
TXN-NORM-004766,USER_0500,UTILITY_METRO_POWER,61.17,2026-09-10T20:03:41.321306+00:00,USD,Monthly Bill Payment
TXN-NORM-004767,USER_0908,UTILITY_CITY_WATER,25.53,2026-09-08T00:02:47.718634+00:00,USD,Monthly Bill Payment
TXN-NORM-004768,USER_0987,USER_0988,455.35,2026-09-13T03:18:12.509597+00:00,USD,Personal Transfer
TXN-NORM-004769,USER_0095,USER_0096,337.53,2026-09-02T14:10:32.643624+00:00,USD,Personal Transfer
TXN-NORM-004770,USER_0892,UTILITY_CITY_WATER,265.65,2026-09-17T11:42:10.369089+00:00,USD,Monthly Bill Payment
TXN-NORM-004771,USER_0765,GROCERY_MARKET_CENTRAL,46.35,2026-09-14T03:04:49.020036+00:00,USD,Monthly Bill Payment
TXN-NORM-004772,USER_0853,TELECOM_APEX_MOBILE,202.32,2026-09-04T12:14:52.558050+00:00,USD,Monthly Bill Payment
TXN-NORM-004773,USER_1058,MUNICIPAL_TAX_BOARD,151.73,2026-09-03T11:31:42.654055+00:00,USD,Monthly Bill Payment
TXN-NORM-004774,USER_1177,GROCERY_MARKET_CENTRAL,121.65,2026-09-08T06:15:20.255798+00:00,USD,Monthly Bill Payment
TXN-NORM-004775,USER_0673,USER_0674,159.78,2026-09-09T10:46:17.035100+00:00,USD,Personal Transfer
TXN-NORM-004776,USER_1206,HEALTHCARE_CLINIC_CITY,269.64,2026-09-13T08:50:44.777948+00:00,USD,Monthly Bill Payment
TXN-NORM-004777,USER_1248,USER_1249,401.84,2026-09-12T21:18:14.533068+00:00,USD,Personal Transfer
TXN-NORM-004778,USER_0068,USER_0069,22.50,2026-09-22T10:44:19.522082+00:00,USD,Personal Transfer
TXN-NORM-004779,USER_0612,MUNICIPAL_TAX_BOARD,171.45,2026-09-24T14:26:21.293666+00:00,USD,Monthly Bill Payment
TXN-NORM-004780,USER_0109,MUNICIPAL_TAX_BOARD,57.45,2026-09-04T03:17:13.418130+00:00,USD,Monthly Bill Payment
TXN-NORM-004781,USER_0814,USER_0815,477.93,2026-09-06T05:06:05.271752+00:00,USD,Personal Transfer
TXN-NORM-004782,USER_0947,UTILITY_CITY_WATER,46.77,2026-09-05T11:18:22.332769+00:00,USD,Monthly Bill Payment
TXN-NORM-004783,USER_0510,GROCERY_MARKET_CENTRAL,135.80,2026-09-13T00:41:58.151626+00:00,USD,Monthly Bill Payment
TXN-NORM-004784,USER_0352,SUBSCRIPTION_STREAM_NOW,210.70,2026-09-02T00:49:29.858237+00:00,USD,Monthly Bill Payment
TXN-NORM-004785,USER_1550,GROCERY_MARKET_CENTRAL,114.81,2026-09-22T01:45:08.382359+00:00,USD,Monthly Bill Payment
TXN-NORM-004786,USER_0022,GROCERY_MARKET_CENTRAL,347.94,2026-09-25T13:06:04.187031+00:00,USD,Monthly Bill Payment
TXN-NORM-004787,USER_1117,HEALTHCARE_CLINIC_CITY,297.74,2026-09-16T03:44:02.185342+00:00,USD,Monthly Bill Payment
TXN-NORM-004788,USER_1309,GROCERY_MARKET_CENTRAL,131.04,2026-09-13T17:00:59.864868+00:00,USD,Monthly Bill Payment
TXN-NORM-004789,USER_0173,MUNICIPAL_TAX_BOARD,95.74,2026-09-11T12:10:22.681874+00:00,USD,Monthly Bill Payment
TXN-NORM-004790,USER_1414,USER_1415,54.52,2026-09-05T08:57:12.146783+00:00,USD,Personal Transfer
TXN-NORM-004791,USER_0097,USER_0098,278.39,2026-09-23T06:42:57.522176+00:00,USD,Personal Transfer
TXN-NORM-004792,USER_0388,MUNICIPAL_TAX_BOARD,28.88,2026-09-11T14:14:54.948558+00:00,USD,Monthly Bill Payment
TXN-NORM-004793,USER_0452,SUBSCRIPTION_STREAM_NOW,326.91,2026-09-23T11:18:08.906452+00:00,USD,Monthly Bill Payment
TXN-NORM-004794,USER_0167,USER_0168,182.52,2026-09-21T11:39:25.447507+00:00,USD,Personal Transfer
TXN-NORM-004795,USER_1025,UTILITY_CITY_WATER,107.44,2026-09-03T16:37:23.187260+00:00,USD,Monthly Bill Payment
TXN-NORM-004796,USER_1431,MUNICIPAL_TAX_BOARD,287.97,2026-09-11T10:36:27.417856+00:00,USD,Monthly Bill Payment
TXN-NORM-004797,USER_1559,UTILITY_CITY_WATER,170.67,2026-09-17T15:25:57.258024+00:00,USD,Monthly Bill Payment
TXN-NORM-004798,USER_1145,GROCERY_MARKET_CENTRAL,156.21,2026-09-23T10:27:13.933121+00:00,USD,Monthly Bill Payment
TXN-NORM-004799,USER_0952,USER_0953,203.07,2026-09-13T22:03:59.427793+00:00,USD,Personal Transfer
TXN-NORM-004800,USER_0460,HEALTHCARE_CLINIC_CITY,242.20,2026-09-28T14:42:26.392085+00:00,USD,Monthly Bill Payment
TXN-NORM-004801,USER_0478,USER_0479,129.62,2026-09-20T05:06:35.007554+00:00,USD,Personal Transfer
TXN-NORM-004802,USER_0467,GROCERY_MARKET_CENTRAL,259.83,2026-09-09T16:05:21.903060+00:00,USD,Monthly Bill Payment
TXN-NORM-004803,USER_0925,TELECOM_APEX_MOBILE,348.23,2026-09-23T10:51:04.214980+00:00,USD,Monthly Bill Payment
TXN-NORM-004804,USER_0697,MUNICIPAL_TAX_BOARD,304.11,2026-09-02T02:33:56.904243+00:00,USD,Monthly Bill Payment
TXN-NORM-004805,USER_1202,GROCERY_MARKET_CENTRAL,95.60,2026-09-26T16:53:31.606170+00:00,USD,Monthly Bill Payment
TXN-NORM-004806,USER_0240,GROCERY_MARKET_CENTRAL,135.79,2026-09-29T20:52:28.338360+00:00,USD,Monthly Bill Payment
TXN-NORM-004807,USER_0593,MUNICIPAL_TAX_BOARD,258.39,2026-09-03T15:43:37.945293+00:00,USD,Monthly Bill Payment
TXN-NORM-004808,USER_0613,USER_0614,67.14,2026-09-13T09:25:02.882402+00:00,USD,Personal Transfer
TXN-NORM-004809,USER_0992,USER_0993,442.34,2026-09-18T07:29:36.756090+00:00,USD,Personal Transfer
TXN-NORM-004810,USER_0742,SUBSCRIPTION_STREAM_NOW,73.70,2026-09-23T00:22:59.320876+00:00,USD,Monthly Bill Payment
TXN-NORM-004811,USER_1158,USER_1159,294.66,2026-09-06T11:41:43.601252+00:00,USD,Personal Transfer
TXN-NORM-004812,USER_0607,UTILITY_CITY_WATER,213.49,2026-09-09T05:53:45.451001+00:00,USD,Monthly Bill Payment
TXN-NORM-004813,USER_1247,GROCERY_MARKET_CENTRAL,138.38,2026-09-28T22:30:53.922413+00:00,USD,Monthly Bill Payment
TXN-NORM-004814,USER_0854,GROCERY_MARKET_CENTRAL,335.00,2026-09-14T01:54:17.510931+00:00,USD,Monthly Bill Payment
TXN-NORM-004815,USER_1471,USER_1472,213.74,2026-09-03T19:42:05.091352+00:00,USD,Personal Transfer
TXN-NORM-004816,USER_1123,SUBSCRIPTION_STREAM_NOW,314.37,2026-09-19T18:41:47.602503+00:00,USD,Monthly Bill Payment
TXN-NORM-004817,USER_0900,MUNICIPAL_TAX_BOARD,315.25,2026-09-15T01:37:55.884051+00:00,USD,Monthly Bill Payment
TXN-NORM-004818,USER_0833,UTILITY_CITY_WATER,310.79,2026-09-08T13:13:03.679390+00:00,USD,Monthly Bill Payment
TXN-NORM-004819,USER_1555,USER_1556,473.98,2026-09-03T18:09:38.455879+00:00,USD,Personal Transfer
TXN-NORM-004820,USER_1556,MUNICIPAL_TAX_BOARD,161.32,2026-09-11T21:25:33.098111+00:00,USD,Monthly Bill Payment
TXN-NORM-004821,USER_0384,USER_0385,112.83,2026-09-02T20:26:59.866781+00:00,USD,Personal Transfer
TXN-NORM-004822,USER_0475,GROCERY_MARKET_CENTRAL,71.51,2026-09-28T06:58:21.521275+00:00,USD,Monthly Bill Payment
TXN-NORM-004823,USER_1264,UTILITY_METRO_POWER,280.94,2026-09-08T11:39:51.115525+00:00,USD,Monthly Bill Payment
TXN-NORM-004824,USER_1451,USER_1452,492.68,2026-09-25T12:47:36.840003+00:00,USD,Personal Transfer
TXN-NORM-004825,USER_0530,USER_0531,311.81,2026-09-20T17:10:43.608763+00:00,USD,Personal Transfer
TXN-NORM-004826,USER_1341,GROCERY_MARKET_CENTRAL,70.69,2026-09-11T18:04:57.663352+00:00,USD,Monthly Bill Payment
TXN-NORM-004827,USER_0626,HEALTHCARE_CLINIC_CITY,296.26,2026-09-16T03:36:57.710465+00:00,USD,Monthly Bill Payment
TXN-NORM-004828,USER_0068,USER_0069,272.57,2026-09-26T02:31:03.410481+00:00,USD,Personal Transfer
TXN-NORM-004829,USER_1139,UTILITY_METRO_POWER,62.85,2026-09-16T23:40:54.175840+00:00,USD,Monthly Bill Payment
TXN-NORM-004830,USER_1186,UTILITY_CITY_WATER,142.69,2026-09-23T01:41:19.767335+00:00,USD,Monthly Bill Payment
TXN-NORM-004831,USER_0637,USER_0638,135.08,2026-09-16T12:13:28.021747+00:00,USD,Personal Transfer
TXN-NORM-004832,USER_0910,TELECOM_APEX_MOBILE,285.23,2026-09-29T14:56:08.781238+00:00,USD,Monthly Bill Payment
TXN-NORM-004833,USER_0983,MUNICIPAL_TAX_BOARD,232.20,2026-09-29T09:06:59.602321+00:00,USD,Monthly Bill Payment
TXN-NORM-004834,USER_0915,UTILITY_CITY_WATER,259.68,2026-09-02T16:47:20.736975+00:00,USD,Monthly Bill Payment
TXN-NORM-004835,USER_0267,SUBSCRIPTION_STREAM_NOW,36.11,2026-09-08T19:10:06.010681+00:00,USD,Monthly Bill Payment
TXN-NORM-004836,USER_0191,SUBSCRIPTION_STREAM_NOW,338.45,2026-09-22T04:08:28.774165+00:00,USD,Monthly Bill Payment
TXN-NORM-004837,USER_0428,USER_0429,408.39,2026-09-23T13:21:57.285233+00:00,USD,Personal Transfer
TXN-NORM-004838,USER_1159,GROCERY_MARKET_CENTRAL,284.21,2026-09-15T20:42:38.178810+00:00,USD,Monthly Bill Payment
TXN-NORM-004839,USER_0157,TELECOM_APEX_MOBILE,284.09,2026-09-06T12:27:56.304487+00:00,USD,Monthly Bill Payment
TXN-NORM-004840,USER_0356,TELECOM_APEX_MOBILE,62.33,2026-09-05T09:26:55.026333+00:00,USD,Monthly Bill Payment
TXN-NORM-004841,USER_0018,UTILITY_METRO_POWER,31.30,2026-09-22T22:57:28.258895+00:00,USD,Monthly Bill Payment
TXN-NORM-004842,USER_0161,USER_0162,179.16,2026-09-07T08:26:21.963397+00:00,USD,Personal Transfer
TXN-NORM-004843,USER_0163,HEALTHCARE_CLINIC_CITY,238.23,2026-09-02T13:21:49.229733+00:00,USD,Monthly Bill Payment
TXN-NORM-004844,USER_0008,TELECOM_APEX_MOBILE,332.81,2026-09-26T22:57:04.194139+00:00,USD,Monthly Bill Payment
TXN-NORM-004845,USER_0137,GROCERY_MARKET_CENTRAL,251.26,2026-09-16T16:52:20.479404+00:00,USD,Monthly Bill Payment
TXN-NORM-004846,USER_0114,USER_0115,439.11,2026-09-09T18:41:45.606043+00:00,USD,Personal Transfer
TXN-NORM-004847,USER_0655,USER_0656,97.99,2026-09-02T08:45:24.567521+00:00,USD,Personal Transfer
TXN-NORM-004848,USER_1395,USER_1396,415.24,2026-09-14T13:05:23.224990+00:00,USD,Personal Transfer
TXN-NORM-004849,USER_0471,USER_0472,455.65,2026-09-13T11:37:48.653327+00:00,USD,Personal Transfer
TXN-NORM-004850,USER_0700,UTILITY_METRO_POWER,211.18,2026-09-17T03:05:39.523546+00:00,USD,Monthly Bill Payment
TXN-NORM-004851,USER_0763,MUNICIPAL_TAX_BOARD,95.25,2026-09-15T19:31:17.462260+00:00,USD,Monthly Bill Payment
TXN-NORM-004852,USER_1096,USER_1097,57.64,2026-09-02T02:14:28.196900+00:00,USD,Personal Transfer
TXN-NORM-004853,USER_0532,UTILITY_CITY_WATER,155.43,2026-09-29T04:23:01.606225+00:00,USD,Monthly Bill Payment
TXN-NORM-004854,USER_0155,HEALTHCARE_CLINIC_CITY,57.41,2026-09-20T16:19:11.695838+00:00,USD,Monthly Bill Payment
TXN-NORM-004855,USER_1299,UTILITY_METRO_POWER,208.79,2026-09-04T11:12:59.182001+00:00,USD,Monthly Bill Payment
TXN-NORM-004856,USER_1017,UTILITY_CITY_WATER,34.01,2026-09-26T00:16:00.523519+00:00,USD,Monthly Bill Payment
TXN-NORM-004857,USER_0265,GROCERY_MARKET_CENTRAL,207.76,2026-09-17T17:09:52.067343+00:00,USD,Monthly Bill Payment
TXN-NORM-004858,USER_1126,USER_1127,356.94,2026-09-11T20:53:21.802899+00:00,USD,Personal Transfer
TXN-NORM-004859,USER_1158,HEALTHCARE_CLINIC_CITY,301.57,2026-09-02T04:30:41.653758+00:00,USD,Monthly Bill Payment
TXN-NORM-004860,USER_1545,UTILITY_METRO_POWER,136.69,2026-09-11T10:59:33.353214+00:00,USD,Monthly Bill Payment
TXN-NORM-004861,USER_1294,USER_1295,223.24,2026-09-27T08:48:22.386420+00:00,USD,Personal Transfer
TXN-NORM-004862,USER_0433,USER_0434,306.75,2026-09-19T20:12:39.629709+00:00,USD,Personal Transfer
TXN-NORM-004863,USER_0040,USER_0041,352.56,2026-09-15T08:10:57.040109+00:00,USD,Personal Transfer
TXN-NORM-004864,USER_0227,USER_0228,287.22,2026-09-28T19:39:24.395548+00:00,USD,Personal Transfer
TXN-NORM-004865,USER_0958,USER_0959,78.19,2026-09-18T05:03:31.957574+00:00,USD,Personal Transfer
TXN-NORM-004866,USER_1232,UTILITY_METRO_POWER,82.79,2026-09-27T20:57:57.879106+00:00,USD,Monthly Bill Payment
TXN-NORM-004867,USER_1338,SUBSCRIPTION_STREAM_NOW,101.58,2026-09-29T15:11:10.121207+00:00,USD,Monthly Bill Payment
TXN-NORM-004868,USER_1323,GROCERY_MARKET_CENTRAL,108.81,2026-09-24T09:09:05.043639+00:00,USD,Monthly Bill Payment
TXN-NORM-004869,USER_0392,TELECOM_APEX_MOBILE,227.36,2026-09-07T16:35:53.284429+00:00,USD,Monthly Bill Payment
TXN-NORM-004870,USER_0948,SUBSCRIPTION_STREAM_NOW,60.85,2026-09-06T20:07:38.395197+00:00,USD,Monthly Bill Payment
TXN-NORM-004871,USER_0832,USER_0833,266.49,2026-09-25T19:27:13.928932+00:00,USD,Personal Transfer
TXN-NORM-004872,USER_1386,GROCERY_MARKET_CENTRAL,98.58,2026-09-25T02:15:39.523340+00:00,USD,Monthly Bill Payment
TXN-NORM-004873,USER_1094,SUBSCRIPTION_STREAM_NOW,213.88,2026-09-19T18:43:03.661683+00:00,USD,Monthly Bill Payment
TXN-NORM-004874,USER_0858,USER_0859,154.23,2026-09-19T06:29:37.790485+00:00,USD,Personal Transfer
TXN-NORM-004875,USER_1232,SUBSCRIPTION_STREAM_NOW,159.94,2026-09-21T20:41:05.579479+00:00,USD,Monthly Bill Payment
TXN-NORM-004876,USER_0590,USER_0591,192.49,2026-09-13T05:04:04.406105+00:00,USD,Personal Transfer
TXN-NORM-004877,USER_1217,MUNICIPAL_TAX_BOARD,100.05,2026-09-03T05:21:56.143724+00:00,USD,Monthly Bill Payment
TXN-NORM-004878,USER_1220,USER_1221,417.64,2026-09-22T03:02:38.108663+00:00,USD,Personal Transfer
TXN-NORM-004879,USER_0121,USER_0122,132.24,2026-09-20T20:23:15.597431+00:00,USD,Personal Transfer
TXN-NORM-004880,USER_1456,TELECOM_APEX_MOBILE,321.22,2026-09-14T18:54:34.388129+00:00,USD,Monthly Bill Payment
TXN-NORM-004881,USER_0530,GROCERY_MARKET_CENTRAL,29.14,2026-09-26T11:03:48.338572+00:00,USD,Monthly Bill Payment
TXN-NORM-004882,USER_0024,MUNICIPAL_TAX_BOARD,284.09,2026-09-16T11:41:57.244239+00:00,USD,Monthly Bill Payment
TXN-NORM-004883,USER_0446,USER_0447,403.55,2026-09-19T02:52:16.892628+00:00,USD,Personal Transfer
TXN-NORM-004884,USER_0336,GROCERY_MARKET_CENTRAL,337.92,2026-09-17T01:59:58.308724+00:00,USD,Monthly Bill Payment
TXN-NORM-004885,USER_1326,USER_1327,351.37,2026-09-19T12:08:46.091435+00:00,USD,Personal Transfer
TXN-NORM-004886,USER_1613,GROCERY_MARKET_CENTRAL,218.42,2026-09-28T06:12:59.776160+00:00,USD,Monthly Bill Payment
TXN-NORM-004887,USER_1618,TELECOM_APEX_MOBILE,176.12,2026-09-13T23:57:57.175794+00:00,USD,Monthly Bill Payment
TXN-NORM-004888,USER_1597,UTILITY_CITY_WATER,71.56,2026-09-10T20:24:59.549665+00:00,USD,Monthly Bill Payment
TXN-NORM-004889,USER_1153,TELECOM_APEX_MOBILE,298.79,2026-09-02T20:15:06.015885+00:00,USD,Monthly Bill Payment
TXN-NORM-004890,USER_0833,UTILITY_CITY_WATER,171.77,2026-09-25T13:39:24.439633+00:00,USD,Monthly Bill Payment
TXN-NORM-004891,USER_1002,TELECOM_APEX_MOBILE,239.06,2026-09-22T17:35:38.082768+00:00,USD,Monthly Bill Payment
TXN-NORM-004892,USER_0108,USER_0109,209.27,2026-09-09T22:46:36.984322+00:00,USD,Personal Transfer
TXN-NORM-004893,USER_1010,SUBSCRIPTION_STREAM_NOW,168.93,2026-09-22T00:03:10.818952+00:00,USD,Monthly Bill Payment
TXN-NORM-004894,USER_0745,USER_0746,110.28,2026-09-09T12:15:40.989301+00:00,USD,Personal Transfer
TXN-NORM-004895,USER_0474,USER_0475,169.94,2026-09-12T21:41:15.827237+00:00,USD,Personal Transfer
TXN-NORM-004896,USER_0435,USER_0436,495.80,2026-09-20T17:07:00.139657+00:00,USD,Personal Transfer
TXN-NORM-004897,USER_0711,SUBSCRIPTION_STREAM_NOW,89.39,2026-09-15T02:39:54.319196+00:00,USD,Monthly Bill Payment
TXN-NORM-004898,USER_1047,SUBSCRIPTION_STREAM_NOW,100.54,2026-09-07T22:34:33.243981+00:00,USD,Monthly Bill Payment
TXN-NORM-004899,USER_0698,UTILITY_CITY_WATER,345.37,2026-09-27T00:50:55.330137+00:00,USD,Monthly Bill Payment
TXN-NORM-004900,USER_0867,GROCERY_MARKET_CENTRAL,179.59,2026-09-25T11:36:05.835062+00:00,USD,Monthly Bill Payment
TXN-NORM-004901,USER_0520,HEALTHCARE_CLINIC_CITY,291.15,2026-09-18T02:18:36.353501+00:00,USD,Monthly Bill Payment
TXN-NORM-004902,USER_0323,UTILITY_METRO_POWER,154.92,2026-09-08T04:50:33.998422+00:00,USD,Monthly Bill Payment
TXN-NORM-004903,USER_0258,UTILITY_METRO_POWER,183.43,2026-09-05T13:42:00.270325+00:00,USD,Monthly Bill Payment
TXN-NORM-004904,USER_0184,GROCERY_MARKET_CENTRAL,216.02,2026-09-12T07:09:31.947479+00:00,USD,Monthly Bill Payment
TXN-NORM-004905,USER_0547,UTILITY_CITY_WATER,315.99,2026-09-21T13:06:28.281293+00:00,USD,Monthly Bill Payment
TXN-NORM-004906,USER_1408,USER_1409,49.54,2026-09-28T15:21:40.926239+00:00,USD,Personal Transfer
TXN-NORM-004907,USER_1216,UTILITY_METRO_POWER,67.77,2026-09-12T13:56:47.089766+00:00,USD,Monthly Bill Payment
TXN-NORM-004908,USER_0477,MUNICIPAL_TAX_BOARD,49.49,2026-09-25T01:22:29.231310+00:00,USD,Monthly Bill Payment
TXN-NORM-004909,USER_0187,USER_0188,25.34,2026-09-25T03:57:32.734279+00:00,USD,Personal Transfer
TXN-NORM-004910,USER_1466,USER_1467,481.08,2026-09-22T11:20:23.004470+00:00,USD,Personal Transfer
TXN-NORM-004911,USER_1561,USER_1562,176.59,2026-09-19T13:18:18.873877+00:00,USD,Personal Transfer
TXN-NORM-004912,USER_1019,USER_1020,448.66,2026-09-11T02:48:37.971803+00:00,USD,Personal Transfer
TXN-NORM-004913,USER_0804,SUBSCRIPTION_STREAM_NOW,104.96,2026-09-08T08:06:09.136155+00:00,USD,Monthly Bill Payment
TXN-NORM-004914,USER_1606,GROCERY_MARKET_CENTRAL,49.19,2026-09-22T17:08:20.271240+00:00,USD,Monthly Bill Payment
TXN-NORM-004915,USER_1372,USER_1373,168.23,2026-09-20T14:39:58.831792+00:00,USD,Personal Transfer
TXN-NORM-004916,USER_0019,USER_0020,166.64,2026-09-02T06:59:10.280282+00:00,USD,Personal Transfer
TXN-NORM-004917,USER_0593,GROCERY_MARKET_CENTRAL,141.51,2026-09-11T00:27:01.509880+00:00,USD,Monthly Bill Payment
TXN-NORM-004918,USER_1336,UTILITY_CITY_WATER,247.90,2026-09-14T05:57:05.543121+00:00,USD,Monthly Bill Payment
TXN-NORM-004919,USER_1419,USER_1420,386.25,2026-09-02T11:14:22.064154+00:00,USD,Personal Transfer
TXN-NORM-004920,USER_0078,GROCERY_MARKET_CENTRAL,160.72,2026-09-04T07:51:43.909716+00:00,USD,Monthly Bill Payment
TXN-NORM-004921,USER_0197,USER_0198,418.06,2026-09-22T08:31:08.010004+00:00,USD,Personal Transfer
TXN-NORM-004922,USER_1075,TELECOM_APEX_MOBILE,284.76,2026-09-04T17:09:48.280891+00:00,USD,Monthly Bill Payment
TXN-NORM-004923,USER_0801,USER_0802,268.66,2026-09-12T19:21:51.789415+00:00,USD,Personal Transfer
TXN-NORM-004924,USER_0835,USER_0836,270.81,2026-09-15T09:17:33.480242+00:00,USD,Personal Transfer
TXN-NORM-004925,USER_1403,HEALTHCARE_CLINIC_CITY,36.43,2026-09-13T12:18:33.900008+00:00,USD,Monthly Bill Payment
TXN-NORM-004926,USER_1211,SUBSCRIPTION_STREAM_NOW,82.23,2026-09-29T15:53:15.194300+00:00,USD,Monthly Bill Payment
TXN-NORM-004927,USER_0071,GROCERY_MARKET_CENTRAL,25.58,2026-09-28T20:10:55.384669+00:00,USD,Monthly Bill Payment
TXN-NORM-004928,USER_1308,USER_1309,89.85,2026-09-05T06:02:09.097921+00:00,USD,Personal Transfer
TXN-NORM-004929,USER_0396,SUBSCRIPTION_STREAM_NOW,192.62,2026-09-11T21:55:05.760431+00:00,USD,Monthly Bill Payment
TXN-NORM-004930,USER_1490,USER_1491,387.79,2026-09-23T19:27:12.690734+00:00,USD,Personal Transfer
TXN-NORM-004931,USER_1237,HEALTHCARE_CLINIC_CITY,107.97,2026-09-26T20:37:57.347151+00:00,USD,Monthly Bill Payment
TXN-NORM-004932,USER_0582,UTILITY_METRO_POWER,109.57,2026-09-08T01:13:45.587788+00:00,USD,Monthly Bill Payment
TXN-NORM-004933,USER_0985,MUNICIPAL_TAX_BOARD,192.41,2026-09-03T06:26:57.616910+00:00,USD,Monthly Bill Payment
TXN-NORM-004934,USER_0856,SUBSCRIPTION_STREAM_NOW,315.30,2026-09-04T01:59:09.542216+00:00,USD,Monthly Bill Payment
TXN-NORM-004935,USER_0173,HEALTHCARE_CLINIC_CITY,222.48,2026-09-11T16:01:17.863702+00:00,USD,Monthly Bill Payment
TXN-NORM-004936,USER_0749,USER_0750,464.17,2026-09-07T21:24:36.060356+00:00,USD,Personal Transfer
TXN-NORM-004937,USER_0184,MUNICIPAL_TAX_BOARD,327.90,2026-09-27T21:02:26.121178+00:00,USD,Monthly Bill Payment
TXN-NORM-004938,USER_0034,USER_0035,175.67,2026-09-05T23:02:48.976433+00:00,USD,Personal Transfer
TXN-NORM-004939,USER_1620,GROCERY_MARKET_CENTRAL,103.64,2026-09-23T20:50:49.686073+00:00,USD,Monthly Bill Payment
TXN-NORM-004940,USER_1387,MUNICIPAL_TAX_BOARD,279.40,2026-09-12T21:57:44.785261+00:00,USD,Monthly Bill Payment
TXN-NORM-004941,USER_0852,UTILITY_CITY_WATER,29.10,2026-09-10T06:43:41.427368+00:00,USD,Monthly Bill Payment
TXN-NORM-004942,USER_0212,GROCERY_MARKET_CENTRAL,119.27,2026-09-20T10:55:27.393827+00:00,USD,Monthly Bill Payment
TXN-NORM-004943,USER_0658,MUNICIPAL_TAX_BOARD,347.58,2026-09-03T18:24:18.779032+00:00,USD,Monthly Bill Payment
TXN-NORM-004944,USER_1039,USER_1040,425.62,2026-09-22T02:03:33.234105+00:00,USD,Personal Transfer
TXN-NORM-004945,USER_0823,TELECOM_APEX_MOBILE,147.69,2026-09-08T23:09:45.413295+00:00,USD,Monthly Bill Payment
TXN-NORM-004946,USER_0803,MUNICIPAL_TAX_BOARD,96.42,2026-09-07T18:02:30.134873+00:00,USD,Monthly Bill Payment
TXN-NORM-004947,USER_1375,UTILITY_CITY_WATER,126.68,2026-09-02T15:43:36.622818+00:00,USD,Monthly Bill Payment
TXN-NORM-004948,USER_1260,HEALTHCARE_CLINIC_CITY,341.44,2026-09-27T21:13:25.185625+00:00,USD,Monthly Bill Payment
TXN-NORM-004949,USER_0570,TELECOM_APEX_MOBILE,159.33,2026-09-29T22:42:06.483862+00:00,USD,Monthly Bill Payment
TXN-NORM-004950,USER_0794,UTILITY_METRO_POWER,194.61,2026-09-19T06:22:52.094541+00:00,USD,Monthly Bill Payment
TXN-NORM-004951,USER_0774,TELECOM_APEX_MOBILE,230.35,2026-09-11T17:45:13.871260+00:00,USD,Monthly Bill Payment
TXN-NORM-004952,USER_0115,UTILITY_CITY_WATER,316.41,2026-09-05T07:50:12.694769+00:00,USD,Monthly Bill Payment
TXN-NORM-004953,USER_0588,GROCERY_MARKET_CENTRAL,300.60,2026-09-12T23:48:56.412671+00:00,USD,Monthly Bill Payment
TXN-NORM-004954,USER_0210,MUNICIPAL_TAX_BOARD,264.39,2026-09-04T09:43:22.277445+00:00,USD,Monthly Bill Payment
TXN-NORM-004955,USER_0538,GROCERY_MARKET_CENTRAL,189.72,2026-09-16T09:07:13.710640+00:00,USD,Monthly Bill Payment
TXN-NORM-004956,USER_0025,HEALTHCARE_CLINIC_CITY,201.24,2026-09-13T18:51:21.936034+00:00,USD,Monthly Bill Payment
TXN-NORM-004957,USER_0236,USER_0237,270.69,2026-09-07T23:33:40.628329+00:00,USD,Personal Transfer
TXN-NORM-004958,USER_0602,USER_0603,285.08,2026-09-15T08:23:05.274827+00:00,USD,Personal Transfer
TXN-NORM-004959,USER_0397,MUNICIPAL_TAX_BOARD,129.96,2026-09-11T11:21:50.697211+00:00,USD,Monthly Bill Payment
TXN-NORM-004960,USER_1130,USER_1131,161.92,2026-09-25T23:33:56.252674+00:00,USD,Personal Transfer
TXN-NORM-004961,USER_0031,MUNICIPAL_TAX_BOARD,73.48,2026-09-24T09:18:27.379950+00:00,USD,Monthly Bill Payment
TXN-NORM-004962,USER_1100,GROCERY_MARKET_CENTRAL,174.98,2026-09-12T18:43:35.921077+00:00,USD,Monthly Bill Payment
TXN-NORM-004963,USER_0947,GROCERY_MARKET_CENTRAL,296.56,2026-09-12T06:12:14.486342+00:00,USD,Monthly Bill Payment
TXN-NORM-004964,USER_0226,USER_0227,344.33,2026-09-02T18:56:12.148127+00:00,USD,Personal Transfer
TXN-NORM-004965,USER_1293,UTILITY_METRO_POWER,221.39,2026-09-05T11:46:46.635671+00:00,USD,Monthly Bill Payment
TXN-NORM-004966,USER_0510,USER_0511,26.89,2026-09-13T15:11:30.644224+00:00,USD,Personal Transfer
TXN-NORM-004967,USER_0931,USER_0932,64.44,2026-09-23T20:53:55.538795+00:00,USD,Personal Transfer
TXN-NORM-004968,USER_1189,USER_1190,474.79,2026-09-19T08:31:53.765011+00:00,USD,Personal Transfer
TXN-NORM-004969,USER_1348,USER_1349,250.81,2026-09-06T02:55:45.223988+00:00,USD,Personal Transfer
TXN-NORM-004970,USER_1148,UTILITY_METRO_POWER,96.64,2026-09-23T18:47:16.156217+00:00,USD,Monthly Bill Payment
TXN-NORM-004971,USER_0161,UTILITY_METRO_POWER,61.03,2026-09-07T08:32:00.876785+00:00,USD,Monthly Bill Payment
TXN-NORM-004972,USER_1152,UTILITY_METRO_POWER,251.66,2026-09-10T21:18:56.379257+00:00,USD,Monthly Bill Payment
TXN-NORM-004973,USER_0475,MUNICIPAL_TAX_BOARD,242.27,2026-09-20T02:18:12.196554+00:00,USD,Monthly Bill Payment
TXN-NORM-004974,USER_0635,UTILITY_METRO_POWER,211.07,2026-09-03T06:38:52.854762+00:00,USD,Monthly Bill Payment
TXN-NORM-004975,USER_0563,USER_0564,63.54,2026-09-24T18:01:51.632011+00:00,USD,Personal Transfer
TXN-NORM-004976,USER_1353,USER_1354,25.56,2026-09-14T18:39:35.744371+00:00,USD,Personal Transfer
TXN-NORM-004977,USER_0215,TELECOM_APEX_MOBILE,178.99,2026-09-24T18:12:40.698710+00:00,USD,Monthly Bill Payment
TXN-NORM-004978,USER_1566,TELECOM_APEX_MOBILE,281.93,2026-09-11T12:44:38.384612+00:00,USD,Monthly Bill Payment
TXN-NORM-004979,USER_0932,USER_0933,496.67,2026-09-02T18:35:39.837861+00:00,USD,Personal Transfer
TXN-NORM-004980,USER_0922,MUNICIPAL_TAX_BOARD,331.33,2026-09-19T13:22:17.097547+00:00,USD,Monthly Bill Payment
TXN-NORM-004981,USER_0506,MUNICIPAL_TAX_BOARD,118.90,2026-09-22T00:16:22.130995+00:00,USD,Monthly Bill Payment
TXN-NORM-004982,USER_0381,USER_0382,17.09,2026-09-13T09:20:00.909972+00:00,USD,Personal Transfer
TXN-NORM-004983,USER_0790,UTILITY_CITY_WATER,330.60,2026-09-07T00:08:43.514966+00:00,USD,Monthly Bill Payment
TXN-NORM-004984,USER_1440,SUBSCRIPTION_STREAM_NOW,103.47,2026-09-03T15:49:56.070221+00:00,USD,Monthly Bill Payment
TXN-NORM-004985,USER_1404,USER_1405,176.16,2026-09-04T12:27:51.677193+00:00,USD,Personal Transfer
TXN-NORM-004986,USER_0834,USER_0835,33.16,2026-09-06T15:47:54.926533+00:00,USD,Personal Transfer
TXN-NORM-004987,USER_0592,SUBSCRIPTION_STREAM_NOW,175.76,2026-09-09T23:02:23.459944+00:00,USD,Monthly Bill Payment
TXN-NORM-004988,USER_0616,USER_0617,137.38,2026-09-12T15:25:28.168457+00:00,USD,Personal Transfer
TXN-NORM-004989,USER_0143,GROCERY_MARKET_CENTRAL,59.62,2026-09-27T02:14:24.247064+00:00,USD,Monthly Bill Payment
TXN-NORM-004990,USER_0110,USER_0111,380.44,2026-09-15T00:44:03.072257+00:00,USD,Personal Transfer
TXN-NORM-004991,USER_0911,SUBSCRIPTION_STREAM_NOW,126.79,2026-09-28T17:03:25.565568+00:00,USD,Monthly Bill Payment
TXN-NORM-004992,USER_0635,MUNICIPAL_TAX_BOARD,58.56,2026-09-24T08:32:09.780759+00:00,USD,Monthly Bill Payment
TXN-NORM-004993,USER_0152,UTILITY_METRO_POWER,347.63,2026-09-18T07:27:21.232262+00:00,USD,Monthly Bill Payment
TXN-NORM-004994,USER_0570,TELECOM_APEX_MOBILE,120.46,2026-09-06T13:39:48.419473+00:00,USD,Monthly Bill Payment
TXN-NORM-004995,USER_0731,UTILITY_CITY_WATER,100.52,2026-09-18T20:01:54.039079+00:00,USD,Monthly Bill Payment
TXN-NORM-004996,USER_1364,USER_1365,463.92,2026-09-10T18:02:51.457395+00:00,USD,Personal Transfer
TXN-NORM-004997,USER_0767,USER_0768,391.44,2026-09-08T06:06:44.548038+00:00,USD,Personal Transfer
TXN-NORM-004998,USER_0055,USER_0056,454.83,2026-09-22T11:22:38.530497+00:00,USD,Personal Transfer
TXN-NORM-004999,USER_1551,HEALTHCARE_CLINIC_CITY,156.37,2026-09-19T04:04:10.655490+00:00,USD,Monthly Bill Payment
TXN-NORM-005000,USER_0713,MUNICIPAL_TAX_BOARD,180.23,2026-09-12T15:35:35.666506+00:00,USD,Monthly Bill Payment
