transaction_id,sender_account,receiver_account,amount,timestamp,currency,description
TXN-CYC3-00001,CYC3_ACC_A,CYC3_ACC_B,25000.00,2026-09-03T12:00:00+00:00,USD,Consulting Service Agreement
TXN-CYC3-00002,CYC3_ACC_B,CYC3_ACC_C,25000.00,2026-09-03T17:00:00+00:00,USD,Consulting Service Agreement
TXN-CYC3-00003,CYC3_ACC_C,CYC3_ACC_A,25000.00,2026-09-03T22:00:00+00:00,USD,Consulting Service Agreement
TXN-CYC4-00004,CYC4_ACC_W,CYC4_ACC_X,48000.00,2026-09-04T18:00:00+00:00,USD,Cross-Border Trade Invoice
TXN-CYC4-00005,CYC4_ACC_X,CYC4_ACC_Y,48000.00,2026-09-05T00:00:00+00:00,USD,Cross-Border Trade Invoice
TXN-CYC4-00006,CYC4_ACC_Y,CYC4_ACC_Z,48000.00,2026-09-05T06:00:00+00:00,USD,Cross-Border Trade Invoice
TXN-CYC4-00007,CYC4_ACC_Z,CYC4_ACC_W,48000.00,2026-09-05T12:00:00+00:00,USD,Cross-Border Trade Invoice
TXN-CYC5-00008,CYC5_ACC_ALPHA,CYC5_ACC_BETA,75000.00,2026-09-05T10:00:00+00:00,USD,Equipment Lease
TXN-CYC5-00009,CYC5_ACC_BETA,CYC5_ACC_GAMMA,75000.00,2026-09-05T14:00:00+00:00,USD,Equipment Lease
TXN-CYC5-00010,CYC5_ACC_GAMMA,CYC5_ACC_DELTA,75000.00,2026-09-05T18:00:00+00:00,USD,Equipment Lease
TXN-CYC5-00011,CYC5_ACC_DELTA,CYC5_ACC_EPSILON,75000.00,2026-09-05T22:00:00+00:00,USD,Equipment Lease
TXN-CYC5-00012,CYC5_ACC_EPSILON,CYC5_ACC_ALPHA,75000.00,2026-09-06T02:00:00+00:00,USD,Equipment Lease
TXN-SMURF-IN-00013,SMURF_MULE_01,SMURF_AGGREGATOR_01,9615.63,2026-09-06T17:00:00+00:00,USD,P2P Transfer
TXN-SMURF-IN-00014,SMURF_MULE_02,SMURF_AGGREGATOR_01,9216.26,2026-09-06T17:45:00+00:00,USD,P2P Transfer
TXN-SMURF-IN-00015,SMURF_MULE_03,SMURF_AGGREGATOR_01,9378.77,2026-09-06T18:30:00+00:00,USD,P2P Transfer
TXN-SMURF-IN-00016,SMURF_MULE_04,SMURF_AGGREGATOR_01,9345.09,2026-09-06T19:15:00+00:00,USD,P2P Transfer
TXN-SMURF-IN-00017,SMURF_MULE_05,SMURF_AGGREGATOR_01,9678.71,2026-09-06T20:00:00+00:00,USD,P2P Transfer
TXN-SMURF-IN-00018,SMURF_MULE_06,SMURF_AGGREGATOR_01,9639.85,2026-09-06T20:45:00+00:00,USD,P2P Transfer
TXN-SMURF-IN-00019,SMURF_MULE_07,SMURF_AGGREGATOR_01,9779.92,2026-09-06T21:30:00+00:00,USD,P2P Transfer
TXN-SMURF-IN-00020,SMURF_MULE_08,SMURF_AGGREGATOR_01,9256.51,2026-09-06T22:15:00+00:00,USD,P2P Transfer
TXN-SMURF-IN-00021,SMURF_MULE_09,SMURF_AGGREGATOR_01,9474.25,2026-09-06T23:00:00+00:00,USD,P2P Transfer
TXN-SMURF-IN-00022,SMURF_MULE_10,SMURF_AGGREGATOR_01,9219.37,2026-09-06T23:45:00+00:00,USD,P2P Transfer
TXN-SMURF-IN-00023,SMURF_MULE_11,SMURF_AGGREGATOR_01,9342.11,2026-09-07T00:30:00+00:00,USD,P2P Transfer
TXN-SMURF-IN-00024,SMURF_MULE_12,SMURF_AGGREGATOR_01,9528.48,2026-09-07T01:15:00+00:00,USD,P2P Transfer
TXN-SMURF-IN-00025,SMURF_MULE_13,SMURF_AGGREGATOR_01,9217.25,2026-09-07T02:00:00+00:00,USD,P2P Transfer
TXN-SMURF-IN-00026,SMURF_MULE_14,SMURF_AGGREGATOR_01,9329.24,2026-09-07T02:45:00+00:00,USD,P2P Transfer
TXN-SMURF-OUT-00027,SMURF_DISPERSER_01,CASHOUT_MULE_01,4792.45,2026-09-07T22:00:00+00:00,USD,Digital Assets Settlement
TXN-SMURF-OUT-00028,SMURF_DISPERSER_01,CASHOUT_MULE_02,4745.22,2026-09-07T22:30:00+00:00,USD,Digital Assets Settlement
TXN-SMURF-OUT-00029,SMURF_DISPERSER_01,CASHOUT_MULE_03,4599.20,2026-09-07T23:00:00+00:00,USD,Digital Assets Settlement
TXN-SMURF-OUT-00030,SMURF_DISPERSER_01,CASHOUT_MULE_04,4765.17,2026-09-07T23:30:00+00:00,USD,Digital Assets Settlement
TXN-SMURF-OUT-00031,SMURF_DISPERSER_01,CASHOUT_MULE_05,4864.24,2026-09-08T00:00:00+00:00,USD,Digital Assets Settlement
TXN-SMURF-OUT-00032,SMURF_DISPERSER_01,CASHOUT_MULE_06,4502.92,2026-09-08T00:30:00+00:00,USD,Digital Assets Settlement
TXN-SMURF-OUT-00033,SMURF_DISPERSER_01,CASHOUT_MULE_07,4862.62,2026-09-08T01:00:00+00:00,USD,Digital Assets Settlement
TXN-SMURF-OUT-00034,SMURF_DISPERSER_01,CASHOUT_MULE_08,4814.16,2026-09-08T01:30:00+00:00,USD,Digital Assets Settlement
TXN-SMURF-OUT-00035,SMURF_DISPERSER_01,CASHOUT_MULE_09,4653.11,2026-09-08T02:00:00+00:00,USD,Digital Assets Settlement
TXN-SMURF-OUT-00036,SMURF_DISPERSER_01,CASHOUT_MULE_10,4569.97,2026-09-08T02:30:00+00:00,USD,Digital Assets Settlement
TXN-SMURF-OUT-00037,SMURF_DISPERSER_01,CASHOUT_MULE_11,4930.75,2026-09-08T03:00:00+00:00,USD,Digital Assets Settlement
TXN-SMURF-OUT-00038,SMURF_DISPERSER_01,CASHOUT_MULE_12,4651.47,2026-09-08T03:30:00+00:00,USD,Digital Assets Settlement
TXN-SHELL-00039,DIRTY_ORIGIN_99,SHELL_HOLDING_LTD_1,119400.00,2026-09-08T11:00:00+00:00,USD,Offshore Advisory Transfer
TXN-SHELL-00040,SHELL_HOLDING_LTD_1,SHELL_OFFSHORE_CORP_2,118803.00,2026-09-08T17:00:00+00:00,USD,Offshore Advisory Transfer
TXN-SHELL-00041,SHELL_OFFSHORE_CORP_2,SHELL_SERVICES_INC_3,118208.99,2026-09-08T23:00:00+00:00,USD,Offshore Advisory Transfer
TXN-SHELL-00042,SHELL_SERVICES_INC_3,CLEAN_VAULT_FINAL,117617.95,2026-09-09T05:00:00+00:00,USD,Offshore Advisory Transfer
TXN-MERCHANT-00043,RETAIL_CUSTOMER_000,MERCHANT_NEXUS_RETAIL,63.13,2026-09-01T18:24:00+00:00,USD,E-Commerce Checkout
TXN-MERCHANT-00044,RETAIL_CUSTOMER_001,MERCHANT_NEXUS_RETAIL,140.58,2026-09-02T08:14:00+00:00,USD,E-Commerce Checkout
TXN-MERCHANT-00045,RETAIL_CUSTOMER_002,MERCHANT_NEXUS_RETAIL,230.52,2026-09-02T12:58:00+00:00,USD,E-Commerce Checkout
TXN-MERCHANT-00046,RETAIL_CUSTOMER_003,MERCHANT_NEXUS_RETAIL,193.19,2026-09-02T23:47:00+00:00,USD,E-Commerce Checkout
TXN-MERCHANT-00047,RETAIL_CUSTOMER_004,MERCHANT_NEXUS_RETAIL,401.27,2026-09-03T15:42:00+00:00,USD,E-Commerce Checkout
TXN-MERCHANT-00048,RETAIL_CUSTOMER_005,MERCHANT_NEXUS_RETAIL,416.18,2026-09-04T02:56:00+00:00,USD,E-Commerce Checkout
TXN-MERCHANT-00049,RETAIL_CUSTOMER_006,MERCHANT_NEXUS_RETAIL,343.66,2026-09-04T11:48:00+00:00,USD,E-Commerce Checkout
TXN-MERCHANT-00050,RETAIL_CUSTOMER_007,MERCHANT_NEXUS_RETAIL,123.68,2026-09-04T12:54:00+00:00,USD,E-Commerce Checkout
TXN-MERCHANT-00051,RETAIL_CUSTOMER_008,MERCHANT_NEXUS_RETAIL,413.23,2026-09-05T01:53:00+00:00,USD,E-Commerce Checkout
TXN-MERCHANT-00052,RETAIL_CUSTOMER_009,MERCHANT_NEXUS_RETAIL,146.78,2026-09-05T08:48:00+00:00,USD,E-Commerce Checkout
TXN-MERCHANT-00053,RETAIL_CUSTOMER_010,MERCHANT_NEXUS_RETAIL,186.87,2026-09-06T03:53:00+00:00,USD,E-Commerce Checkout
TXN-MERCHANT-00054,RETAIL_CUSTOMER_011,MERCHANT_NEXUS_RETAIL,115.19,2026-09-06T07:58:00+00:00,USD,E-Commerce Checkout
TXN-MERCHANT-00055,RETAIL_CUSTOMER_012,MERCHANT_NEXUS_RETAIL,450.77,2026-09-06T16:56:00+00:00,USD,E-Commerce Checkout
TXN-MERCHANT-00056,RETAIL_CUSTOMER_013,MERCHANT_NEXUS_RETAIL,299.61,2026-09-07T07:52:00+00:00,USD,E-Commerce Checkout
TXN-MERCHANT-00057,RETAIL_CUSTOMER_014,MERCHANT_NEXUS_RETAIL,354.99,2026-09-07T09:58:00+00:00,USD,E-Commerce Checkout
TXN-MERCHANT-00058,RETAIL_CUSTOMER_015,MERCHANT_NEXUS_RETAIL,193.62,2026-09-07T19:29:00+00:00,USD,E-Commerce Checkout
TXN-MERCHANT-00059,RETAIL_CUSTOMER_016,MERCHANT_NEXUS_RETAIL,275.53,2026-09-08T13:20:00+00:00,USD,E-Commerce Checkout
TXN-MERCHANT-00060,RETAIL_CUSTOMER_017,MERCHANT_NEXUS_RETAIL,407.48,2026-09-08T22:32:00+00:00,USD,E-Commerce Checkout
TXN-MERCHANT-00061,RETAIL_CUSTOMER_018,MERCHANT_NEXUS_RETAIL,124.21,2026-09-09T09:51:00+00:00,USD,E-Commerce Checkout
TXN-MERCHANT-00062,RETAIL_CUSTOMER_019,MERCHANT_NEXUS_RETAIL,164.08,2026-09-09T08:15:00+00:00,USD,E-Commerce Checkout
TXN-MERCHANT-00063,RETAIL_CUSTOMER_020,MERCHANT_NEXUS_RETAIL,115.87,2026-09-09T21:04:00+00:00,USD,E-Commerce Checkout
TXN-MERCHANT-00064,RETAIL_CUSTOMER_021,MERCHANT_NEXUS_RETAIL,349.82,2026-09-10T12:32:00+00:00,USD,E-Commerce Checkout
TXN-MERCHANT-00065,RETAIL_CUSTOMER_022,MERCHANT_NEXUS_RETAIL,248.90,2026-09-10T15:53:00+00:00,USD,E-Commerce Checkout
TXN-MERCHANT-00066,RETAIL_CUSTOMER_023,MERCHANT_NEXUS_RETAIL,84.44,2026-09-11T08:17:00+00:00,USD,E-Commerce Checkout
TXN-MERCHANT-00067,RETAIL_CUSTOMER_024,MERCHANT_NEXUS_RETAIL,362.31,2026-09-11T09:39:00+00:00,USD,E-Commerce Checkout
TXN-MERCHANT-00068,RETAIL_CUSTOMER_025,MERCHANT_NEXUS_RETAIL,363.25,2026-09-12T01:16:00+00:00,USD,E-Commerce Checkout
TXN-MERCHANT-00069,RETAIL_CUSTOMER_026,MERCHANT_NEXUS_RETAIL,287.80,2026-09-12T09:33:00+00:00,USD,E-Commerce Checkout
TXN-MERCHANT-00070,RETAIL_CUSTOMER_027,MERCHANT_NEXUS_RETAIL,478.77,2026-09-12T17:26:00+00:00,USD,E-Commerce Checkout
TXN-MERCHANT-00071,RETAIL_CUSTOMER_028,MERCHANT_NEXUS_RETAIL,246.26,2026-09-13T00:20:00+00:00,USD,E-Commerce Checkout
TXN-MERCHANT-00072,RETAIL_CUSTOMER_029,MERCHANT_NEXUS_RETAIL,415.90,2026-09-13T19:27:00+00:00,USD,E-Commerce Checkout
TXN-MERCHANT-00073,RETAIL_CUSTOMER_030,MERCHANT_NEXUS_RETAIL,92.33,2026-09-13T19:40:00+00:00,USD,E-Commerce Checkout
TXN-MERCHANT-00074,RETAIL_CUSTOMER_031,MERCHANT_NEXUS_RETAIL,293.74,2026-09-14T13:03:00+00:00,USD,E-Commerce Checkout
TXN-MERCHANT-00075,RETAIL_CUSTOMER_032,MERCHANT_NEXUS_RETAIL,293.50,2026-09-14T18:36:00+00:00,USD,E-Commerce Checkout
TXN-MERCHANT-00076,RETAIL_CUSTOMER_033,MERCHANT_NEXUS_RETAIL,134.53,2026-09-15T05:21:00+00:00,USD,E-Commerce Checkout
TXN-MERCHANT-00077,RETAIL_CUSTOMER_034,MERCHANT_NEXUS_RETAIL,453.43,2026-09-15T16:19:00+00:00,USD,E-Commerce Checkout
TXN-MERCHANT-00078,MERCHANT_NEXUS_RETAIL,SUPPLIER_WHOLESALE_GLOBAL,4500.00,2026-09-13T08:00:00+00:00,USD,Inventory Restock Batch 44
TXN-PAYROLL-00079,CORP_TREASURY_RESERVE,CORP_PAYROLL_GLOBAL,250000.00,2026-09-15T16:00:00+00:00,USD,Monthly Payroll Treasury Allocation
TXN-PAYROLL-00080,CORP_PAYROLL_GLOBAL,EMPLOYEE_ACC_001,7125.22,2026-09-15T18:01:00+00:00,USD,Monthly Salary Disbursement
TXN-PAYROLL-00081,CORP_PAYROLL_GLOBAL,EMPLOYEE_ACC_002,4692.57,2026-09-15T18:02:00+00:00,USD,Monthly Salary Disbursement
TXN-PAYROLL-00082,CORP_PAYROLL_GLOBAL,EMPLOYEE_ACC_003,8004.59,2026-09-15T18:03:00+00:00,USD,Monthly Salary Disbursement
TXN-PAYROLL-00083,CORP_PAYROLL_GLOBAL,EMPLOYEE_ACC_004,7428.77,2026-09-15T18:04:00+00:00,USD,Monthly Salary Disbursement
TXN-PAYROLL-00084,CORP_PAYROLL_GLOBAL,EMPLOYEE_ACC_005,7504.97,2026-09-15T18:05:00+00:00,USD,Monthly Salary Disbursement
TXN-PAYROLL-00085,CORP_PAYROLL_GLOBAL,EMPLOYEE_ACC_006,5662.75,2026-09-15T18:06:00+00:00,USD,Monthly Salary Disbursement
TXN-PAYROLL-00086,CORP_PAYROLL_GLOBAL,EMPLOYEE_ACC_007,5462.05,2026-09-15T18:07:00+00:00,USD,Monthly Salary Disbursement
TXN-PAYROLL-00087,CORP_PAYROLL_GLOBAL,EMPLOYEE_ACC_008,4880.08,2026-09-15T18:08:00+00:00,USD,Monthly Salary Disbursement
TXN-PAYROLL-00088,CORP_PAYROLL_GLOBAL,EMPLOYEE_ACC_009,4213.95,2026-09-15T18:09:00+00:00,USD,Monthly Salary Disbursement
TXN-PAYROLL-00089,CORP_PAYROLL_GLOBAL,EMPLOYEE_ACC_010,7305.00,2026-09-15T18:10:00+00:00,USD,Monthly Salary Disbursement
TXN-PAYROLL-00090,CORP_PAYROLL_GLOBAL,EMPLOYEE_ACC_011,7294.63,2026-09-15T18:11:00+00:00,USD,Monthly Salary Disbursement
TXN-PAYROLL-00091,CORP_PAYROLL_GLOBAL,EMPLOYEE_ACC_012,8379.12,2026-09-15T18:12:00+00:00,USD,Monthly Salary Disbursement
TXN-PAYROLL-00092,CORP_PAYROLL_GLOBAL,EMPLOYEE_ACC_013,7476.44,2026-09-15T18:13:00+00:00,USD,Monthly Salary Disbursement
TXN-PAYROLL-00093,CORP_PAYROLL_GLOBAL,EMPLOYEE_ACC_014,6383.03,2026-09-15T18:14:00+00:00,USD,Monthly Salary Disbursement
TXN-PAYROLL-00094,CORP_PAYROLL_GLOBAL,EMPLOYEE_ACC_015,4657.57,2026-09-15T18:15:00+00:00,USD,Monthly Salary Disbursement
TXN-PAYROLL-00095,CORP_PAYROLL_GLOBAL,EMPLOYEE_ACC_016,6888.79,2026-09-15T18:16:00+00:00,USD,Monthly Salary Disbursement
TXN-PAYROLL-00096,CORP_PAYROLL_GLOBAL,EMPLOYEE_ACC_017,7819.18,2026-09-15T18:17:00+00:00,USD,Monthly Salary Disbursement
TXN-PAYROLL-00097,CORP_PAYROLL_GLOBAL,EMPLOYEE_ACC_018,6382.95,2026-09-15T18:18:00+00:00,USD,Monthly Salary Disbursement
TXN-PAYROLL-00098,CORP_PAYROLL_GLOBAL,EMPLOYEE_ACC_019,5055.32,2026-09-15T18:19:00+00:00,USD,Monthly Salary Disbursement
TXN-PAYROLL-00099,CORP_PAYROLL_GLOBAL,EMPLOYEE_ACC_020,5807.83,2026-09-15T18:20:00+00:00,USD,Monthly Salary Disbursement
TXN-PAYROLL-00100,CORP_PAYROLL_GLOBAL,EMPLOYEE_ACC_021,4894.66,2026-09-15T18:21:00+00:00,USD,Monthly Salary Disbursement
TXN-PAYROLL-00101,CORP_PAYROLL_GLOBAL,EMPLOYEE_ACC_022,8300.05,2026-09-15T18:22:00+00:00,USD,Monthly Salary Disbursement
TXN-PAYROLL-00102,CORP_PAYROLL_GLOBAL,EMPLOYEE_ACC_023,8166.47,2026-09-15T18:23:00+00:00,USD,Monthly Salary Disbursement
TXN-PAYROLL-00103,CORP_PAYROLL_GLOBAL,EMPLOYEE_ACC_024,8149.52,2026-09-15T18:24:00+00:00,USD,Monthly Salary Disbursement
TXN-PAYROLL-00104,CORP_PAYROLL_GLOBAL,EMPLOYEE_ACC_025,6775.46,2026-09-15T18:25:00+00:00,USD,Monthly Salary Disbursement
TXN-NORM-000105,USER_0251,UTILITY_METRO_POWER,103.28,2026-09-28T00:46:27.960423+00:00,USD,Monthly Bill Payment
TXN-NORM-000106,USER_0291,USER_0292,48.57,2026-09-04T18:37:12.785417+00:00,USD,Personal Transfer
TXN-NORM-000107,USER_0273,USER_0274,95.09,2026-09-05T22:57:15.328665+00:00,USD,Personal Transfer
TXN-NORM-000108,USER_0271,USER_0272,276.56,2026-09-13T19:42:59.393131+00:00,USD,Personal Transfer
TXN-NORM-000109,USER_0103,USER_0104,451.31,2026-09-13T08:01:54.878682+00:00,USD,Personal Transfer
TXN-NORM-000110,USER_0232,MUNICIPAL_TAX_BOARD,205.02,2026-09-08T09:52:26.412755+00:00,USD,Monthly Bill Payment
TXN-NORM-000111,USER_0113,UTILITY_METRO_POWER,319.26,2026-09-21T12:36:13.072112+00:00,USD,Monthly Bill Payment
TXN-NORM-000112,USER_0170,MUNICIPAL_TAX_BOARD,68.00,2026-09-08T23:59:04.451425+00:00,USD,Monthly Bill Payment
TXN-NORM-000113,USER_0293,SUBSCRIPTION_STREAM_NOW,86.88,2026-09-09T03:57:39.432629+00:00,USD,Monthly Bill Payment
TXN-NORM-000114,USER_0050,USER_0051,433.96,2026-09-12T04:07:15.542118+00:00,USD,Personal Transfer
TXN-NORM-000115,USER_0028,USER_0029,210.27,2026-09-29T07:26:49.291910+00:00,USD,Personal Transfer
TXN-NORM-000116,USER_0174,USER_0175,275.10,2026-09-05T00:45:59.558368+00:00,USD,Personal Transfer
TXN-NORM-000117,USER_0072,UTILITY_METRO_POWER,169.02,2026-09-09T19:49:49.783928+00:00,USD,Monthly Bill Payment
TXN-NORM-000118,USER_0282,GROCERY_MARKET_CENTRAL,300.83,2026-09-19T22:09:34.395677+00:00,USD,Monthly Bill Payment
TXN-NORM-000119,USER_0086,UTILITY_METRO_POWER,78.51,2026-09-15T16:40:03.348024+00:00,USD,Monthly Bill Payment
TXN-NORM-000120,USER_0002,USER_0003,220.16,2026-09-09T17:16:47.883907+00:00,USD,Personal Transfer
TXN-NORM-000121,USER_0285,USER_0286,120.58,2026-09-15T13:34:30.638077+00:00,USD,Personal Transfer
TXN-NORM-000122,USER_0030,UTILITY_METRO_POWER,214.86,2026-09-17T06:30:14.064625+00:00,USD,Monthly Bill Payment
TXN-NORM-000123,USER_0258,USER_0259,53.85,2026-09-16T14:34:31.416638+00:00,USD,Personal Transfer
TXN-NORM-000124,USER_0096,UTILITY_METRO_POWER,331.02,2026-09-03T22:19:23.738819+00:00,USD,Monthly Bill Payment
TXN-NORM-000125,USER_0292,HEALTHCARE_CLINIC_CITY,214.69,2026-09-18T09:55:24.090742+00:00,USD,Monthly Bill Payment
TXN-NORM-000126,USER_0268,TELECOM_APEX_MOBILE,153.63,2026-09-09T10:15:31.355194+00:00,USD,Monthly Bill Payment
TXN-NORM-000127,USER_0154,SUBSCRIPTION_STREAM_NOW,226.88,2026-09-27T17:28:14.429676+00:00,USD,Monthly Bill Payment
TXN-NORM-000128,USER_0289,USER_0290,143.62,2026-09-04T00:59:19.363854+00:00,USD,Personal Transfer
TXN-NORM-000129,USER_0179,USER_0180,91.51,2026-09-26T17:27:33.675724+00:00,USD,Personal Transfer
TXN-NORM-000130,USER_0279,USER_0280,411.30,2026-09-18T19:40:45.954948+00:00,USD,Personal Transfer
TXN-NORM-000131,USER_0154,USER_0155,70.98,2026-09-04T19:01:41.478064+00:00,USD,Personal Transfer
TXN-NORM-000132,USER_0055,USER_0056,117.16,2026-09-06T11:07:16.513387+00:00,USD,Personal Transfer
TXN-NORM-000133,USER_0176,SUBSCRIPTION_STREAM_NOW,106.61,2026-09-19T18:37:08.654170+00:00,USD,Monthly Bill Payment
TXN-NORM-000134,USER_0027,UTILITY_METRO_POWER,133.41,2026-09-13T21:03:34.814311+00:00,USD,Monthly Bill Payment
TXN-NORM-000135,USER_0067,HEALTHCARE_CLINIC_CITY,164.00,2026-09-09T15:23:18.877414+00:00,USD,Monthly Bill Payment
TXN-NORM-000136,USER_0005,UTILITY_METRO_POWER,296.24,2026-09-28T06:46:21.991628+00:00,USD,Monthly Bill Payment
TXN-NORM-000137,USER_0283,GROCERY_MARKET_CENTRAL,340.96,2026-09-05T16:07:15.070961+00:00,USD,Monthly Bill Payment
TXN-NORM-000138,USER_0021,USER_0022,64.85,2026-09-07T21:46:02.100260+00:00,USD,Personal Transfer
TXN-NORM-000139,USER_0287,USER_0288,465.99,2026-09-13T06:29:37.080834+00:00,USD,Personal Transfer
TXN-NORM-000140,USER_0084,USER_0085,101.99,2026-09-24T21:18:33.877220+00:00,USD,Personal Transfer
TXN-NORM-000141,USER_0171,USER_0172,92.21,2026-09-13T12:21:59.290763+00:00,USD,Personal Transfer
TXN-NORM-000142,USER_0056,UTILITY_CITY_WATER,290.39,2026-09-03T10:33:47.990255+00:00,USD,Monthly Bill Payment
TXN-NORM-000143,USER_0236,UTILITY_METRO_POWER,239.51,2026-09-24T22:03:52.178515+00:00,USD,Monthly Bill Payment
TXN-NORM-000144,USER_0205,HEALTHCARE_CLINIC_CITY,190.56,2026-09-26T04:32:14.627941+00:00,USD,Monthly Bill Payment
TXN-NORM-000145,USER_0275,MUNICIPAL_TAX_BOARD,337.82,2026-09-02T20:03:52.745938+00:00,USD,Monthly Bill Payment
TXN-NORM-000146,USER_0136,GROCERY_MARKET_CENTRAL,126.95,2026-09-18T20:37:50.804423+00:00,USD,Monthly Bill Payment
TXN-NORM-000147,USER_0262,UTILITY_METRO_POWER,255.36,2026-09-27T01:58:30.128966+00:00,USD,Monthly Bill Payment
TXN-NORM-000148,USER_0001,SUBSCRIPTION_STREAM_NOW,47.74,2026-09-24T11:49:22.842064+00:00,USD,Monthly Bill Payment
TXN-NORM-000149,USER_0170,TELECOM_APEX_MOBILE,189.81,2026-09-20T09:22:15.314787+00:00,USD,Monthly Bill Payment
TXN-NORM-000150,USER_0210,SUBSCRIPTION_STREAM_NOW,241.10,2026-09-21T08:27:02.714920+00:00,USD,Monthly Bill Payment
TXN-NORM-000151,USER_0195,USER_0196,280.75,2026-09-27T07:20:06.936321+00:00,USD,Personal Transfer
TXN-NORM-000152,USER_0001,SUBSCRIPTION_STREAM_NOW,168.70,2026-09-08T00:37:17.972871+00:00,USD,Monthly Bill Payment
TXN-NORM-000153,USER_0110,UTILITY_METRO_POWER,117.23,2026-09-24T02:35:06.803669+00:00,USD,Monthly Bill Payment
TXN-NORM-000154,USER_0172,TELECOM_APEX_MOBILE,98.01,2026-09-28T14:34:32.306321+00:00,USD,Monthly Bill Payment
TXN-NORM-000155,USER_0102,GROCERY_MARKET_CENTRAL,274.76,2026-09-03T15:59:40.940286+00:00,USD,Monthly Bill Payment
TXN-NORM-000156,USER_0234,HEALTHCARE_CLINIC_CITY,149.79,2026-09-19T13:50:27.236191+00:00,USD,Monthly Bill Payment
TXN-NORM-000157,USER_0205,GROCERY_MARKET_CENTRAL,304.64,2026-09-20T01:38:47.199266+00:00,USD,Monthly Bill Payment
TXN-NORM-000158,USER_0055,USER_0056,285.34,2026-09-08T09:59:09.690754+00:00,USD,Personal Transfer
TXN-NORM-000159,USER_0063,SUBSCRIPTION_STREAM_NOW,224.11,2026-09-24T12:49:42.803448+00:00,USD,Monthly Bill Payment
TXN-NORM-000160,USER_0259,UTILITY_CITY_WATER,266.69,2026-09-27T15:34:47.739048+00:00,USD,Monthly Bill Payment
TXN-NORM-000161,USER_0244,GROCERY_MARKET_CENTRAL,194.42,2026-09-23T01:36:23.050467+00:00,USD,Monthly Bill Payment
TXN-NORM-000162,USER_0123,TELECOM_APEX_MOBILE,134.15,2026-09-04T06:31:58.273492+00:00,USD,Monthly Bill Payment
TXN-NORM-000163,USER_0277,UTILITY_CITY_WATER,254.59,2026-09-06T11:07:46.350980+00:00,USD,Monthly Bill Payment
TXN-NORM-000164,USER_0033,UTILITY_METRO_POWER,92.22,2026-09-11T13:23:29.445981+00:00,USD,Monthly Bill Payment
TXN-NORM-000165,USER_0216,GROCERY_MARKET_CENTRAL,212.10,2026-09-23T05:45:18.896911+00:00,USD,Monthly Bill Payment
TXN-NORM-000166,USER_0245,GROCERY_MARKET_CENTRAL,161.18,2026-09-12T01:50:15.699369+00:00,USD,Monthly Bill Payment
TXN-NORM-000167,USER_0280,USER_0281,147.37,2026-09-27T09:48:28.121587+00:00,USD,Personal Transfer
TXN-NORM-000168,USER_0249,UTILITY_CITY_WATER,298.16,2026-09-11T15:14:20.432858+00:00,USD,Monthly Bill Payment
TXN-NORM-000169,USER_0066,USER_0067,288.73,2026-09-17T03:39:57.056406+00:00,USD,Personal Transfer
TXN-NORM-000170,USER_0014,UTILITY_METRO_POWER,109.55,2026-09-14T06:34:56.798034+00:00,USD,Monthly Bill Payment
TXN-NORM-000171,USER_0168,GROCERY_MARKET_CENTRAL,334.14,2026-09-11T08:32:21.423415+00:00,USD,Monthly Bill Payment
TXN-NORM-000172,USER_0216,MUNICIPAL_TAX_BOARD,41.93,2026-09-04T01:01:39.888446+00:00,USD,Monthly Bill Payment
TXN-NORM-000173,USER_0180,UTILITY_METRO_POWER,333.62,2026-09-03T17:08:48.699079+00:00,USD,Monthly Bill Payment
TXN-NORM-000174,USER_0103,USER_0104,244.68,2026-09-19T08:34:46.880340+00:00,USD,Personal Transfer
TXN-NORM-000175,USER_0059,TELECOM_APEX_MOBILE,79.53,2026-09-08T04:09:56.603728+00:00,USD,Monthly Bill Payment
TXN-NORM-000176,USER_0059,USER_0060,295.66,2026-09-06T16:09:27.311357+00:00,USD,Personal Transfer
TXN-NORM-000177,USER_0160,HEALTHCARE_CLINIC_CITY,89.46,2026-09-27T13:49:51.518669+00:00,USD,Monthly Bill Payment
TXN-NORM-000178,USER_0125,MUNICIPAL_TAX_BOARD,279.36,2026-09-23T10:29:11.522028+00:00,USD,Monthly Bill Payment
TXN-NORM-000179,USER_0178,HEALTHCARE_CLINIC_CITY,135.90,2026-09-20T06:53:16.883007+00:00,USD,Monthly Bill Payment
TXN-NORM-000180,USER_0216,USER_0217,447.41,2026-09-05T03:44:07.780020+00:00,USD,Personal Transfer
TXN-NORM-000181,USER_0236,USER_0237,406.98,2026-09-14T05:39:07.892270+00:00,USD,Personal Transfer
TXN-NORM-000182,USER_0276,USER_0277,428.08,2026-09-15T01:00:46.118951+00:00,USD,Personal Transfer
TXN-NORM-000183,USER_0045,MUNICIPAL_TAX_BOARD,242.16,2026-09-14T21:51:25.269587+00:00,USD,Monthly Bill Payment
TXN-NORM-000184,USER_0173,UTILITY_CITY_WATER,140.32,2026-09-25T16:42:52.869101+00:00,USD,Monthly Bill Payment
TXN-NORM-000185,USER_0133,UTILITY_METRO_POWER,192.90,2026-09-26T15:26:44.130406+00:00,USD,Monthly Bill Payment
TXN-NORM-000186,USER_0098,GROCERY_MARKET_CENTRAL,103.11,2026-09-22T11:08:43.182303+00:00,USD,Monthly Bill Payment
TXN-NORM-000187,USER_0244,TELECOM_APEX_MOBILE,97.02,2026-09-15T10:08:14.277487+00:00,USD,Monthly Bill Payment
TXN-NORM-000188,USER_0125,MUNICIPAL_TAX_BOARD,136.72,2026-09-18T14:23:34.631779+00:00,USD,Monthly Bill Payment
TXN-NORM-000189,USER_0282,TELECOM_APEX_MOBILE,99.92,2026-09-21T16:20:54.009435+00:00,USD,Monthly Bill Payment
TXN-NORM-000190,USER_0099,UTILITY_CITY_WATER,265.05,2026-09-22T16:01:59.376766+00:00,USD,Monthly Bill Payment
TXN-NORM-000191,USER_0142,USER_0143,418.82,2026-09-29T08:26:09.825081+00:00,USD,Personal Transfer
TXN-NORM-000192,USER_0152,MUNICIPAL_TAX_BOARD,66.14,2026-09-06T18:18:14.607546+00:00,USD,Monthly Bill Payment
TXN-NORM-000193,USER_0024,USER_0025,436.20,2026-09-17T08:35:44.991006+00:00,USD,Personal Transfer
TXN-NORM-000194,USER_0252,SUBSCRIPTION_STREAM_NOW,168.15,2026-09-02T11:06:46.490761+00:00,USD,Monthly Bill Payment
TXN-NORM-000195,USER_0095,USER_0096,413.73,2026-09-09T09:34:34.308987+00:00,USD,Personal Transfer
TXN-NORM-000196,USER_0206,UTILITY_CITY_WATER,288.62,2026-09-17T20:55:24.118942+00:00,USD,Monthly Bill Payment
TXN-NORM-000197,USER_0156,MUNICIPAL_TAX_BOARD,281.99,2026-09-09T05:13:19.188991+00:00,USD,Monthly Bill Payment
TXN-NORM-000198,USER_0116,USER_0117,432.18,2026-09-12T22:25:04.054708+00:00,USD,Personal Transfer
TXN-NORM-000199,USER_0220,UTILITY_CITY_WATER,228.29,2026-09-19T05:02:23.619084+00:00,USD,Monthly Bill Payment
TXN-NORM-000200,USER_0136,USER_0137,51.41,2026-09-06T08:08:55.547020+00:00,USD,Personal Transfer
TXN-NORM-000201,USER_0002,UTILITY_METRO_POWER,100.23,2026-09-21T14:18:10.485077+00:00,USD,Monthly Bill Payment
TXN-NORM-000202,USER_0145,USER_0146,143.31,2026-09-14T17:24:09.754184+00:00,USD,Personal Transfer
TXN-NORM-000203,USER_0102,TELECOM_APEX_MOBILE,293.66,2026-09-17T03:00:20.287625+00:00,USD,Monthly Bill Payment
TXN-NORM-000204,USER_0037,UTILITY_METRO_POWER,177.33,2026-09-24T05:36:38.716617+00:00,USD,Monthly Bill Payment
TXN-NORM-000205,USER_0156,USER_0157,54.01,2026-09-28T16:04:57.638888+00:00,USD,Personal Transfer
TXN-NORM-000206,USER_0021,USER_0022,59.29,2026-09-22T13:15:38.094115+00:00,USD,Personal Transfer
TXN-NORM-000207,USER_0295,UTILITY_METRO_POWER,273.01,2026-09-02T15:53:28.166935+00:00,USD,Monthly Bill Payment
TXN-NORM-000208,USER_0090,MUNICIPAL_TAX_BOARD,166.66,2026-09-20T05:50:02.714849+00:00,USD,Monthly Bill Payment
TXN-NORM-000209,USER_0252,USER_0253,170.71,2026-09-15T09:28:08.257676+00:00,USD,Personal Transfer
TXN-NORM-000210,USER_0054,USER_0055,336.35,2026-09-11T13:32:11.519277+00:00,USD,Personal Transfer
TXN-NORM-000211,USER_0206,USER_0207,167.54,2026-09-17T15:49:40.881723+00:00,USD,Personal Transfer
TXN-NORM-000212,USER_0166,GROCERY_MARKET_CENTRAL,201.34,2026-09-23T07:23:53.128595+00:00,USD,Monthly Bill Payment
TXN-NORM-000213,USER_0212,SUBSCRIPTION_STREAM_NOW,272.00,2026-09-16T20:12:49.261890+00:00,USD,Monthly Bill Payment
TXN-NORM-000214,USER_0105,HEALTHCARE_CLINIC_CITY,182.53,2026-09-05T18:35:35.249179+00:00,USD,Monthly Bill Payment
TXN-NORM-000215,USER_0015,USER_0016,91.81,2026-09-19T00:51:01.685801+00:00,USD,Personal Transfer
TXN-NORM-000216,USER_0283,UTILITY_METRO_POWER,174.97,2026-09-13T10:28:26.031154+00:00,USD,Monthly Bill Payment
TXN-NORM-000217,USER_0061,HEALTHCARE_CLINIC_CITY,113.86,2026-09-06T10:01:56.633702+00:00,USD,Monthly Bill Payment
TXN-NORM-000218,USER_0248,USER_0249,107.45,2026-09-08T17:00:07.972948+00:00,USD,Personal Transfer
TXN-NORM-000219,USER_0261,USER_0262,389.75,2026-09-05T15:05:21.555137+00:00,USD,Personal Transfer
TXN-NORM-000220,USER_0213,UTILITY_METRO_POWER,116.92,2026-09-24T01:43:20.069639+00:00,USD,Monthly Bill Payment
TXN-NORM-000221,USER_0153,USER_0154,87.07,2026-09-18T13:38:00.112254+00:00,USD,Personal Transfer
TXN-NORM-000222,USER_0276,TELECOM_APEX_MOBILE,307.62,2026-09-11T12:29:06.459638+00:00,USD,Monthly Bill Payment
TXN-NORM-000223,USER_0123,TELECOM_APEX_MOBILE,267.03,2026-09-08T18:49:36.289969+00:00,USD,Monthly Bill Payment
TXN-NORM-000224,USER_0196,UTILITY_METRO_POWER,66.03,2026-09-20T10:19:21.744802+00:00,USD,Monthly Bill Payment
TXN-NORM-000225,USER_0170,USER_0171,270.09,2026-09-26T16:51:28.348080+00:00,USD,Personal Transfer
TXN-NORM-000226,USER_0234,SUBSCRIPTION_STREAM_NOW,279.00,2026-09-05T21:59:35.279513+00:00,USD,Monthly Bill Payment
TXN-NORM-000227,USER_0136,TELECOM_APEX_MOBILE,302.01,2026-09-21T04:08:05.997170+00:00,USD,Monthly Bill Payment
TXN-NORM-000228,USER_0274,MUNICIPAL_TAX_BOARD,36.67,2026-09-11T05:21:10.711226+00:00,USD,Monthly Bill Payment
TXN-NORM-000229,USER_0036,HEALTHCARE_CLINIC_CITY,54.37,2026-09-21T04:54:26.238080+00:00,USD,Monthly Bill Payment
TXN-NORM-000230,USER_0051,USER_0052,95.69,2026-09-21T12:11:31.077547+00:00,USD,Personal Transfer
TXN-NORM-000231,USER_0154,USER_0155,188.85,2026-09-03T01:29:43.989455+00:00,USD,Personal Transfer
TXN-NORM-000232,USER_0221,UTILITY_CITY_WATER,50.66,2026-09-16T18:14:08.279877+00:00,USD,Monthly Bill Payment
TXN-NORM-000233,USER_0196,SUBSCRIPTION_STREAM_NOW,232.32,2026-09-08T14:53:34.663057+00:00,USD,Monthly Bill Payment
TXN-NORM-000234,USER_0236,TELECOM_APEX_MOBILE,245.22,2026-09-02T14:38:33.072368+00:00,USD,Monthly Bill Payment
TXN-NORM-000235,USER_0081,SUBSCRIPTION_STREAM_NOW,249.35,2026-09-28T11:59:47.212148+00:00,USD,Monthly Bill Payment
TXN-NORM-000236,USER_0234,USER_0235,249.36,2026-09-07T19:41:44.529372+00:00,USD,Personal Transfer
TXN-NORM-000237,USER_0122,TELECOM_APEX_MOBILE,32.13,2026-09-12T03:29:32.586889+00:00,USD,Monthly Bill Payment
TXN-NORM-000238,USER_0203,MUNICIPAL_TAX_BOARD,267.18,2026-09-17T14:18:45.851113+00:00,USD,Monthly Bill Payment
TXN-NORM-000239,USER_0147,USER_0148,323.76,2026-09-08T14:43:14.188538+00:00,USD,Personal Transfer
TXN-NORM-000240,USER_0129,USER_0130,62.12,2026-09-22T00:48:01.107667+00:00,USD,Personal Transfer
TXN-NORM-000241,USER_0021,UTILITY_CITY_WATER,54.29,2026-09-14T12:20:30.749279+00:00,USD,Monthly Bill Payment
TXN-NORM-000242,USER_0152,GROCERY_MARKET_CENTRAL,200.31,2026-09-13T13:45:15.136872+00:00,USD,Monthly Bill Payment
TXN-NORM-000243,USER_0188,GROCERY_MARKET_CENTRAL,331.86,2026-09-27T10:20:15.161207+00:00,USD,Monthly Bill Payment
TXN-NORM-000244,USER_0152,USER_0153,482.00,2026-09-11T07:41:13.442205+00:00,USD,Personal Transfer
TXN-NORM-000245,USER_0073,USER_0074,405.23,2026-09-08T13:22:17.760864+00:00,USD,Personal Transfer
TXN-NORM-000246,USER_0188,UTILITY_METRO_POWER,172.81,2026-09-13T02:10:25.652146+00:00,USD,Monthly Bill Payment
TXN-NORM-000247,USER_0135,HEALTHCARE_CLINIC_CITY,100.99,2026-09-25T03:11:26.249645+00:00,USD,Monthly Bill Payment
TXN-NORM-000248,USER_0013,MUNICIPAL_TAX_BOARD,96.94,2026-09-28T11:54:45.792616+00:00,USD,Monthly Bill Payment
TXN-NORM-000249,USER_0033,SUBSCRIPTION_STREAM_NOW,62.92,2026-09-15T01:57:24.752358+00:00,USD,Monthly Bill Payment
TXN-NORM-000250,USER_0024,USER_0025,62.14,2026-09-10T20:19:09.092465+00:00,USD,Personal Transfer
TXN-NORM-000251,USER_0276,HEALTHCARE_CLINIC_CITY,261.14,2026-09-14T22:46:35.494606+00:00,USD,Monthly Bill Payment
TXN-NORM-000252,USER_0213,USER_0214,30.87,2026-09-25T12:55:27.198871+00:00,USD,Personal Transfer
TXN-NORM-000253,USER_0190,TELECOM_APEX_MOBILE,57.29,2026-09-14T11:04:06.051749+00:00,USD,Monthly Bill Payment
TXN-NORM-000254,USER_0189,SUBSCRIPTION_STREAM_NOW,114.66,2026-09-29T11:12:48.087796+00:00,USD,Monthly Bill Payment
TXN-NORM-000255,USER_0063,USER_0064,117.87,2026-09-24T19:58:42.054461+00:00,USD,Personal Transfer
TXN-NORM-000256,USER_0011,MUNICIPAL_TAX_BOARD,91.69,2026-09-11T05:33:03.832130+00:00,USD,Monthly Bill Payment
TXN-NORM-000257,USER_0284,GROCERY_MARKET_CENTRAL,72.96,2026-09-08T01:21:03.690881+00:00,USD,Monthly Bill Payment
TXN-NORM-000258,USER_0002,TELECOM_APEX_MOBILE,284.52,2026-09-29T08:52:18.853507+00:00,USD,Monthly Bill Payment
TXN-NORM-000259,USER_0057,USER_0058,398.14,2026-09-02T11:01:44.597869+00:00,USD,Personal Transfer
TXN-NORM-000260,USER_0122,UTILITY_CITY_WATER,266.06,2026-09-02T12:01:01.248669+00:00,USD,Monthly Bill Payment
TXN-NORM-000261,USER_0270,TELECOM_APEX_MOBILE,191.80,2026-09-04T02:46:30.464436+00:00,USD,Monthly Bill Payment
TXN-NORM-000262,USER_0056,GROCERY_MARKET_CENTRAL,320.34,2026-09-07T23:30:58.980832+00:00,USD,Monthly Bill Payment
TXN-NORM-000263,USER_0267,SUBSCRIPTION_STREAM_NOW,300.37,2026-09-19T16:13:51.319718+00:00,USD,Monthly Bill Payment
TXN-NORM-000264,USER_0219,USER_0220,451.14,2026-09-15T23:45:02.489046+00:00,USD,Personal Transfer
TXN-NORM-000265,USER_0165,HEALTHCARE_CLINIC_CITY,215.24,2026-09-03T22:01:50.964352+00:00,USD,Monthly Bill Payment
TXN-NORM-000266,USER_0167,MUNICIPAL_TAX_BOARD,221.76,2026-09-18T18:53:48.910469+00:00,USD,Monthly Bill Payment
TXN-NORM-000267,USER_0051,USER_0052,234.00,2026-09-05T04:27:41.986437+00:00,USD,Personal Transfer
TXN-NORM-000268,USER_0117,HEALTHCARE_CLINIC_CITY,55.90,2026-09-25T07:52:23.686486+00:00,USD,Monthly Bill Payment
TXN-NORM-000269,USER_0219,SUBSCRIPTION_STREAM_NOW,46.82,2026-09-09T00:47:27.147810+00:00,USD,Monthly Bill Payment
TXN-NORM-000270,USER_0044,UTILITY_CITY_WATER,205.82,2026-09-04T21:54:34.358566+00:00,USD,Monthly Bill Payment
TXN-NORM-000271,USER_0288,GROCERY_MARKET_CENTRAL,241.24,2026-09-20T23:24:27.175433+00:00,USD,Monthly Bill Payment
TXN-NORM-000272,USER_0217,USER_0218,166.54,2026-09-22T05:51:20.029758+00:00,USD,Personal Transfer
TXN-NORM-000273,USER_0054,GROCERY_MARKET_CENTRAL,60.17,2026-09-08T07:04:59.655401+00:00,USD,Monthly Bill Payment
TXN-NORM-000274,USER_0285,SUBSCRIPTION_STREAM_NOW,299.68,2026-09-23T07:53:26.632122+00:00,USD,Monthly Bill Payment
TXN-NORM-000275,USER_0286,UTILITY_CITY_WATER,113.81,2026-09-27T23:31:53.428501+00:00,USD,Monthly Bill Payment
TXN-NORM-000276,USER_0159,USER_0160,84.48,2026-09-11T18:21:43.017092+00:00,USD,Personal Transfer
TXN-NORM-000277,USER_0206,HEALTHCARE_CLINIC_CITY,197.41,2026-09-22T09:38:10.375148+00:00,USD,Monthly Bill Payment
TXN-NORM-000278,USER_0193,HEALTHCARE_CLINIC_CITY,130.42,2026-09-11T16:58:50.217814+00:00,USD,Monthly Bill Payment
TXN-NORM-000279,USER_0291,GROCERY_MARKET_CENTRAL,225.80,2026-09-26T13:03:09.336313+00:00,USD,Monthly Bill Payment
TXN-NORM-000280,USER_0042,SUBSCRIPTION_STREAM_NOW,159.61,2026-09-20T20:16:02.935336+00:00,USD,Monthly Bill Payment
TXN-NORM-000281,USER_0111,USER_0112,152.37,2026-09-05T10:43:43.932350+00:00,USD,Personal Transfer
TXN-NORM-000282,USER_0250,MUNICIPAL_TAX_BOARD,42.80,2026-09-10T15:20:03.449221+00:00,USD,Monthly Bill Payment
TXN-NORM-000283,USER_0105,TELECOM_APEX_MOBILE,119.07,2026-09-07T19:38:32.180949+00:00,USD,Monthly Bill Payment
TXN-NORM-000284,USER_0062,SUBSCRIPTION_STREAM_NOW,198.09,2026-09-22T18:44:02.365375+00:00,USD,Monthly Bill Payment
TXN-NORM-000285,USER_0118,SUBSCRIPTION_STREAM_NOW,305.07,2026-09-25T10:28:50.306185+00:00,USD,Monthly Bill Payment
TXN-NORM-000286,USER_0022,TELECOM_APEX_MOBILE,212.12,2026-09-14T16:10:05.205739+00:00,USD,Monthly Bill Payment
TXN-NORM-000287,USER_0294,SUBSCRIPTION_STREAM_NOW,31.78,2026-09-19T23:09:19.901739+00:00,USD,Monthly Bill Payment
TXN-NORM-000288,USER_0167,HEALTHCARE_CLINIC_CITY,323.93,2026-09-28T18:48:21.149491+00:00,USD,Monthly Bill Payment
TXN-NORM-000289,USER_0046,SUBSCRIPTION_STREAM_NOW,195.29,2026-09-05T05:54:09.434838+00:00,USD,Monthly Bill Payment
TXN-NORM-000290,USER_0203,USER_0204,392.87,2026-09-22T20:08:27.282483+00:00,USD,Personal Transfer
TXN-NORM-000291,USER_0040,GROCERY_MARKET_CENTRAL,138.55,2026-09-05T04:42:08.056929+00:00,USD,Monthly Bill Payment
TXN-NORM-000292,USER_0076,MUNICIPAL_TAX_BOARD,74.68,2026-09-06T01:38:32.574811+00:00,USD,Monthly Bill Payment
TXN-NORM-000293,USER_0039,GROCERY_MARKET_CENTRAL,208.21,2026-09-23T22:22:56.690017+00:00,USD,Monthly Bill Payment
TXN-NORM-000294,USER_0297,HEALTHCARE_CLINIC_CITY,127.75,2026-09-27T23:07:49.289094+00:00,USD,Monthly Bill Payment
TXN-NORM-000295,USER_0226,TELECOM_APEX_MOBILE,217.21,2026-09-14T11:20:09.070361+00:00,USD,Monthly Bill Payment
TXN-NORM-000296,USER_0181,UTILITY_METRO_POWER,144.84,2026-09-10T23:16:56.748358+00:00,USD,Monthly Bill Payment
TXN-NORM-000297,USER_0147,MUNICIPAL_TAX_BOARD,189.80,2026-09-25T22:45:06.561779+00:00,USD,Monthly Bill Payment
TXN-NORM-000298,USER_0237,GROCERY_MARKET_CENTRAL,210.79,2026-09-28T09:49:12.228529+00:00,USD,Monthly Bill Payment
TXN-NORM-000299,USER_0097,SUBSCRIPTION_STREAM_NOW,58.64,2026-09-15T03:55:52.309598+00:00,USD,Monthly Bill Payment
TXN-NORM-000300,USER_0176,USER_0177,135.16,2026-09-04T06:54:00.432493+00:00,USD,Personal Transfer
TXN-NORM-000301,USER_0225,USER_0226,195.83,2026-09-16T13:41:58.691530+00:00,USD,Personal Transfer
TXN-NORM-000302,USER_0145,HEALTHCARE_CLINIC_CITY,235.37,2026-09-23T09:48:53.840744+00:00,USD,Monthly Bill Payment
TXN-NORM-000303,USER_0034,TELECOM_APEX_MOBILE,260.21,2026-09-17T19:18:43.801327+00:00,USD,Monthly Bill Payment
TXN-NORM-000304,USER_0077,TELECOM_APEX_MOBILE,125.83,2026-09-18T04:34:08.564281+00:00,USD,Monthly Bill Payment
TXN-NORM-000305,USER_0201,MUNICIPAL_TAX_BOARD,147.42,2026-09-21T14:21:06.921682+00:00,USD,Monthly Bill Payment
TXN-NORM-000306,USER_0169,USER_0170,340.17,2026-09-20T12:47:35.789171+00:00,USD,Personal Transfer
TXN-NORM-000307,USER_0261,TELECOM_APEX_MOBILE,332.99,2026-09-12T01:24:43.436941+00:00,USD,Monthly Bill Payment
TXN-NORM-000308,USER_0249,TELECOM_APEX_MOBILE,299.44,2026-09-29T19:03:03.643766+00:00,USD,Monthly Bill Payment
TXN-NORM-000309,USER_0052,TELECOM_APEX_MOBILE,309.83,2026-09-16T20:31:49.799402+00:00,USD,Monthly Bill Payment
TXN-NORM-000310,USER_0068,HEALTHCARE_CLINIC_CITY,275.61,2026-09-06T06:34:15.536330+00:00,USD,Monthly Bill Payment
TXN-NORM-000311,USER_0085,USER_0086,364.00,2026-09-03T10:22:23.219130+00:00,USD,Personal Transfer
TXN-NORM-000312,USER_0228,MUNICIPAL_TAX_BOARD,102.73,2026-09-23T07:26:04.046971+00:00,USD,Monthly Bill Payment
TXN-NORM-000313,USER_0241,USER_0242,388.18,2026-09-07T17:47:47.633755+00:00,USD,Personal Transfer
TXN-NORM-000314,USER_0196,UTILITY_CITY_WATER,285.41,2026-09-13T15:36:07.042482+00:00,USD,Monthly Bill Payment
TXN-NORM-000315,USER_0071,USER_0072,195.04,2026-09-03T20:15:22.546549+00:00,USD,Personal Transfer
TXN-NORM-000316,USER_0053,USER_0054,55.68,2026-09-16T06:09:10.533259+00:00,USD,Personal Transfer
TXN-NORM-000317,USER_0083,SUBSCRIPTION_STREAM_NOW,54.81,2026-09-27T04:28:34.935115+00:00,USD,Monthly Bill Payment
TXN-NORM-000318,USER_0114,USER_0115,40.83,2026-09-26T10:10:53.147334+00:00,USD,Personal Transfer
TXN-NORM-000319,USER_0258,UTILITY_CITY_WATER,34.16,2026-09-12T14:21:36.597514+00:00,USD,Monthly Bill Payment
TXN-NORM-000320,USER_0051,USER_0052,33.58,2026-09-20T00:44:49.227132+00:00,USD,Personal Transfer
TXN-NORM-000321,USER_0242,USER_0243,313.44,2026-09-06T05:48:08.111189+00:00,USD,Personal Transfer
TXN-NORM-000322,USER_0041,HEALTHCARE_CLINIC_CITY,222.89,2026-09-07T22:23:08.700826+00:00,USD,Monthly Bill Payment
TXN-NORM-000323,USER_0217,UTILITY_METRO_POWER,102.49,2026-09-10T03:25:46.139958+00:00,USD,Monthly Bill Payment
TXN-NORM-000324,USER_0235,MUNICIPAL_TAX_BOARD,30.34,2026-09-25T17:16:45.951782+00:00,USD,Monthly Bill Payment
TXN-NORM-000325,USER_0264,UTILITY_METRO_POWER,224.81,2026-09-22T03:59:14.214803+00:00,USD,Monthly Bill Payment
TXN-NORM-000326,USER_0124,TELECOM_APEX_MOBILE,47.00,2026-09-07T01:22:31.423225+00:00,USD,Monthly Bill Payment
TXN-NORM-000327,USER_0270,GROCERY_MARKET_CENTRAL,177.79,2026-09-23T16:22:54.120295+00:00,USD,Monthly Bill Payment
TXN-NORM-000328,USER_0199,USER_0200,397.43,2026-09-08T19:36:39.173323+00:00,USD,Personal Transfer
TXN-NORM-000329,USER_0177,MUNICIPAL_TAX_BOARD,263.94,2026-09-20T05:12:49.582490+00:00,USD,Monthly Bill Payment
TXN-NORM-000330,USER_0171,HEALTHCARE_CLINIC_CITY,81.90,2026-09-12T00:09:57.988601+00:00,USD,Monthly Bill Payment
TXN-NORM-000331,USER_0238,USER_0239,80.40,2026-09-15T07:40:28.101055+00:00,USD,Personal Transfer
TXN-NORM-000332,USER_0235,UTILITY_METRO_POWER,127.57,2026-09-07T15:19:07.183692+00:00,USD,Monthly Bill Payment
TXN-NORM-000333,USER_0159,UTILITY_METRO_POWER,269.82,2026-09-29T22:58:59.621247+00:00,USD,Monthly Bill Payment
TXN-NORM-000334,USER_0098,HEALTHCARE_CLINIC_CITY,132.88,2026-09-25T20:36:16.656008+00:00,USD,Monthly Bill Payment
TXN-NORM-000335,USER_0064,USER_0065,228.27,2026-09-14T10:45:57.526106+00:00,USD,Personal Transfer
TXN-NORM-000336,USER_0198,GROCERY_MARKET_CENTRAL,193.76,2026-09-07T13:52:34.112034+00:00,USD,Monthly Bill Payment
TXN-NORM-000337,USER_0043,USER_0044,157.48,2026-09-04T03:48:58.283717+00:00,USD,Personal Transfer
TXN-NORM-000338,USER_0053,MUNICIPAL_TAX_BOARD,258.24,2026-09-20T13:25:05.438478+00:00,USD,Monthly Bill Payment
TXN-NORM-000339,USER_0086,USER_0087,436.97,2026-09-11T14:33:45.097201+00:00,USD,Personal Transfer
TXN-NORM-000340,USER_0181,HEALTHCARE_CLINIC_CITY,232.19,2026-09-13T21:42:10.181547+00:00,USD,Monthly Bill Payment
TXN-NORM-000341,USER_0187,UTILITY_CITY_WATER,300.82,2026-09-22T20:32:54.084942+00:00,USD,Monthly Bill Payment
TXN-NORM-000342,USER_0225,SUBSCRIPTION_STREAM_NOW,333.58,2026-09-04T01:48:10.055663+00:00,USD,Monthly Bill Payment
TXN-NORM-000343,USER_0017,SUBSCRIPTION_STREAM_NOW,273.00,2026-09-21T03:28:59.831913+00:00,USD,Monthly Bill Payment
TXN-NORM-000344,USER_0294,TELECOM_APEX_MOBILE,106.12,2026-09-12T09:47:34.868227+00:00,USD,Monthly Bill Payment
TXN-NORM-000345,USER_0059,MUNICIPAL_TAX_BOARD,63.27,2026-09-07T10:56:39.986137+00:00,USD,Monthly Bill Payment
TXN-NORM-000346,USER_0134,USER_0135,459.49,2026-09-08T02:48:34.884709+00:00,USD,Personal Transfer
TXN-NORM-000347,USER_0252,UTILITY_CITY_WATER,317.07,2026-09-05T14:45:01.494644+00:00,USD,Monthly Bill Payment
TXN-NORM-000348,USER_0228,USER_0229,183.50,2026-09-24T18:49:10.743644+00:00,USD,Personal Transfer
TXN-NORM-000349,USER_0034,UTILITY_CITY_WATER,256.34,2026-09-10T05:43:35.704373+00:00,USD,Monthly Bill Payment
TXN-NORM-000350,USER_0090,USER_0091,399.15,2026-09-16T01:15:46.249087+00:00,USD,Personal Transfer
TXN-NORM-000351,USER_0122,USER_0123,404.78,2026-09-02T22:28:59.223663+00:00,USD,Personal Transfer
TXN-NORM-000352,USER_0283,SUBSCRIPTION_STREAM_NOW,349.87,2026-09-26T11:48:29.114882+00:00,USD,Monthly Bill Payment
TXN-NORM-000353,USER_0246,TELECOM_APEX_MOBILE,233.76,2026-09-23T06:33:57.298551+00:00,USD,Monthly Bill Payment
TXN-NORM-000354,USER_0231,GROCERY_MARKET_CENTRAL,278.59,2026-09-16T08:45:27.350092+00:00,USD,Monthly Bill Payment
TXN-NORM-000355,USER_0094,USER_0095,75.22,2026-09-05T09:41:01.686747+00:00,USD,Personal Transfer
TXN-NORM-000356,USER_0079,MUNICIPAL_TAX_BOARD,315.85,2026-09-06T13:13:11.074027+00:00,USD,Monthly Bill Payment
TXN-NORM-000357,USER_0041,HEALTHCARE_CLINIC_CITY,123.42,2026-09-19T18:46:03.222216+00:00,USD,Monthly Bill Payment
TXN-NORM-000358,USER_0274,HEALTHCARE_CLINIC_CITY,227.96,2026-09-19T18:46:18.652750+00:00,USD,Monthly Bill Payment
TXN-NORM-000359,USER_0173,USER_0174,37.05,2026-09-17T10:52:55.089079+00:00,USD,Personal Transfer
TXN-NORM-000360,USER_0296,HEALTHCARE_CLINIC_CITY,34.84,2026-09-08T04:12:26.247774+00:00,USD,Monthly Bill Payment
TXN-NORM-000361,USER_0280,GROCERY_MARKET_CENTRAL,287.39,2026-09-29T01:13:22.633685+00:00,USD,Monthly Bill Payment
TXN-NORM-000362,USER_0208,SUBSCRIPTION_STREAM_NOW,160.08,2026-09-03T19:25:45.856362+00:00,USD,Monthly Bill Payment
TXN-NORM-000363,USER_0238,HEALTHCARE_CLINIC_CITY,128.78,2026-09-19T02:32:10.963145+00:00,USD,Monthly Bill Payment
TXN-NORM-000364,USER_0177,USER_0178,287.40,2026-09-05T20:29:39.654286+00:00,USD,Personal Transfer
TXN-NORM-000365,USER_0164,UTILITY_CITY_WATER,56.46,2026-09-05T17:41:26.413161+00:00,USD,Monthly Bill Payment
TXN-NORM-000366,USER_0149,USER_0150,481.90,2026-09-26T09:17:38.811130+00:00,USD,Personal Transfer
TXN-NORM-000367,USER_0082,USER_0083,385.11,2026-09-28T04:50:24.100811+00:00,USD,Personal Transfer
TXN-NORM-000368,USER_0256,USER_0257,26.24,2026-09-15T03:29:45.850213+00:00,USD,Personal Transfer
TXN-NORM-000369,USER_0202,TELECOM_APEX_MOBILE,40.81,2026-09-28T23:18:36.124145+00:00,USD,Monthly Bill Payment
TXN-NORM-000370,USER_0145,MUNICIPAL_TAX_BOARD,27.66,2026-09-26T23:30:52.248154+00:00,USD,Monthly Bill Payment
TXN-NORM-000371,USER_0056,SUBSCRIPTION_STREAM_NOW,143.93,2026-09-26T20:05:32.486723+00:00,USD,Monthly Bill Payment
TXN-NORM-000372,USER_0206,TELECOM_APEX_MOBILE,48.90,2026-09-17T21:10:33.262494+00:00,USD,Monthly Bill Payment
TXN-NORM-000373,USER_0259,UTILITY_METRO_POWER,153.02,2026-09-17T04:43:03.505707+00:00,USD,Monthly Bill Payment
TXN-NORM-000374,USER_0174,MUNICIPAL_TAX_BOARD,190.46,2026-09-12T02:24:36.099012+00:00,USD,Monthly Bill Payment
TXN-NORM-000375,USER_0257,SUBSCRIPTION_STREAM_NOW,193.78,2026-09-03T06:18:24.450474+00:00,USD,Monthly Bill Payment
TXN-NORM-000376,USER_0077,MUNICIPAL_TAX_BOARD,128.52,2026-09-16T13:33:57.497685+00:00,USD,Monthly Bill Payment
TXN-NORM-000377,USER_0202,USER_0203,178.14,2026-09-22T18:03:53.677824+00:00,USD,Personal Transfer
TXN-NORM-000378,USER_0261,GROCERY_MARKET_CENTRAL,30.41,2026-09-21T21:28:19.827801+00:00,USD,Monthly Bill Payment
TXN-NORM-000379,USER_0170,USER_0171,450.90,2026-09-29T11:22:22.998039+00:00,USD,Personal Transfer
TXN-NORM-000380,USER_0014,UTILITY_METRO_POWER,214.65,2026-09-09T10:57:57.050180+00:00,USD,Monthly Bill Payment
TXN-NORM-000381,USER_0088,GROCERY_MARKET_CENTRAL,246.24,2026-09-22T08:27:14.495338+00:00,USD,Monthly Bill Payment
TXN-NORM-000382,USER_0017,SUBSCRIPTION_STREAM_NOW,126.95,2026-09-21T12:29:07.687561+00:00,USD,Monthly Bill Payment
TXN-NORM-000383,USER_0078,GROCERY_MARKET_CENTRAL,264.15,2026-09-08T01:50:33.134654+00:00,USD,Monthly Bill Payment
TXN-NORM-000384,USER_0032,USER_0033,247.01,2026-09-16T15:24:37.002458+00:00,USD,Personal Transfer
TXN-NORM-000385,USER_0193,TELECOM_APEX_MOBILE,244.66,2026-09-06T23:55:46.623654+00:00,USD,Monthly Bill Payment
TXN-NORM-000386,USER_0136,MUNICIPAL_TAX_BOARD,122.01,2026-09-07T09:25:24.315554+00:00,USD,Monthly Bill Payment
TXN-NORM-000387,USER_0153,USER_0154,247.70,2026-09-22T00:44:06.002301+00:00,USD,Personal Transfer
TXN-NORM-000388,USER_0287,USER_0288,74.11,2026-09-24T06:18:12.334965+00:00,USD,Personal Transfer
TXN-NORM-000389,USER_0279,GROCERY_MARKET_CENTRAL,72.60,2026-09-29T13:31:55.784845+00:00,USD,Monthly Bill Payment
TXN-NORM-000390,USER_0022,SUBSCRIPTION_STREAM_NOW,238.19,2026-09-22T03:34:20.421992+00:00,USD,Monthly Bill Payment
TXN-NORM-000391,USER_0246,MUNICIPAL_TAX_BOARD,251.26,2026-09-25T04:46:47.258408+00:00,USD,Monthly Bill Payment
TXN-NORM-000392,USER_0071,UTILITY_METRO_POWER,242.70,2026-09-22T16:45:02.152766+00:00,USD,Monthly Bill Payment
TXN-NORM-000393,USER_0272,TELECOM_APEX_MOBILE,258.14,2026-09-08T08:44:26.497606+00:00,USD,Monthly Bill Payment
TXN-NORM-000394,USER_0052,USER_0053,331.65,2026-09-05T18:52:52.533960+00:00,USD,Personal Transfer
TXN-NORM-000395,USER_0244,TELECOM_APEX_MOBILE,234.92,2026-09-07T16:17:20.594295+00:00,USD,Monthly Bill Payment
TXN-NORM-000396,USER_0046,USER_0047,461.91,2026-09-08T06:51:40.723434+00:00,USD,Personal Transfer
TXN-NORM-000397,USER_0214,USER_0215,207.54,2026-09-06T16:59:29.226845+00:00,USD,Personal Transfer
TXN-NORM-000398,USER_0254,UTILITY_METRO_POWER,28.01,2026-09-23T00:51:57.157266+00:00,USD,Monthly Bill Payment
TXN-NORM-000399,USER_0291,SUBSCRIPTION_STREAM_NOW,346.46,2026-09-28T01:23:36.113615+00:00,USD,Monthly Bill Payment
TXN-NORM-000400,USER_0279,MUNICIPAL_TAX_BOARD,177.11,2026-09-26T17:44:54.498265+00:00,USD,Monthly Bill Payment
TXN-NORM-000401,USER_0099,USER_0100,139.77,2026-09-11T13:30:33.856459+00:00,USD,Personal Transfer
TXN-NORM-000402,USER_0096,HEALTHCARE_CLINIC_CITY,271.12,2026-09-11T12:43:49.135005+00:00,USD,Monthly Bill Payment
TXN-NORM-000403,USER_0090,SUBSCRIPTION_STREAM_NOW,192.47,2026-09-20T01:57:26.850189+00:00,USD,Monthly Bill Payment
TXN-NORM-000404,USER_0045,TELECOM_APEX_MOBILE,329.14,2026-09-04T13:46:11.520624+00:00,USD,Monthly Bill Payment
TXN-NORM-000405,USER_0004,TELECOM_APEX_MOBILE,214.30,2026-09-08T15:27:18.111153+00:00,USD,Monthly Bill Payment
TXN-NORM-000406,USER_0294,HEALTHCARE_CLINIC_CITY,63.42,2026-09-20T06:09:22.977325+00:00,USD,Monthly Bill Payment
TXN-NORM-000407,USER_0158,UTILITY_METRO_POWER,232.58,2026-09-21T06:31:41.625165+00:00,USD,Monthly Bill Payment
TXN-NORM-000408,USER_0152,UTILITY_CITY_WATER,172.87,2026-09-08T01:46:50.343899+00:00,USD,Monthly Bill Payment
TXN-NORM-000409,USER_0192,MUNICIPAL_TAX_BOARD,285.65,2026-09-17T16:58:02.737577+00:00,USD,Monthly Bill Payment
TXN-NORM-000410,USER_0112,USER_0113,231.67,2026-09-20T19:30:25.018481+00:00,USD,Personal Transfer
TXN-NORM-000411,USER_0186,MUNICIPAL_TAX_BOARD,318.44,2026-09-17T13:03:02.555164+00:00,USD,Monthly Bill Payment
TXN-NORM-000412,USER_0104,MUNICIPAL_TAX_BOARD,168.60,2026-09-06T08:38:28.156465+00:00,USD,Monthly Bill Payment
TXN-NORM-000413,USER_0106,USER_0107,41.98,2026-09-15T23:34:09.143725+00:00,USD,Personal Transfer
TXN-NORM-000414,USER_0068,SUBSCRIPTION_STREAM_NOW,243.65,2026-09-14T12:51:20.133612+00:00,USD,Monthly Bill Payment
TXN-NORM-000415,USER_0158,USER_0159,120.68,2026-09-12T19:18:38.122265+00:00,USD,Personal Transfer
TXN-NORM-000416,USER_0038,UTILITY_METRO_POWER,328.74,2026-09-11T10:39:47.504580+00:00,USD,Monthly Bill Payment
TXN-NORM-000417,USER_0036,USER_0037,102.29,2026-09-15T06:55:55.953910+00:00,USD,Personal Transfer
TXN-NORM-000418,USER_0070,USER_0071,496.54,2026-09-29T13:52:31.083307+00:00,USD,Personal Transfer
TXN-NORM-000419,USER_0196,UTILITY_METRO_POWER,246.89,2026-09-27T19:54:00.919246+00:00,USD,Monthly Bill Payment
TXN-NORM-000420,USER_0277,MUNICIPAL_TAX_BOARD,152.74,2026-09-25T20:37:52.421002+00:00,USD,Monthly Bill Payment
TXN-NORM-000421,USER_0066,USER_0067,26.03,2026-09-07T23:18:48.127000+00:00,USD,Personal Transfer
TXN-NORM-000422,USER_0153,SUBSCRIPTION_STREAM_NOW,292.59,2026-09-22T08:28:19.172402+00:00,USD,Monthly Bill Payment
TXN-NORM-000423,USER_0127,HEALTHCARE_CLINIC_CITY,273.78,2026-09-06T08:15:09.377390+00:00,USD,Monthly Bill Payment
TXN-NORM-000424,USER_0017,USER_0018,114.95,2026-09-13T10:22:24.617100+00:00,USD,Personal Transfer
TXN-NORM-000425,USER_0052,HEALTHCARE_CLINIC_CITY,39.38,2026-09-14T05:35:12.976656+00:00,USD,Monthly Bill Payment
TXN-NORM-000426,USER_0225,MUNICIPAL_TAX_BOARD,347.88,2026-09-07T20:01:00.467286+00:00,USD,Monthly Bill Payment
TXN-NORM-000427,USER_0120,USER_0121,304.99,2026-09-22T13:49:26.784100+00:00,USD,Personal Transfer
TXN-NORM-000428,USER_0165,TELECOM_APEX_MOBILE,114.43,2026-09-26T11:34:33.261099+00:00,USD,Monthly Bill Payment
TXN-NORM-000429,USER_0286,USER_0287,344.19,2026-09-26T12:07:23.117002+00:00,USD,Personal Transfer
TXN-NORM-000430,USER_0285,MUNICIPAL_TAX_BOARD,128.59,2026-09-29T09:16:43.949710+00:00,USD,Monthly Bill Payment
TXN-NORM-000431,USER_0214,MUNICIPAL_TAX_BOARD,178.89,2026-09-10T08:00:19.209146+00:00,USD,Monthly Bill Payment
TXN-NORM-000432,USER_0116,UTILITY_METRO_POWER,207.78,2026-09-22T02:09:36.324953+00:00,USD,Monthly Bill Payment
TXN-NORM-000433,USER_0214,UTILITY_CITY_WATER,132.34,2026-09-05T18:27:18.621993+00:00,USD,Monthly Bill Payment
TXN-NORM-000434,USER_0041,USER_0042,366.42,2026-09-25T11:12:25.854762+00:00,USD,Personal Transfer
TXN-NORM-000435,USER_0098,UTILITY_METRO_POWER,86.15,2026-09-12T07:52:06.033723+00:00,USD,Monthly Bill Payment
TXN-NORM-000436,USER_0287,UTILITY_METRO_POWER,93.84,2026-09-07T23:35:19.681301+00:00,USD,Monthly Bill Payment
TXN-NORM-000437,USER_0098,USER_0099,132.66,2026-09-05T15:55:17.737730+00:00,USD,Personal Transfer
TXN-NORM-000438,USER_0105,TELECOM_APEX_MOBILE,148.72,2026-09-08T20:28:21.636438+00:00,USD,Monthly Bill Payment
TXN-NORM-000439,USER_0274,SUBSCRIPTION_STREAM_NOW,176.45,2026-09-10T19:27:10.421611+00:00,USD,Monthly Bill Payment
TXN-NORM-000440,USER_0241,USER_0242,166.77,2026-09-10T22:12:41.546981+00:00,USD,Personal Transfer
TXN-NORM-000441,USER_0024,TELECOM_APEX_MOBILE,204.83,2026-09-08T01:34:54.490437+00:00,USD,Monthly Bill Payment
TXN-NORM-000442,USER_0297,USER_0298,126.56,2026-09-10T05:24:38.720575+00:00,USD,Personal Transfer
TXN-NORM-000443,USER_0292,USER_0293,385.23,2026-09-16T01:59:56.181340+00:00,USD,Personal Transfer
TXN-NORM-000444,USER_0251,USER_0252,96.59,2026-09-20T06:33:42.983995+00:00,USD,Personal Transfer
TXN-NORM-000445,USER_0181,MUNICIPAL_TAX_BOARD,346.86,2026-09-22T10:54:18.984714+00:00,USD,Monthly Bill Payment
TXN-NORM-000446,USER_0031,HEALTHCARE_CLINIC_CITY,40.77,2026-09-25T06:06:24.947920+00:00,USD,Monthly Bill Payment
TXN-NORM-000447,USER_0004,HEALTHCARE_CLINIC_CITY,74.08,2026-09-25T12:38:04.592591+00:00,USD,Monthly Bill Payment
TXN-NORM-000448,USER_0112,SUBSCRIPTION_STREAM_NOW,30.11,2026-09-12T18:59:42.661763+00:00,USD,Monthly Bill Payment
TXN-NORM-000449,USER_0273,TELECOM_APEX_MOBILE,30.57,2026-09-02T09:54:07.469730+00:00,USD,Monthly Bill Payment
TXN-NORM-000450,USER_0221,USER_0222,61.71,2026-09-27T06:33:03.285142+00:00,USD,Personal Transfer
TXN-NORM-000451,USER_0077,TELECOM_APEX_MOBILE,111.88,2026-09-19T09:16:18.907485+00:00,USD,Monthly Bill Payment
TXN-NORM-000452,USER_0204,UTILITY_CITY_WATER,346.83,2026-09-29T02:20:44.890663+00:00,USD,Monthly Bill Payment
TXN-NORM-000453,USER_0116,GROCERY_MARKET_CENTRAL,236.22,2026-09-24T22:33:13.324463+00:00,USD,Monthly Bill Payment
TXN-NORM-000454,USER_0017,HEALTHCARE_CLINIC_CITY,28.07,2026-09-12T22:24:18.681450+00:00,USD,Monthly Bill Payment
TXN-NORM-000455,USER_0088,GROCERY_MARKET_CENTRAL,341.50,2026-09-25T18:01:58.189527+00:00,USD,Monthly Bill Payment
TXN-NORM-000456,USER_0271,USER_0272,37.58,2026-09-08T18:32:05.927252+00:00,USD,Personal Transfer
TXN-NORM-000457,USER_0039,USER_0040,465.45,2026-09-09T14:19:15.972048+00:00,USD,Personal Transfer
TXN-NORM-000458,USER_0162,GROCERY_MARKET_CENTRAL,256.63,2026-09-07T16:54:47.066682+00:00,USD,Monthly Bill Payment
TXN-NORM-000459,USER_0204,USER_0205,419.81,2026-09-10T09:23:44.898948+00:00,USD,Personal Transfer
TXN-NORM-000460,USER_0200,USER_0201,373.78,2026-09-17T08:09:38.173685+00:00,USD,Personal Transfer
TXN-NORM-000461,USER_0041,SUBSCRIPTION_STREAM_NOW,100.45,2026-09-28T22:54:24.840184+00:00,USD,Monthly Bill Payment
TXN-NORM-000462,USER_0039,TELECOM_APEX_MOBILE,34.63,2026-09-23T17:08:34.267777+00:00,USD,Monthly Bill Payment
TXN-NORM-000463,USER_0140,USER_0141,283.22,2026-09-14T14:27:18.277480+00:00,USD,Personal Transfer
TXN-NORM-000464,USER_0193,GROCERY_MARKET_CENTRAL,226.05,2026-09-21T04:36:25.237113+00:00,USD,Monthly Bill Payment
TXN-NORM-000465,USER_0127,USER_0128,360.16,2026-09-04T04:43:57.544598+00:00,USD,Personal Transfer
TXN-NORM-000466,USER_0079,USER_0080,17.52,2026-09-10T16:31:51.870931+00:00,USD,Personal Transfer
TXN-NORM-000467,USER_0158,UTILITY_METRO_POWER,85.90,2026-09-23T02:19:51.397829+00:00,USD,Monthly Bill Payment
TXN-NORM-000468,USER_0230,UTILITY_METRO_POWER,140.02,2026-09-16T03:32:49.411544+00:00,USD,Monthly Bill Payment
TXN-NORM-000469,USER_0048,TELECOM_APEX_MOBILE,159.49,2026-09-24T02:39:36.611135+00:00,USD,Monthly Bill Payment
TXN-NORM-000470,USER_0044,USER_0045,267.74,2026-09-17T15:39:56.415753+00:00,USD,Personal Transfer
TXN-NORM-000471,USER_0195,UTILITY_CITY_WATER,45.56,2026-09-09T13:59:05.296727+00:00,USD,Monthly Bill Payment
TXN-NORM-000472,USER_0223,TELECOM_APEX_MOBILE,331.87,2026-09-10T04:29:50.793213+00:00,USD,Monthly Bill Payment
TXN-NORM-000473,USER_0254,TELECOM_APEX_MOBILE,27.20,2026-09-07T07:28:20.728967+00:00,USD,Monthly Bill Payment
TXN-NORM-000474,USER_0203,TELECOM_APEX_MOBILE,164.95,2026-09-19T11:08:50.480403+00:00,USD,Monthly Bill Payment
TXN-NORM-000475,USER_0070,TELECOM_APEX_MOBILE,82.73,2026-09-18T19:48:36.955130+00:00,USD,Monthly Bill Payment
TXN-NORM-000476,USER_0204,USER_0205,394.26,2026-09-10T12:09:13.256273+00:00,USD,Personal Transfer
TXN-NORM-000477,USER_0167,UTILITY_METRO_POWER,327.92,2026-09-25T00:30:29.019122+00:00,USD,Monthly Bill Payment
TXN-NORM-000478,USER_0103,SUBSCRIPTION_STREAM_NOW,331.47,2026-09-16T23:31:11.648224+00:00,USD,Monthly Bill Payment
TXN-NORM-000479,USER_0108,GROCERY_MARKET_CENTRAL,283.59,2026-09-09T23:20:31.356721+00:00,USD,Monthly Bill Payment
TXN-NORM-000480,USER_0210,USER_0211,137.55,2026-09-05T23:50:39.626007+00:00,USD,Personal Transfer
TXN-NORM-000481,USER_0079,USER_0080,495.49,2026-09-23T20:13:56.882348+00:00,USD,Personal Transfer
TXN-NORM-000482,USER_0246,UTILITY_METRO_POWER,281.98,2026-09-17T04:46:44.682642+00:00,USD,Monthly Bill Payment
TXN-NORM-000483,USER_0185,USER_0186,387.94,2026-09-24T11:24:50.597693+00:00,USD,Personal Transfer
TXN-NORM-000484,USER_0182,TELECOM_APEX_MOBILE,338.86,2026-09-19T08:26:56.844200+00:00,USD,Monthly Bill Payment
TXN-NORM-000485,USER_0221,HEALTHCARE_CLINIC_CITY,193.61,2026-09-04T18:57:37.025855+00:00,USD,Monthly Bill Payment
TXN-NORM-000486,USER_0298,USER_0001,239.59,2026-09-08T08:49:10.261963+00:00,USD,Personal Transfer
TXN-NORM-000487,USER_0257,TELECOM_APEX_MOBILE,160.19,2026-09-30T04:33:42.281776+00:00,USD,Monthly Bill Payment
TXN-NORM-000488,USER_0044,TELECOM_APEX_MOBILE,136.50,2026-09-28T03:38:36.319781+00:00,USD,Monthly Bill Payment
TXN-NORM-000489,USER_0106,HEALTHCARE_CLINIC_CITY,251.45,2026-09-11T14:05:18.763058+00:00,USD,Monthly Bill Payment
TXN-NORM-000490,USER_0164,GROCERY_MARKET_CENTRAL,136.50,2026-09-03T02:20:11.179457+00:00,USD,Monthly Bill Payment
TXN-NORM-000491,USER_0056,USER_0057,99.61,2026-09-06T15:00:05.402062+00:00,USD,Personal Transfer
TXN-NORM-000492,USER_0082,GROCERY_MARKET_CENTRAL,156.64,2026-09-14T05:07:48.981383+00:00,USD,Monthly Bill Payment
TXN-NORM-000493,USER_0095,HEALTHCARE_CLINIC_CITY,224.58,2026-09-20T13:33:00.158322+00:00,USD,Monthly Bill Payment
TXN-NORM-000494,USER_0102,UTILITY_CITY_WATER,91.88,2026-09-13T17:46:42.896650+00:00,USD,Monthly Bill Payment
TXN-NORM-000495,USER_0033,TELECOM_APEX_MOBILE,89.05,2026-09-24T06:07:48.401417+00:00,USD,Monthly Bill Payment
TXN-NORM-000496,USER_0059,SUBSCRIPTION_STREAM_NOW,223.68,2026-09-26T05:39:17.155839+00:00,USD,Monthly Bill Payment
TXN-NORM-000497,USER_0059,HEALTHCARE_CLINIC_CITY,254.45,2026-09-25T13:25:31.394403+00:00,USD,Monthly Bill Payment
TXN-NORM-000498,USER_0153,USER_0154,72.16,2026-09-18T08:54:36.253880+00:00,USD,Personal Transfer
TXN-NORM-000499,USER_0157,SUBSCRIPTION_STREAM_NOW,160.93,2026-09-12T07:53:56.682424+00:00,USD,Monthly Bill Payment
TXN-NORM-000500,USER_0071,MUNICIPAL_TAX_BOARD,250.37,2026-09-14T04:20:00.366514+00:00,USD,Monthly Bill Payment
TXN-NORM-000501,USER_0089,TELECOM_APEX_MOBILE,298.65,2026-09-15T13:26:51.482658+00:00,USD,Monthly Bill Payment
TXN-NORM-000502,USER_0028,USER_0029,109.64,2026-09-28T21:53:12.132168+00:00,USD,Personal Transfer
TXN-NORM-000503,USER_0197,USER_0198,347.08,2026-09-16T11:16:28.672842+00:00,USD,Personal Transfer
TXN-NORM-000504,USER_0213,USER_0214,289.22,2026-09-14T07:41:11.257146+00:00,USD,Personal Transfer
TXN-NORM-000505,USER_0113,GROCERY_MARKET_CENTRAL,173.63,2026-09-09T18:36:29.450673+00:00,USD,Monthly Bill Payment
TXN-NORM-000506,USER_0254,GROCERY_MARKET_CENTRAL,201.51,2026-09-05T00:29:21.896811+00:00,USD,Monthly Bill Payment
TXN-NORM-000507,USER_0188,UTILITY_CITY_WATER,346.68,2026-09-23T10:42:38.644570+00:00,USD,Monthly Bill Payment
TXN-NORM-000508,USER_0053,USER_0054,439.28,2026-09-20T06:24:54.858889+00:00,USD,Personal Transfer
TXN-NORM-000509,USER_0017,GROCERY_MARKET_CENTRAL,348.04,2026-09-11T13:16:25.717249+00:00,USD,Monthly Bill Payment
TXN-NORM-000510,USER_0122,HEALTHCARE_CLINIC_CITY,223.34,2026-09-22T19:13:20.349900+00:00,USD,Monthly Bill Payment
TXN-NORM-000511,USER_0220,UTILITY_CITY_WATER,286.77,2026-09-05T21:29:54.239464+00:00,USD,Monthly Bill Payment
TXN-NORM-000512,USER_0292,HEALTHCARE_CLINIC_CITY,120.11,2026-09-09T18:56:52.302895+00:00,USD,Monthly Bill Payment
TXN-NORM-000513,USER_0294,GROCERY_MARKET_CENTRAL,280.35,2026-09-25T19:03:41.085754+00:00,USD,Monthly Bill Payment
TXN-NORM-000514,USER_0031,USER_0032,435.05,2026-09-26T02:42:30.239596+00:00,USD,Personal Transfer
TXN-NORM-000515,USER_0128,GROCERY_MARKET_CENTRAL,244.78,2026-09-11T00:52:33.449137+00:00,USD,Monthly Bill Payment
TXN-NORM-000516,USER_0251,SUBSCRIPTION_STREAM_NOW,49.54,2026-09-19T22:15:22.922843+00:00,USD,Monthly Bill Payment
TXN-NORM-000517,USER_0048,SUBSCRIPTION_STREAM_NOW,131.37,2026-09-23T02:57:03.632059+00:00,USD,Monthly Bill Payment
TXN-NORM-000518,USER_0002,USER_0003,486.49,2026-09-25T11:25:47.669384+00:00,USD,Personal Transfer
TXN-NORM-000519,USER_0184,USER_0185,484.54,2026-09-24T10:24:09.382860+00:00,USD,Personal Transfer
TXN-NORM-000520,USER_0109,MUNICIPAL_TAX_BOARD,212.83,2026-09-11T02:56:25.814996+00:00,USD,Monthly Bill Payment
TXN-NORM-000521,USER_0290,USER_0291,63.29,2026-09-23T18:16:53.254925+00:00,USD,Personal Transfer
TXN-NORM-000522,USER_0236,SUBSCRIPTION_STREAM_NOW,25.22,2026-09-27T21:12:53.711998+00:00,USD,Monthly Bill Payment
TXN-NORM-000523,USER_0220,HEALTHCARE_CLINIC_CITY,123.11,2026-09-21T03:24:52.046861+00:00,USD,Monthly Bill Payment
TXN-NORM-000524,USER_0141,HEALTHCARE_CLINIC_CITY,318.74,2026-09-11T21:07:51.117802+00:00,USD,Monthly Bill Payment
TXN-NORM-000525,USER_0085,HEALTHCARE_CLINIC_CITY,54.64,2026-09-19T11:45:16.639131+00:00,USD,Monthly Bill Payment
TXN-NORM-000526,USER_0049,UTILITY_CITY_WATER,193.82,2026-09-15T05:17:11.178665+00:00,USD,Monthly Bill Payment
TXN-NORM-000527,USER_0228,SUBSCRIPTION_STREAM_NOW,250.56,2026-09-21T07:05:18.562944+00:00,USD,Monthly Bill Payment
TXN-NORM-000528,USER_0245,TELECOM_APEX_MOBILE,144.46,2026-09-12T13:00:13.040037+00:00,USD,Monthly Bill Payment
TXN-NORM-000529,USER_0154,HEALTHCARE_CLINIC_CITY,71.43,2026-09-23T11:59:32.903469+00:00,USD,Monthly Bill Payment
TXN-NORM-000530,USER_0272,TELECOM_APEX_MOBILE,259.79,2026-09-18T23:32:11.145424+00:00,USD,Monthly Bill Payment
TXN-NORM-000531,USER_0078,USER_0079,120.36,2026-09-19T12:50:28.192935+00:00,USD,Personal Transfer
TXN-NORM-000532,USER_0052,SUBSCRIPTION_STREAM_NOW,127.21,2026-09-05T16:13:57.874249+00:00,USD,Monthly Bill Payment
TXN-NORM-000533,USER_0072,MUNICIPAL_TAX_BOARD,220.00,2026-09-20T00:37:16.556851+00:00,USD,Monthly Bill Payment
TXN-NORM-000534,USER_0146,USER_0147,266.11,2026-09-21T08:57:34.007387+00:00,USD,Personal Transfer
TXN-NORM-000535,USER_0261,GROCERY_MARKET_CENTRAL,335.27,2026-09-12T17:32:59.328883+00:00,USD,Monthly Bill Payment
TXN-NORM-000536,USER_0254,UTILITY_METRO_POWER,345.74,2026-09-08T13:22:42.036792+00:00,USD,Monthly Bill Payment
TXN-NORM-000537,USER_0163,MUNICIPAL_TAX_BOARD,246.96,2026-09-26T07:11:03.805330+00:00,USD,Monthly Bill Payment
TXN-NORM-000538,USER_0242,USER_0243,47.75,2026-09-23T05:51:15.994179+00:00,USD,Personal Transfer
TXN-NORM-000539,USER_0135,TELECOM_APEX_MOBILE,229.29,2026-09-27T23:41:32.730731+00:00,USD,Monthly Bill Payment
TXN-NORM-000540,USER_0257,USER_0258,325.66,2026-09-14T01:06:33.518895+00:00,USD,Personal Transfer
TXN-NORM-000541,USER_0276,MUNICIPAL_TAX_BOARD,324.30,2026-09-09T20:16:32.625052+00:00,USD,Monthly Bill Payment
TXN-NORM-000542,USER_0080,HEALTHCARE_CLINIC_CITY,167.18,2026-09-12T17:21:01.731795+00:00,USD,Monthly Bill Payment
TXN-NORM-000543,USER_0123,SUBSCRIPTION_STREAM_NOW,224.00,2026-09-04T16:14:41.123291+00:00,USD,Monthly Bill Payment
TXN-NORM-000544,USER_0029,UTILITY_METRO_POWER,255.07,2026-09-22T15:09:16.705194+00:00,USD,Monthly Bill Payment
TXN-NORM-000545,USER_0006,TELECOM_APEX_MOBILE,66.25,2026-09-28T15:42:22.735302+00:00,USD,Monthly Bill Payment
TXN-NORM-000546,USER_0138,USER_0139,406.45,2026-09-05T00:48:02.807644+00:00,USD,Personal Transfer
TXN-NORM-000547,USER_0140,SUBSCRIPTION_STREAM_NOW,191.00,2026-09-09T03:59:15.910296+00:00,USD,Monthly Bill Payment
TXN-NORM-000548,USER_0029,TELECOM_APEX_MOBILE,276.33,2026-09-18T00:09:13.025286+00:00,USD,Monthly Bill Payment
TXN-NORM-000549,USER_0294,USER_0295,431.46,2026-09-04T22:39:38.571335+00:00,USD,Personal Transfer
TXN-NORM-000550,USER_0007,UTILITY_CITY_WATER,83.16,2026-09-15T10:15:36.849053+00:00,USD,Monthly Bill Payment
TXN-NORM-000551,USER_0019,TELECOM_APEX_MOBILE,105.69,2026-09-27T18:36:45.694241+00:00,USD,Monthly Bill Payment
TXN-NORM-000552,USER_0164,MUNICIPAL_TAX_BOARD,243.83,2026-09-04T08:40:11.455379+00:00,USD,Monthly Bill Payment
TXN-NORM-000553,USER_0027,UTILITY_METRO_POWER,310.02,2026-09-24T05:24:05.056187+00:00,USD,Monthly Bill Payment
TXN-NORM-000554,USER_0145,USER_0146,236.52,2026-09-10T12:01:35.626208+00:00,USD,Personal Transfer
TXN-NORM-000555,USER_0189,MUNICIPAL_TAX_BOARD,103.84,2026-09-17T20:42:29.977161+00:00,USD,Monthly Bill Payment
TXN-NORM-000556,USER_0189,MUNICIPAL_TAX_BOARD,272.16,2026-09-15T18:31:15.510789+00:00,USD,Monthly Bill Payment
TXN-NORM-000557,USER_0126,MUNICIPAL_TAX_BOARD,137.59,2026-09-27T17:58:00.196034+00:00,USD,Monthly Bill Payment
TXN-NORM-000558,USER_0005,USER_0006,372.97,2026-09-02T07:16:44.336433+00:00,USD,Personal Transfer
TXN-NORM-000559,USER_0158,SUBSCRIPTION_STREAM_NOW,337.39,2026-09-16T19:35:49.614749+00:00,USD,Monthly Bill Payment
TXN-NORM-000560,USER_0073,USER_0074,425.07,2026-09-04T15:38:26.293360+00:00,USD,Personal Transfer
TXN-NORM-000561,USER_0212,USER_0213,61.35,2026-09-12T05:26:14.253024+00:00,USD,Personal Transfer
TXN-NORM-000562,USER_0069,HEALTHCARE_CLINIC_CITY,338.37,2026-09-12T18:54:27.443775+00:00,USD,Monthly Bill Payment
TXN-NORM-000563,USER_0122,GROCERY_MARKET_CENTRAL,263.99,2026-09-25T23:54:18.542626+00:00,USD,Monthly Bill Payment
TXN-NORM-000564,USER_0163,GROCERY_MARKET_CENTRAL,275.30,2026-09-08T11:57:33.878485+00:00,USD,Monthly Bill Payment
TXN-NORM-000565,USER_0056,SUBSCRIPTION_STREAM_NOW,64.24,2026-09-06T21:47:55.753476+00:00,USD,Monthly Bill Payment
TXN-NORM-000566,USER_0184,USER_0185,143.53,2026-09-07T21:54:59.580007+00:00,USD,Personal Transfer
TXN-NORM-000567,USER_0062,HEALTHCARE_CLINIC_CITY,251.49,2026-09-24T16:02:00.794547+00:00,USD,Monthly Bill Payment
TXN-NORM-000568,USER_0021,HEALTHCARE_CLINIC_CITY,105.67,2026-09-25T19:02:41.264656+00:00,USD,Monthly Bill Payment
TXN-NORM-000569,USER_0183,GROCERY_MARKET_CENTRAL,346.97,2026-09-03T11:26:38.400739+00:00,USD,Monthly Bill Payment
TXN-NORM-000570,USER_0016,USER_0017,239.09,2026-09-25T20:44:27.720870+00:00,USD,Personal Transfer
TXN-NORM-000571,USER_0072,UTILITY_CITY_WATER,292.69,2026-09-03T17:49:37.269373+00:00,USD,Monthly Bill Payment
TXN-NORM-000572,USER_0191,USER_0192,299.27,2026-09-27T23:49:00.546218+00:00,USD,Personal Transfer
TXN-NORM-000573,USER_0039,UTILITY_CITY_WATER,54.89,2026-09-04T03:25:13.711213+00:00,USD,Monthly Bill Payment
TXN-NORM-000574,USER_0170,MUNICIPAL_TAX_BOARD,165.78,2026-09-28T01:31:04.070238+00:00,USD,Monthly Bill Payment
TXN-NORM-000575,USER_0203,TELECOM_APEX_MOBILE,94.78,2026-09-12T22:51:32.275433+00:00,USD,Monthly Bill Payment
TXN-NORM-000576,USER_0096,MUNICIPAL_TAX_BOARD,226.23,2026-09-14T08:04:57.314260+00:00,USD,Monthly Bill Payment
TXN-NORM-000577,USER_0126,UTILITY_METRO_POWER,115.93,2026-09-16T06:30:28.159393+00:00,USD,Monthly Bill Payment
TXN-NORM-000578,USER_0071,GROCERY_MARKET_CENTRAL,201.69,2026-09-19T23:23:12.472203+00:00,USD,Monthly Bill Payment
TXN-NORM-000579,USER_0010,USER_0011,279.09,2026-09-24T00:28:14.870927+00:00,USD,Personal Transfer
TXN-NORM-000580,USER_0249,TELECOM_APEX_MOBILE,83.44,2026-09-17T22:33:35.951890+00:00,USD,Monthly Bill Payment
TXN-NORM-000581,USER_0164,GROCERY_MARKET_CENTRAL,347.25,2026-09-02T21:04:17.749831+00:00,USD,Monthly Bill Payment
TXN-NORM-000582,USER_0272,UTILITY_METRO_POWER,105.55,2026-09-18T07:36:20.330637+00:00,USD,Monthly Bill Payment
TXN-NORM-000583,USER_0124,UTILITY_CITY_WATER,212.10,2026-09-24T13:47:04.359168+00:00,USD,Monthly Bill Payment
TXN-NORM-000584,USER_0199,UTILITY_CITY_WATER,217.57,2026-09-25T08:31:35.592519+00:00,USD,Monthly Bill Payment
TXN-NORM-000585,USER_0184,USER_0185,288.35,2026-09-02T23:53:13.628722+00:00,USD,Personal Transfer
TXN-NORM-000586,USER_0289,USER_0290,164.89,2026-09-25T17:13:07.936398+00:00,USD,Personal Transfer
TXN-NORM-000587,USER_0252,MUNICIPAL_TAX_BOARD,180.35,2026-09-03T14:01:36.278158+00:00,USD,Monthly Bill Payment
TXN-NORM-000588,USER_0170,USER_0171,362.71,2026-09-07T12:39:01.983933+00:00,USD,Personal Transfer
TXN-NORM-000589,USER_0166,UTILITY_METRO_POWER,300.11,2026-09-06T01:07:28.684487+00:00,USD,Monthly Bill Payment
TXN-NORM-000590,USER_0187,USER_0188,64.00,2026-09-12T16:10:22.990838+00:00,USD,Personal Transfer
TXN-NORM-000591,USER_0155,HEALTHCARE_CLINIC_CITY,337.22,2026-09-29T12:40:10.700008+00:00,USD,Monthly Bill Payment
TXN-NORM-000592,USER_0163,HEALTHCARE_CLINIC_CITY,216.41,2026-09-29T05:18:12.876185+00:00,USD,Monthly Bill Payment
TXN-NORM-000593,USER_0090,UTILITY_CITY_WATER,261.87,2026-09-22T14:00:58.922995+00:00,USD,Monthly Bill Payment
TXN-NORM-000594,USER_0294,MUNICIPAL_TAX_BOARD,128.42,2026-09-29T12:21:19.143173+00:00,USD,Monthly Bill Payment
TXN-NORM-000595,USER_0114,TELECOM_APEX_MOBILE,267.24,2026-09-05T06:15:43.963294+00:00,USD,Monthly Bill Payment
TXN-NORM-000596,USER_0122,HEALTHCARE_CLINIC_CITY,242.76,2026-09-10T18:12:58.947191+00:00,USD,Monthly Bill Payment
TXN-NORM-000597,USER_0172,UTILITY_METRO_POWER,138.91,2026-09-09T10:43:10.500723+00:00,USD,Monthly Bill Payment
TXN-NORM-000598,USER_0056,USER_0057,218.53,2026-09-03T16:24:22.335714+00:00,USD,Personal Transfer
TXN-NORM-000599,USER_0086,USER_0087,279.82,2026-09-15T23:56:03.730188+00:00,USD,Personal Transfer
TXN-NORM-000600,USER_0052,USER_0053,233.87,2026-09-24T00:42:00.975485+00:00,USD,Personal Transfer
TXN-NORM-000601,USER_0018,TELECOM_APEX_MOBILE,80.28,2026-09-10T17:52:46.229644+00:00,USD,Monthly Bill Payment
TXN-NORM-000602,USER_0193,MUNICIPAL_TAX_BOARD,345.21,2026-09-03T21:58:17.836072+00:00,USD,Monthly Bill Payment
TXN-NORM-000603,USER_0248,USER_0249,446.53,2026-09-13T23:50:50.776359+00:00,USD,Personal Transfer
TXN-NORM-000604,USER_0081,HEALTHCARE_CLINIC_CITY,205.09,2026-09-11T05:32:03.349415+00:00,USD,Monthly Bill Payment
TXN-NORM-000605,USER_0277,UTILITY_METRO_POWER,152.69,2026-09-09T21:00:28.259924+00:00,USD,Monthly Bill Payment
TXN-NORM-000606,USER_0282,USER_0283,222.39,2026-09-06T11:14:37.752549+00:00,USD,Personal Transfer
TXN-NORM-000607,USER_0151,USER_0152,62.04,2026-09-19T19:09:39.249373+00:00,USD,Personal Transfer
TXN-NORM-000608,USER_0106,GROCERY_MARKET_CENTRAL,62.54,2026-09-09T23:17:49.047592+00:00,USD,Monthly Bill Payment
TXN-NORM-000609,USER_0204,HEALTHCARE_CLINIC_CITY,201.84,2026-09-27T00:41:35.866398+00:00,USD,Monthly Bill Payment
TXN-NORM-000610,USER_0095,UTILITY_METRO_POWER,110.57,2026-09-12T14:16:56.510221+00:00,USD,Monthly Bill Payment
TXN-NORM-000611,USER_0239,GROCERY_MARKET_CENTRAL,251.35,2026-09-25T03:03:28.556745+00:00,USD,Monthly Bill Payment
TXN-NORM-000612,USER_0050,MUNICIPAL_TAX_BOARD,98.94,2026-09-11T21:24:09.764752+00:00,USD,Monthly Bill Payment
TXN-NORM-000613,USER_0032,USER_0033,348.23,2026-09-25T02:58:14.874746+00:00,USD,Personal Transfer
TXN-NORM-000614,USER_0244,SUBSCRIPTION_STREAM_NOW,318.40,2026-09-08T16:16:09.226484+00:00,USD,Monthly Bill Payment
TXN-NORM-000615,USER_0018,GROCERY_MARKET_CENTRAL,170.94,2026-09-27T00:27:40.952981+00:00,USD,Monthly Bill Payment
TXN-NORM-000616,USER_0086,USER_0087,220.34,2026-09-24T10:46:43.076384+00:00,USD,Personal Transfer
TXN-NORM-000617,USER_0223,MUNICIPAL_TAX_BOARD,108.81,2026-09-24T21:04:19.955091+00:00,USD,Monthly Bill Payment
TXN-NORM-000618,USER_0035,TELECOM_APEX_MOBILE,193.90,2026-09-17T16:50:29.295521+00:00,USD,Monthly Bill Payment
TXN-NORM-000619,USER_0007,USER_0008,216.00,2026-09-19T15:42:58.520339+00:00,USD,Personal Transfer
TXN-NORM-000620,USER_0076,UTILITY_METRO_POWER,207.87,2026-09-18T03:32:38.078544+00:00,USD,Monthly Bill Payment
TXN-NORM-000621,USER_0052,USER_0053,214.28,2026-09-26T10:11:41.181464+00:00,USD,Personal Transfer
TXN-NORM-000622,USER_0197,USER_0198,98.52,2026-09-18T07:27:36.340929+00:00,USD,Personal Transfer
TXN-NORM-000623,USER_0207,SUBSCRIPTION_STREAM_NOW,314.11,2026-09-19T04:59:20.033394+00:00,USD,Monthly Bill Payment
TXN-NORM-000624,USER_0170,USER_0171,145.26,2026-09-03T18:22:18.853959+00:00,USD,Personal Transfer
TXN-NORM-000625,USER_0191,TELECOM_APEX_MOBILE,298.93,2026-09-24T22:02:17.816104+00:00,USD,Monthly Bill Payment
TXN-NORM-000626,USER_0051,USER_0052,229.91,2026-09-08T11:49:25.022932+00:00,USD,Personal Transfer
TXN-NORM-000627,USER_0165,SUBSCRIPTION_STREAM_NOW,93.70,2026-09-13T10:40:15.666497+00:00,USD,Monthly Bill Payment
TXN-NORM-000628,USER_0209,USER_0210,42.26,2026-09-23T09:49:24.157741+00:00,USD,Personal Transfer
TXN-NORM-000629,USER_0082,GROCERY_MARKET_CENTRAL,301.67,2026-09-22T00:39:39.608921+00:00,USD,Monthly Bill Payment
TXN-NORM-000630,USER_0292,UTILITY_METRO_POWER,106.08,2026-09-07T09:21:27.854394+00:00,USD,Monthly Bill Payment
TXN-NORM-000631,USER_0234,TELECOM_APEX_MOBILE,292.64,2026-09-12T00:59:25.757141+00:00,USD,Monthly Bill Payment
TXN-NORM-000632,USER_0259,TELECOM_APEX_MOBILE,183.86,2026-09-27T11:44:24.220977+00:00,USD,Monthly Bill Payment
TXN-NORM-000633,USER_0229,UTILITY_CITY_WATER,297.24,2026-09-26T11:38:26.129556+00:00,USD,Monthly Bill Payment
TXN-NORM-000634,USER_0133,USER_0134,202.48,2026-09-21T07:40:15.551956+00:00,USD,Personal Transfer
TXN-NORM-000635,USER_0084,USER_0085,122.36,2026-09-23T18:28:27.330572+00:00,USD,Personal Transfer
TXN-NORM-000636,USER_0116,USER_0117,24.73,2026-09-09T19:06:42.112843+00:00,USD,Personal Transfer
TXN-NORM-000637,USER_0005,GROCERY_MARKET_CENTRAL,27.75,2026-09-05T15:37:51.054680+00:00,USD,Monthly Bill Payment
TXN-NORM-000638,USER_0130,SUBSCRIPTION_STREAM_NOW,301.77,2026-09-28T09:17:10.055802+00:00,USD,Monthly Bill Payment
TXN-NORM-000639,USER_0236,UTILITY_METRO_POWER,27.39,2026-09-15T06:31:03.568237+00:00,USD,Monthly Bill Payment
TXN-NORM-000640,USER_0192,HEALTHCARE_CLINIC_CITY,60.13,2026-09-18T16:18:24.340155+00:00,USD,Monthly Bill Payment
TXN-NORM-000641,USER_0033,TELECOM_APEX_MOBILE,109.87,2026-09-09T21:26:59.463040+00:00,USD,Monthly Bill Payment
TXN-NORM-000642,USER_0153,UTILITY_METRO_POWER,286.76,2026-09-16T11:43:47.225655+00:00,USD,Monthly Bill Payment
TXN-NORM-000643,USER_0207,USER_0208,256.23,2026-09-20T17:55:02.581654+00:00,USD,Personal Transfer
TXN-NORM-000644,USER_0152,UTILITY_METRO_POWER,214.48,2026-09-13T22:27:17.700240+00:00,USD,Monthly Bill Payment
TXN-NORM-000645,USER_0293,USER_0294,274.30,2026-09-11T14:54:04.763170+00:00,USD,Personal Transfer
TXN-NORM-000646,USER_0244,USER_0245,97.44,2026-09-20T21:10:59.273416+00:00,USD,Personal Transfer
TXN-NORM-000647,USER_0286,TELECOM_APEX_MOBILE,260.69,2026-09-04T15:32:18.041504+00:00,USD,Monthly Bill Payment
TXN-NORM-000648,USER_0287,USER_0288,58.31,2026-09-07T06:39:57.258680+00:00,USD,Personal Transfer
TXN-NORM-000649,USER_0182,TELECOM_APEX_MOBILE,145.80,2026-09-26T14:44:39.681566+00:00,USD,Monthly Bill Payment
TXN-NORM-000650,USER_0151,HEALTHCARE_CLINIC_CITY,214.66,2026-09-05T02:10:59.303316+00:00,USD,Monthly Bill Payment
TXN-NORM-000651,USER_0037,HEALTHCARE_CLINIC_CITY,149.04,2026-09-07T07:34:59.514525+00:00,USD,Monthly Bill Payment
TXN-NORM-000652,USER_0153,UTILITY_CITY_WATER,136.37,2026-09-26T04:39:14.118233+00:00,USD,Monthly Bill Payment
TXN-NORM-000653,USER_0292,USER_0293,433.26,2026-09-29T10:23:37.230262+00:00,USD,Personal Transfer
TXN-NORM-000654,USER_0093,USER_0094,322.73,2026-09-15T13:13:02.883527+00:00,USD,Personal Transfer
TXN-NORM-000655,USER_0003,GROCERY_MARKET_CENTRAL,76.49,2026-09-07T19:12:08.761814+00:00,USD,Monthly Bill Payment
TXN-NORM-000656,USER_0046,SUBSCRIPTION_STREAM_NOW,338.73,2026-09-14T09:13:47.386828+00:00,USD,Monthly Bill Payment
TXN-NORM-000657,USER_0197,TELECOM_APEX_MOBILE,270.98,2026-09-17T01:49:14.991107+00:00,USD,Monthly Bill Payment
TXN-NORM-000658,USER_0272,HEALTHCARE_CLINIC_CITY,310.02,2026-09-20T21:47:02.000401+00:00,USD,Monthly Bill Payment
TXN-NORM-000659,USER_0160,UTILITY_METRO_POWER,292.75,2026-09-12T19:23:31.436168+00:00,USD,Monthly Bill Payment
TXN-NORM-000660,USER_0153,USER_0154,445.67,2026-09-14T21:08:17.730579+00:00,USD,Personal Transfer
TXN-NORM-000661,USER_0069,UTILITY_CITY_WATER,78.59,2026-09-27T08:45:59.675423+00:00,USD,Monthly Bill Payment
TXN-NORM-000662,USER_0207,HEALTHCARE_CLINIC_CITY,32.12,2026-09-08T03:49:20.105574+00:00,USD,Monthly Bill Payment
TXN-NORM-000663,USER_0259,HEALTHCARE_CLINIC_CITY,108.13,2026-09-12T00:16:10.689086+00:00,USD,Monthly Bill Payment
TXN-NORM-000664,USER_0274,UTILITY_METRO_POWER,237.41,2026-09-18T08:47:29.601056+00:00,USD,Monthly Bill Payment
TXN-NORM-000665,USER_0011,UTILITY_METRO_POWER,202.87,2026-09-05T13:19:58.323780+00:00,USD,Monthly Bill Payment
TXN-NORM-000666,USER_0243,USER_0244,219.12,2026-09-07T11:18:57.823889+00:00,USD,Personal Transfer
TXN-NORM-000667,USER_0052,USER_0053,417.87,2026-09-09T10:36:36.117588+00:00,USD,Personal Transfer
TXN-NORM-000668,USER_0054,GROCERY_MARKET_CENTRAL,59.54,2026-09-19T08:07:37.982537+00:00,USD,Monthly Bill Payment
TXN-NORM-000669,USER_0102,HEALTHCARE_CLINIC_CITY,158.17,2026-09-23T16:41:16.645992+00:00,USD,Monthly Bill Payment
TXN-NORM-000670,USER_0083,SUBSCRIPTION_STREAM_NOW,132.45,2026-09-15T20:29:32.817857+00:00,USD,Monthly Bill Payment
TXN-NORM-000671,USER_0002,MUNICIPAL_TAX_BOARD,242.43,2026-09-04T08:52:46.684851+00:00,USD,Monthly Bill Payment
TXN-NORM-000672,USER_0077,USER_0078,365.93,2026-09-23T14:08:14.731113+00:00,USD,Personal Transfer
TXN-NORM-000673,USER_0132,SUBSCRIPTION_STREAM_NOW,41.28,2026-09-14T20:30:26.256427+00:00,USD,Monthly Bill Payment
TXN-NORM-000674,USER_0090,USER_0091,343.23,2026-09-25T23:54:56.591889+00:00,USD,Personal Transfer
TXN-NORM-000675,USER_0219,USER_0220,428.22,2026-09-04T10:00:39.512640+00:00,USD,Personal Transfer
TXN-NORM-000676,USER_0088,HEALTHCARE_CLINIC_CITY,55.21,2026-09-27T01:18:32.493346+00:00,USD,Monthly Bill Payment
TXN-NORM-000677,USER_0176,GROCERY_MARKET_CENTRAL,150.36,2026-09-13T12:02:38.244825+00:00,USD,Monthly Bill Payment
TXN-NORM-000678,USER_0245,USER_0246,79.27,2026-09-20T00:59:03.380163+00:00,USD,Personal Transfer
TXN-NORM-000679,USER_0031,USER_0032,456.94,2026-09-25T10:12:35.968224+00:00,USD,Personal Transfer
TXN-NORM-000680,USER_0248,USER_0249,199.18,2026-09-20T21:18:07.358517+00:00,USD,Personal Transfer
TXN-NORM-000681,USER_0184,SUBSCRIPTION_STREAM_NOW,61.70,2026-09-25T23:28:50.659037+00:00,USD,Monthly Bill Payment
TXN-NORM-000682,USER_0211,HEALTHCARE_CLINIC_CITY,307.21,2026-09-03T21:48:35.340249+00:00,USD,Monthly Bill Payment
TXN-NORM-000683,USER_0269,USER_0270,438.47,2026-09-18T03:13:27.033022+00:00,USD,Personal Transfer
TXN-NORM-000684,USER_0266,HEALTHCARE_CLINIC_CITY,261.16,2026-09-21T09:57:30.569060+00:00,USD,Monthly Bill Payment
TXN-NORM-000685,USER_0247,GROCERY_MARKET_CENTRAL,293.59,2026-09-21T02:23:51.045260+00:00,USD,Monthly Bill Payment
TXN-NORM-000686,USER_0028,SUBSCRIPTION_STREAM_NOW,307.56,2026-09-28T10:57:18.371208+00:00,USD,Monthly Bill Payment
TXN-NORM-000687,USER_0039,USER_0040,39.42,2026-09-11T02:22:47.050373+00:00,USD,Personal Transfer
TXN-NORM-000688,USER_0115,SUBSCRIPTION_STREAM_NOW,169.36,2026-09-12T14:01:08.635022+00:00,USD,Monthly Bill Payment
TXN-NORM-000689,USER_0294,UTILITY_METRO_POWER,343.72,2026-09-26T05:18:19.720235+00:00,USD,Monthly Bill Payment
TXN-NORM-000690,USER_0010,UTILITY_METRO_POWER,282.33,2026-09-13T06:22:06.809485+00:00,USD,Monthly Bill Payment
TXN-NORM-000691,USER_0156,USER_0157,191.22,2026-09-18T00:17:16.404987+00:00,USD,Personal Transfer
TXN-NORM-000692,USER_0028,USER_0029,387.20,2026-09-25T17:20:17.847212+00:00,USD,Personal Transfer
TXN-NORM-000693,USER_0243,USER_0244,62.26,2026-09-12T10:46:43.303626+00:00,USD,Personal Transfer
TXN-NORM-000694,USER_0114,MUNICIPAL_TAX_BOARD,146.51,2026-09-12T00:47:03.816217+00:00,USD,Monthly Bill Payment
TXN-NORM-000695,USER_0055,HEALTHCARE_CLINIC_CITY,266.32,2026-09-06T12:11:06.363176+00:00,USD,Monthly Bill Payment
TXN-NORM-000696,USER_0210,GROCERY_MARKET_CENTRAL,152.69,2026-09-19T00:32:34.833383+00:00,USD,Monthly Bill Payment
TXN-NORM-000697,USER_0235,USER_0236,382.22,2026-09-07T11:06:41.545485+00:00,USD,Personal Transfer
TXN-NORM-000698,USER_0024,USER_0025,447.50,2026-09-25T05:59:02.613435+00:00,USD,Personal Transfer
TXN-NORM-000699,USER_0235,USER_0236,17.10,2026-09-28T14:10:54.141698+00:00,USD,Personal Transfer
TXN-NORM-000700,USER_0025,MUNICIPAL_TAX_BOARD,278.85,2026-09-14T11:11:35.389261+00:00,USD,Monthly Bill Payment
TXN-NORM-000701,USER_0091,USER_0092,202.89,2026-09-06T17:46:34.395291+00:00,USD,Personal Transfer
TXN-NORM-000702,USER_0165,SUBSCRIPTION_STREAM_NOW,338.17,2026-09-12T18:15:12.370450+00:00,USD,Monthly Bill Payment
TXN-NORM-000703,USER_0151,HEALTHCARE_CLINIC_CITY,313.09,2026-09-06T00:20:20.800974+00:00,USD,Monthly Bill Payment
TXN-NORM-000704,USER_0263,HEALTHCARE_CLINIC_CITY,329.04,2026-09-21T17:52:14.124896+00:00,USD,Monthly Bill Payment
TXN-NORM-000705,USER_0112,TELECOM_APEX_MOBILE,324.39,2026-09-19T13:03:33.423835+00:00,USD,Monthly Bill Payment
TXN-NORM-000706,USER_0068,USER_0069,278.11,2026-09-20T02:13:52.242992+00:00,USD,Personal Transfer
TXN-NORM-000707,USER_0166,USER_0167,291.76,2026-09-23T14:25:53.843862+00:00,USD,Personal Transfer
TXN-NORM-000708,USER_0214,USER_0215,425.94,2026-09-27T01:51:57.628282+00:00,USD,Personal Transfer
TXN-NORM-000709,USER_0007,HEALTHCARE_CLINIC_CITY,43.40,2026-09-02T14:22:20.012822+00:00,USD,Monthly Bill Payment
TXN-NORM-000710,USER_0137,USER_0138,136.52,2026-09-06T14:52:44.424188+00:00,USD,Personal Transfer
TXN-NORM-000711,USER_0032,USER_0033,409.80,2026-09-10T00:23:34.042684+00:00,USD,Personal Transfer
TXN-NORM-000712,USER_0053,HEALTHCARE_CLINIC_CITY,207.41,2026-09-20T21:30:55.987150+00:00,USD,Monthly Bill Payment
TXN-NORM-000713,USER_0122,HEALTHCARE_CLINIC_CITY,40.27,2026-09-24T08:41:35.317990+00:00,USD,Monthly Bill Payment
TXN-NORM-000714,USER_0196,UTILITY_METRO_POWER,29.21,2026-09-28T20:35:27.500832+00:00,USD,Monthly Bill Payment
TXN-NORM-000715,USER_0129,UTILITY_CITY_WATER,321.23,2026-09-26T14:03:54.962754+00:00,USD,Monthly Bill Payment
TXN-NORM-000716,USER_0189,USER_0190,366.58,2026-09-17T06:13:48.583927+00:00,USD,Personal Transfer
TXN-NORM-000717,USER_0100,UTILITY_CITY_WATER,263.90,2026-09-06T18:23:15.773860+00:00,USD,Monthly Bill Payment
TXN-NORM-000718,USER_0062,UTILITY_CITY_WATER,214.80,2026-09-14T00:27:43.797082+00:00,USD,Monthly Bill Payment
TXN-NORM-000719,USER_0131,UTILITY_CITY_WATER,326.80,2026-09-14T21:41:19.670634+00:00,USD,Monthly Bill Payment
TXN-NORM-000720,USER_0027,USER_0028,398.11,2026-09-19T13:39:43.862098+00:00,USD,Personal Transfer
TXN-NORM-000721,USER_0282,UTILITY_CITY_WATER,336.02,2026-09-24T00:56:14.848666+00:00,USD,Monthly Bill Payment
TXN-NORM-000722,USER_0267,MUNICIPAL_TAX_BOARD,156.11,2026-09-16T09:12:31.123196+00:00,USD,Monthly Bill Payment
TXN-NORM-000723,USER_0179,TELECOM_APEX_MOBILE,120.41,2026-09-08T02:36:42.160682+00:00,USD,Monthly Bill Payment
TXN-NORM-000724,USER_0272,HEALTHCARE_CLINIC_CITY,137.45,2026-09-17T09:23:10.933880+00:00,USD,Monthly Bill Payment
TXN-NORM-000725,USER_0124,USER_0125,346.04,2026-09-19T03:22:03.316531+00:00,USD,Personal Transfer
TXN-NORM-000726,USER_0165,TELECOM_APEX_MOBILE,200.58,2026-09-24T01:56:23.747112+00:00,USD,Monthly Bill Payment
TXN-NORM-000727,USER_0145,GROCERY_MARKET_CENTRAL,190.34,2026-09-16T15:01:40.898383+00:00,USD,Monthly Bill Payment
TXN-NORM-000728,USER_0250,MUNICIPAL_TAX_BOARD,51.76,2026-09-27T01:13:21.715164+00:00,USD,Monthly Bill Payment
TXN-NORM-000729,USER_0050,UTILITY_METRO_POWER,93.50,2026-09-28T10:23:21.172277+00:00,USD,Monthly Bill Payment
TXN-NORM-000730,USER_0110,USER_0111,275.81,2026-09-13T16:40:02.336471+00:00,USD,Personal Transfer
TXN-NORM-000731,USER_0223,SUBSCRIPTION_STREAM_NOW,257.98,2026-09-28T02:40:26.439357+00:00,USD,Monthly Bill Payment
TXN-NORM-000732,USER_0020,UTILITY_METRO_POWER,211.86,2026-09-03T14:19:16.440968+00:00,USD,Monthly Bill Payment
TXN-NORM-000733,USER_0117,USER_0118,211.16,2026-09-13T17:01:03.270531+00:00,USD,Personal Transfer
TXN-NORM-000734,USER_0162,HEALTHCARE_CLINIC_CITY,225.96,2026-09-20T12:55:26.992200+00:00,USD,Monthly Bill Payment
TXN-NORM-000735,USER_0024,USER_0025,396.64,2026-09-03T21:18:21.212055+00:00,USD,Personal Transfer
TXN-NORM-000736,USER_0155,SUBSCRIPTION_STREAM_NOW,292.19,2026-09-10T04:18:14.690513+00:00,USD,Monthly Bill Payment
TXN-NORM-000737,USER_0016,SUBSCRIPTION_STREAM_NOW,283.95,2026-09-16T19:23:36.052731+00:00,USD,Monthly Bill Payment
TXN-NORM-000738,USER_0280,GROCERY_MARKET_CENTRAL,306.82,2026-09-19T19:40:25.127912+00:00,USD,Monthly Bill Payment
TXN-NORM-000739,USER_0192,USER_0193,35.26,2026-09-02T04:58:58.244840+00:00,USD,Personal Transfer
TXN-NORM-000740,USER_0294,UTILITY_CITY_WATER,268.20,2026-09-16T19:23:37.242163+00:00,USD,Monthly Bill Payment
TXN-NORM-000741,USER_0177,UTILITY_CITY_WATER,96.76,2026-09-27T03:58:30.704827+00:00,USD,Monthly Bill Payment
TXN-NORM-000742,USER_0130,GROCERY_MARKET_CENTRAL,328.02,2026-09-06T20:44:14.303776+00:00,USD,Monthly Bill Payment
TXN-NORM-000743,USER_0282,UTILITY_METRO_POWER,106.47,2026-09-17T11:09:19.521508+00:00,USD,Monthly Bill Payment
TXN-NORM-000744,USER_0102,USER_0103,77.18,2026-09-15T17:59:21.715052+00:00,USD,Personal Transfer
TXN-NORM-000745,USER_0121,SUBSCRIPTION_STREAM_NOW,171.46,2026-09-19T06:33:39.951777+00:00,USD,Monthly Bill Payment
TXN-NORM-000746,USER_0157,USER_0158,168.42,2026-09-06T11:17:37.199729+00:00,USD,Personal Transfer
TXN-NORM-000747,USER_0220,HEALTHCARE_CLINIC_CITY,233.27,2026-09-10T18:52:43.021847+00:00,USD,Monthly Bill Payment
TXN-NORM-000748,USER_0142,USER_0143,247.78,2026-09-05T22:15:52.267309+00:00,USD,Personal Transfer
TXN-NORM-000749,USER_0229,HEALTHCARE_CLINIC_CITY,222.15,2026-09-10T09:07:38.093639+00:00,USD,Monthly Bill Payment
TXN-NORM-000750,USER_0144,USER_0145,370.77,2026-09-05T21:24:42.422541+00:00,USD,Personal Transfer
TXN-NORM-000751,USER_0040,USER_0041,297.22,2026-09-26T15:37:13.073872+00:00,USD,Personal Transfer
TXN-NORM-000752,USER_0208,USER_0209,141.40,2026-09-07T17:26:52.399669+00:00,USD,Personal Transfer
TXN-NORM-000753,USER_0277,UTILITY_CITY_WATER,314.72,2026-09-23T19:53:19.456052+00:00,USD,Monthly Bill Payment
TXN-NORM-000754,USER_0149,TELECOM_APEX_MOBILE,188.20,2026-09-15T19:22:07.471995+00:00,USD,Monthly Bill Payment
TXN-NORM-000755,USER_0123,USER_0124,264.36,2026-09-24T11:15:33.199628+00:00,USD,Personal Transfer
TXN-NORM-000756,USER_0229,HEALTHCARE_CLINIC_CITY,182.14,2026-09-17T17:24:58.143648+00:00,USD,Monthly Bill Payment
TXN-NORM-000757,USER_0184,TELECOM_APEX_MOBILE,145.07,2026-09-23T06:20:54.855112+00:00,USD,Monthly Bill Payment
TXN-NORM-000758,USER_0022,USER_0023,242.79,2026-09-16T15:34:33.419533+00:00,USD,Personal Transfer
TXN-NORM-000759,USER_0233,USER_0234,356.31,2026-09-03T06:13:12.670221+00:00,USD,Personal Transfer
TXN-NORM-000760,USER_0267,MUNICIPAL_TAX_BOARD,210.30,2026-09-09T17:08:56.867190+00:00,USD,Monthly Bill Payment
TXN-NORM-000761,USER_0193,USER_0194,137.02,2026-09-12T00:33:09.801154+00:00,USD,Personal Transfer
TXN-NORM-000762,USER_0115,GROCERY_MARKET_CENTRAL,181.69,2026-09-12T01:13:01.821585+00:00,USD,Monthly Bill Payment
TXN-NORM-000763,USER_0004,UTILITY_METRO_POWER,192.23,2026-09-05T19:41:11.442308+00:00,USD,Monthly Bill Payment
TXN-NORM-000764,USER_0144,HEALTHCARE_CLINIC_CITY,290.51,2026-09-07T10:11:07.345878+00:00,USD,Monthly Bill Payment
TXN-NORM-000765,USER_0118,HEALTHCARE_CLINIC_CITY,180.61,2026-09-11T02:01:06.610104+00:00,USD,Monthly Bill Payment
TXN-NORM-000766,USER_0108,UTILITY_CITY_WATER,39.02,2026-09-20T07:49:17.219450+00:00,USD,Monthly Bill Payment
TXN-NORM-000767,USER_0294,MUNICIPAL_TAX_BOARD,72.73,2026-09-05T13:33:40.401147+00:00,USD,Monthly Bill Payment
TXN-NORM-000768,USER_0086,MUNICIPAL_TAX_BOARD,232.23,2026-09-07T06:35:11.291401+00:00,USD,Monthly Bill Payment
TXN-NORM-000769,USER_0146,USER_0147,248.61,2026-09-08T10:20:51.429433+00:00,USD,Personal Transfer
TXN-NORM-000770,USER_0113,USER_0114,334.93,2026-09-18T17:22:17.771411+00:00,USD,Personal Transfer
TXN-NORM-000771,USER_0136,MUNICIPAL_TAX_BOARD,47.37,2026-09-21T11:06:18.635820+00:00,USD,Monthly Bill Payment
TXN-NORM-000772,USER_0194,GROCERY_MARKET_CENTRAL,320.54,2026-09-05T00:38:54.773766+00:00,USD,Monthly Bill Payment
TXN-NORM-000773,USER_0215,USER_0216,452.28,2026-09-18T20:21:00.639216+00:00,USD,Personal Transfer
TXN-NORM-000774,USER_0020,USER_0021,248.89,2026-09-16T16:19:43.780688+00:00,USD,Personal Transfer
TXN-NORM-000775,USER_0067,USER_0068,469.80,2026-09-16T19:27:21.227209+00:00,USD,Personal Transfer
TXN-NORM-000776,USER_0221,MUNICIPAL_TAX_BOARD,164.41,2026-09-12T03:08:17.066472+00:00,USD,Monthly Bill Payment
TXN-NORM-000777,USER_0247,USER_0248,79.93,2026-09-12T12:07:33.448278+00:00,USD,Personal Transfer
TXN-NORM-000778,USER_0245,USER_0246,305.17,2026-09-27T05:05:35.357388+00:00,USD,Personal Transfer
TXN-NORM-000779,USER_0279,MUNICIPAL_TAX_BOARD,63.29,2026-09-07T00:34:06.494828+00:00,USD,Monthly Bill Payment
TXN-NORM-000780,USER_0004,TELECOM_APEX_MOBILE,59.64,2026-09-07T21:22:54.092224+00:00,USD,Monthly Bill Payment
TXN-NORM-000781,USER_0219,USER_0220,192.34,2026-09-09T08:49:56.904546+00:00,USD,Personal Transfer
TXN-NORM-000782,USER_0142,USER_0143,282.77,2026-09-13T01:58:07.071474+00:00,USD,Personal Transfer
TXN-NORM-000783,USER_0286,TELECOM_APEX_MOBILE,212.74,2026-09-12T16:33:40.574261+00:00,USD,Monthly Bill Payment
TXN-NORM-000784,USER_0204,USER_0205,126.44,2026-09-25T17:41:26.203402+00:00,USD,Personal Transfer
TXN-NORM-000785,USER_0083,MUNICIPAL_TAX_BOARD,224.56,2026-09-16T08:38:12.611295+00:00,USD,Monthly Bill Payment
TXN-NORM-000786,USER_0027,UTILITY_METRO_POWER,292.56,2026-09-28T16:07:34.465153+00:00,USD,Monthly Bill Payment
TXN-NORM-000787,USER_0242,USER_0243,122.56,2026-09-13T23:11:43.428636+00:00,USD,Personal Transfer
TXN-NORM-000788,USER_0041,HEALTHCARE_CLINIC_CITY,194.33,2026-09-22T11:10:17.976401+00:00,USD,Monthly Bill Payment
TXN-NORM-000789,USER_0030,USER_0031,20.19,2026-09-25T06:05:30.578063+00:00,USD,Personal Transfer
TXN-NORM-000790,USER_0266,UTILITY_CITY_WATER,244.06,2026-09-02T23:33:17.358102+00:00,USD,Monthly Bill Payment
TXN-NORM-000791,USER_0185,TELECOM_APEX_MOBILE,278.39,2026-09-01T22:40:32.486042+00:00,USD,Monthly Bill Payment
TXN-NORM-000792,USER_0181,USER_0182,22.45,2026-09-13T07:26:23.882651+00:00,USD,Personal Transfer
TXN-NORM-000793,USER_0036,USER_0037,482.19,2026-09-17T12:46:26.066933+00:00,USD,Personal Transfer
TXN-NORM-000794,USER_0142,SUBSCRIPTION_STREAM_NOW,211.84,2026-09-29T05:14:47.018133+00:00,USD,Monthly Bill Payment
TXN-NORM-000795,USER_0134,TELECOM_APEX_MOBILE,135.49,2026-09-15T22:54:37.305310+00:00,USD,Monthly Bill Payment
TXN-NORM-000796,USER_0060,USER_0061,229.74,2026-09-28T18:44:45.289736+00:00,USD,Personal Transfer
TXN-NORM-000797,USER_0194,SUBSCRIPTION_STREAM_NOW,246.52,2026-09-23T15:47:12.116116+00:00,USD,Monthly Bill Payment
TXN-NORM-000798,USER_0015,GROCERY_MARKET_CENTRAL,348.11,2026-09-09T10:42:10.012283+00:00,USD,Monthly Bill Payment
TXN-NORM-000799,USER_0118,USER_0119,274.79,2026-09-13T17:06:37.551521+00:00,USD,Personal Transfer
TXN-NORM-000800,USER_0135,MUNICIPAL_TAX_BOARD,327.70,2026-09-04T17:44:44.811972+00:00,USD,Monthly Bill Payment
TXN-NORM-000801,USER_0244,HEALTHCARE_CLINIC_CITY,247.01,2026-09-08T03:56:06.779456+00:00,USD,Monthly Bill Payment
TXN-NORM-000802,USER_0098,TELECOM_APEX_MOBILE,92.20,2026-09-07T15:00:48.172479+00:00,USD,Monthly Bill Payment
TXN-NORM-000803,USER_0104,USER_0105,392.79,2026-09-25T12:33:34.998445+00:00,USD,Personal Transfer
TXN-NORM-000804,USER_0062,USER_0063,18.21,2026-09-21T05:34:25.675742+00:00,USD,Personal Transfer
TXN-NORM-000805,USER_0278,USER_0279,167.98,2026-09-25T20:52:40.421705+00:00,USD,Personal Transfer
TXN-NORM-000806,USER_0295,USER_0296,122.71,2026-09-15T18:27:35.748369+00:00,USD,Personal Transfer
TXN-NORM-000807,USER_0296,MUNICIPAL_TAX_BOARD,35.58,2026-09-16T22:55:56.831467+00:00,USD,Monthly Bill Payment
TXN-NORM-000808,USER_0178,UTILITY_METRO_POWER,251.93,2026-09-21T02:27:20.487780+00:00,USD,Monthly Bill Payment
TXN-NORM-000809,USER_0236,MUNICIPAL_TAX_BOARD,57.74,2026-09-02T05:26:13.552034+00:00,USD,Monthly Bill Payment
TXN-NORM-000810,USER_0186,TELECOM_APEX_MOBILE,178.19,2026-09-09T07:32:44.285938+00:00,USD,Monthly Bill Payment
TXN-NORM-000811,USER_0176,HEALTHCARE_CLINIC_CITY,269.46,2026-09-15T21:48:35.051240+00:00,USD,Monthly Bill Payment
TXN-NORM-000812,USER_0187,USER_0188,78.60,2026-09-09T18:14:23.764370+00:00,USD,Personal Transfer
TXN-NORM-000813,USER_0295,USER_0296,129.37,2026-09-24T19:25:55.447353+00:00,USD,Personal Transfer
TXN-NORM-000814,USER_0222,USER_0223,405.75,2026-09-07T09:11:02.141470+00:00,USD,Personal Transfer
TXN-NORM-000815,USER_0091,SUBSCRIPTION_STREAM_NOW,122.51,2026-09-05T22:16:32.064177+00:00,USD,Monthly Bill Payment
TXN-NORM-000816,USER_0288,USER_0289,94.22,2026-09-03T05:04:46.140049+00:00,USD,Personal Transfer
TXN-NORM-000817,USER_0111,USER_0112,376.13,2026-09-15T03:57:26.874766+00:00,USD,Personal Transfer
TXN-NORM-000818,USER_0134,UTILITY_METRO_POWER,158.82,2026-09-17T16:58:37.379922+00:00,USD,Monthly Bill Payment
TXN-NORM-000819,USER_0180,USER_0181,294.31,2026-09-28T20:54:10.257086+00:00,USD,Personal Transfer
TXN-NORM-000820,USER_0276,HEALTHCARE_CLINIC_CITY,190.89,2026-09-23T23:13:41.899514+00:00,USD,Monthly Bill Payment
TXN-NORM-000821,USER_0229,USER_0230,321.38,2026-09-12T18:02:54.505934+00:00,USD,Personal Transfer
TXN-NORM-000822,USER_0075,USER_0076,321.17,2026-09-20T00:45:58.098201+00:00,USD,Personal Transfer
TXN-NORM-000823,USER_0293,TELECOM_APEX_MOBILE,99.17,2026-09-27T02:56:34.014467+00:00,USD,Monthly Bill Payment
TXN-NORM-000824,USER_0163,USER_0164,445.53,2026-09-22T01:23:22.541883+00:00,USD,Personal Transfer
TXN-NORM-000825,USER_0186,USER_0187,96.15,2026-09-16T20:39:06.740831+00:00,USD,Personal Transfer
TXN-NORM-000826,USER_0012,HEALTHCARE_CLINIC_CITY,268.67,2026-09-08T15:17:22.924392+00:00,USD,Monthly Bill Payment
TXN-NORM-000827,USER_0108,SUBSCRIPTION_STREAM_NOW,203.24,2026-09-04T17:21:30.132093+00:00,USD,Monthly Bill Payment
TXN-NORM-000828,USER_0014,USER_0015,142.29,2026-09-16T10:21:31.957497+00:00,USD,Personal Transfer
TXN-NORM-000829,USER_0080,UTILITY_CITY_WATER,105.40,2026-09-28T05:30:32.578493+00:00,USD,Monthly Bill Payment
TXN-NORM-000830,USER_0146,UTILITY_METRO_POWER,240.65,2026-09-05T11:03:43.004877+00:00,USD,Monthly Bill Payment
TXN-NORM-000831,USER_0167,USER_0168,230.75,2026-09-15T02:48:57.907120+00:00,USD,Personal Transfer
TXN-NORM-000832,USER_0277,HEALTHCARE_CLINIC_CITY,232.85,2026-09-18T23:05:32.566347+00:00,USD,Monthly Bill Payment
TXN-NORM-000833,USER_0159,USER_0160,58.43,2026-09-15T11:45:50.280255+00:00,USD,Personal Transfer
TXN-NORM-000834,USER_0158,UTILITY_METRO_POWER,195.08,2026-09-09T08:22:00.467835+00:00,USD,Monthly Bill Payment
TXN-NORM-000835,USER_0070,SUBSCRIPTION_STREAM_NOW,332.76,2026-09-14T20:18:29.822993+00:00,USD,Monthly Bill Payment
TXN-NORM-000836,USER_0245,UTILITY_CITY_WATER,283.95,2026-09-23T11:51:33.667036+00:00,USD,Monthly Bill Payment
TXN-NORM-000837,USER_0281,UTILITY_CITY_WATER,78.06,2026-09-13T18:30:54.016536+00:00,USD,Monthly Bill Payment
TXN-NORM-000838,USER_0200,USER_0201,318.28,2026-09-07T23:33:31.278980+00:00,USD,Personal Transfer
TXN-NORM-000839,USER_0265,USER_0266,329.50,2026-09-27T11:00:19.686755+00:00,USD,Personal Transfer
TXN-NORM-000840,USER_0273,USER_0274,81.26,2026-09-13T08:03:49.568568+00:00,USD,Personal Transfer
TXN-NORM-000841,USER_0057,MUNICIPAL_TAX_BOARD,184.90,2026-09-19T07:45:53.815977+00:00,USD,Monthly Bill Payment
TXN-NORM-000842,USER_0165,UTILITY_METRO_POWER,116.69,2026-09-03T02:49:01.088018+00:00,USD,Monthly Bill Payment
TXN-NORM-000843,USER_0065,USER_0066,88.08,2026-09-22T07:21:15.219738+00:00,USD,Personal Transfer
TXN-NORM-000844,USER_0253,SUBSCRIPTION_STREAM_NOW,251.50,2026-09-14T02:10:41.031521+00:00,USD,Monthly Bill Payment
TXN-NORM-000845,USER_0017,TELECOM_APEX_MOBILE,277.09,2026-09-25T10:17:18.967164+00:00,USD,Monthly Bill Payment
TXN-NORM-000846,USER_0037,SUBSCRIPTION_STREAM_NOW,294.18,2026-09-07T03:52:06.708137+00:00,USD,Monthly Bill Payment
TXN-NORM-000847,USER_0063,USER_0064,487.86,2026-09-22T04:46:05.098523+00:00,USD,Personal Transfer
TXN-NORM-000848,USER_0127,USER_0128,388.93,2026-09-03T06:37:18.568448+00:00,USD,Personal Transfer
TXN-NORM-000849,USER_0267,USER_0268,481.19,2026-09-08T01:41:34.318652+00:00,USD,Personal Transfer
TXN-NORM-000850,USER_0166,SUBSCRIPTION_STREAM_NOW,232.52,2026-09-22T04:17:39.170522+00:00,USD,Monthly Bill Payment
TXN-NORM-000851,USER_0102,UTILITY_CITY_WATER,230.70,2026-09-03T10:23:40.079138+00:00,USD,Monthly Bill Payment
TXN-NORM-000852,USER_0167,GROCERY_MARKET_CENTRAL,104.00,2026-09-24T00:44:25.716214+00:00,USD,Monthly Bill Payment
TXN-NORM-000853,USER_0022,GROCERY_MARKET_CENTRAL,54.08,2026-09-21T04:18:37.729886+00:00,USD,Monthly Bill Payment
TXN-NORM-000854,USER_0081,GROCERY_MARKET_CENTRAL,228.17,2026-09-21T07:41:30.720451+00:00,USD,Monthly Bill Payment
TXN-NORM-000855,USER_0031,SUBSCRIPTION_STREAM_NOW,100.62,2026-09-06T03:35:49.623721+00:00,USD,Monthly Bill Payment
TXN-NORM-000856,USER_0286,USER_0287,108.59,2026-09-23T10:51:04.781528+00:00,USD,Personal Transfer
TXN-NORM-000857,USER_0194,HEALTHCARE_CLINIC_CITY,167.19,2026-09-05T13:07:59.988781+00:00,USD,Monthly Bill Payment
TXN-NORM-000858,USER_0151,TELECOM_APEX_MOBILE,130.20,2026-09-15T15:07:56.161441+00:00,USD,Monthly Bill Payment
TXN-NORM-000859,USER_0240,MUNICIPAL_TAX_BOARD,75.38,2026-09-25T03:08:18.075845+00:00,USD,Monthly Bill Payment
TXN-NORM-000860,USER_0152,USER_0153,391.32,2026-09-17T10:03:33.643984+00:00,USD,Personal Transfer
TXN-NORM-000861,USER_0260,GROCERY_MARKET_CENTRAL,143.32,2026-09-06T22:17:01.538337+00:00,USD,Monthly Bill Payment
TXN-NORM-000862,USER_0123,MUNICIPAL_TAX_BOARD,247.05,2026-09-04T00:00:49.104788+00:00,USD,Monthly Bill Payment
TXN-NORM-000863,USER_0283,TELECOM_APEX_MOBILE,60.90,2026-09-10T04:39:59.643603+00:00,USD,Monthly Bill Payment
TXN-NORM-000864,USER_0268,USER_0269,438.64,2026-09-03T02:53:47.720126+00:00,USD,Personal Transfer
TXN-NORM-000865,USER_0104,HEALTHCARE_CLINIC_CITY,296.80,2026-09-07T03:18:23.408274+00:00,USD,Monthly Bill Payment
TXN-NORM-000866,USER_0251,TELECOM_APEX_MOBILE,96.73,2026-09-21T15:02:59.527847+00:00,USD,Monthly Bill Payment
TXN-NORM-000867,USER_0037,GROCERY_MARKET_CENTRAL,50.99,2026-09-28T02:06:30.634283+00:00,USD,Monthly Bill Payment
TXN-NORM-000868,USER_0032,TELECOM_APEX_MOBILE,283.13,2026-09-23T01:05:56.979961+00:00,USD,Monthly Bill Payment
TXN-NORM-000869,USER_0030,USER_0031,49.14,2026-09-09T05:09:24.535892+00:00,USD,Personal Transfer
TXN-NORM-000870,USER_0156,HEALTHCARE_CLINIC_CITY,100.08,2026-09-07T21:04:00.056398+00:00,USD,Monthly Bill Payment
TXN-NORM-000871,USER_0198,HEALTHCARE_CLINIC_CITY,332.94,2026-09-16T17:20:17.440055+00:00,USD,Monthly Bill Payment
TXN-NORM-000872,USER_0286,USER_0287,324.73,2026-09-13T11:13:27.389978+00:00,USD,Personal Transfer
TXN-NORM-000873,USER_0184,USER_0185,65.49,2026-09-21T21:45:39.931229+00:00,USD,Personal Transfer
TXN-NORM-000874,USER_0093,MUNICIPAL_TAX_BOARD,168.98,2026-09-16T00:54:32.228976+00:00,USD,Monthly Bill Payment
TXN-NORM-000875,USER_0181,USER_0182,195.28,2026-09-17T12:38:04.080724+00:00,USD,Personal Transfer
TXN-NORM-000876,USER_0221,USER_0222,279.63,2026-09-11T01:34:57.849832+00:00,USD,Personal Transfer
TXN-NORM-000877,USER_0193,USER_0194,481.40,2026-09-27T21:55:52.725725+00:00,USD,Personal Transfer
TXN-NORM-000878,USER_0230,USER_0231,303.94,2026-09-01T18:49:51.572684+00:00,USD,Personal Transfer
TXN-NORM-000879,USER_0266,UTILITY_CITY_WATER,94.82,2026-09-26T13:52:40.765535+00:00,USD,Monthly Bill Payment
TXN-NORM-000880,USER_0162,MUNICIPAL_TAX_BOARD,191.16,2026-09-25T00:44:15.499454+00:00,USD,Monthly Bill Payment
TXN-NORM-000881,USER_0293,USER_0294,187.49,2026-09-06T02:28:49.275067+00:00,USD,Personal Transfer
TXN-NORM-000882,USER_0071,TELECOM_APEX_MOBILE,288.60,2026-09-26T20:19:35.289694+00:00,USD,Monthly Bill Payment
TXN-NORM-000883,USER_0048,UTILITY_METRO_POWER,260.16,2026-09-17T21:12:45.174342+00:00,USD,Monthly Bill Payment
TXN-NORM-000884,USER_0248,HEALTHCARE_CLINIC_CITY,122.63,2026-09-24T21:55:32.033904+00:00,USD,Monthly Bill Payment
TXN-NORM-000885,USER_0296,GROCERY_MARKET_CENTRAL,166.15,2026-09-23T22:08:10.666569+00:00,USD,Monthly Bill Payment
TXN-NORM-000886,USER_0062,USER_0063,392.05,2026-09-08T01:52:36.549879+00:00,USD,Personal Transfer
TXN-NORM-000887,USER_0196,MUNICIPAL_TAX_BOARD,73.61,2026-09-16T19:05:37.531825+00:00,USD,Monthly Bill Payment
TXN-NORM-000888,USER_0258,USER_0259,380.13,2026-09-06T12:26:51.723668+00:00,USD,Personal Transfer
TXN-NORM-000889,USER_0295,SUBSCRIPTION_STREAM_NOW,73.10,2026-09-08T07:56:30.731797+00:00,USD,Monthly Bill Payment
TXN-NORM-000890,USER_0173,SUBSCRIPTION_STREAM_NOW,110.33,2026-09-17T17:37:11.829861+00:00,USD,Monthly Bill Payment
TXN-NORM-000891,USER_0205,UTILITY_CITY_WATER,181.30,2026-09-23T12:21:11.921177+00:00,USD,Monthly Bill Payment
TXN-NORM-000892,USER_0102,MUNICIPAL_TAX_BOARD,349.05,2026-09-20T04:43:43.997066+00:00,USD,Monthly Bill Payment
TXN-NORM-000893,USER_0269,HEALTHCARE_CLINIC_CITY,325.34,2026-09-04T06:42:22.113251+00:00,USD,Monthly Bill Payment
TXN-NORM-000894,USER_0046,UTILITY_CITY_WATER,129.24,2026-09-13T17:42:04.352392+00:00,USD,Monthly Bill Payment
TXN-NORM-000895,USER_0013,USER_0014,413.47,2026-09-06T22:22:59.969215+00:00,USD,Personal Transfer
TXN-NORM-000896,USER_0227,HEALTHCARE_CLINIC_CITY,146.49,2026-09-14T07:32:03.511510+00:00,USD,Monthly Bill Payment
TXN-NORM-000897,USER_0044,GROCERY_MARKET_CENTRAL,291.54,2026-09-03T10:50:07.153489+00:00,USD,Monthly Bill Payment
TXN-NORM-000898,USER_0008,SUBSCRIPTION_STREAM_NOW,32.39,2026-09-24T13:24:47.061692+00:00,USD,Monthly Bill Payment
TXN-NORM-000899,USER_0108,USER_0109,249.27,2026-09-07T23:51:18.155828+00:00,USD,Personal Transfer
TXN-NORM-000900,USER_0073,USER_0074,454.43,2026-09-20T21:29:02.228373+00:00,USD,Personal Transfer
TXN-NORM-000901,USER_0270,GROCERY_MARKET_CENTRAL,251.37,2026-09-06T20:38:45.728380+00:00,USD,Monthly Bill Payment
TXN-NORM-000902,USER_0139,SUBSCRIPTION_STREAM_NOW,239.62,2026-09-19T23:53:33.135483+00:00,USD,Monthly Bill Payment
TXN-NORM-000903,USER_0185,USER_0186,490.20,2026-09-02T18:24:29.444543+00:00,USD,Personal Transfer
TXN-NORM-000904,USER_0261,USER_0262,435.38,2026-09-04T22:36:40.723619+00:00,USD,Personal Transfer
TXN-NORM-000905,USER_0273,HEALTHCARE_CLINIC_CITY,31.98,2026-09-07T21:09:00.602132+00:00,USD,Monthly Bill Payment
TXN-NORM-000906,USER_0127,USER_0128,376.03,2026-09-10T20:59:46.089696+00:00,USD,Personal Transfer
TXN-NORM-000907,USER_0010,MUNICIPAL_TAX_BOARD,114.66,2026-09-11T22:17:27.599590+00:00,USD,Monthly Bill Payment
TXN-NORM-000908,USER_0032,TELECOM_APEX_MOBILE,98.31,2026-09-26T06:20:44.290074+00:00,USD,Monthly Bill Payment
TXN-NORM-000909,USER_0175,USER_0176,200.37,2026-09-20T04:02:53.420854+00:00,USD,Personal Transfer
TXN-NORM-000910,USER_0117,MUNICIPAL_TAX_BOARD,132.02,2026-09-18T06:19:46.335823+00:00,USD,Monthly Bill Payment
TXN-NORM-000911,USER_0278,UTILITY_CITY_WATER,125.42,2026-09-20T05:12:44.461727+00:00,USD,Monthly Bill Payment
TXN-NORM-000912,USER_0269,USER_0270,467.52,2026-09-13T22:03:15.794622+00:00,USD,Personal Transfer
TXN-NORM-000913,USER_0081,TELECOM_APEX_MOBILE,297.84,2026-09-17T09:46:42.228972+00:00,USD,Monthly Bill Payment
TXN-NORM-000914,USER_0075,USER_0076,162.12,2026-09-23T15:22:07.023899+00:00,USD,Personal Transfer
TXN-NORM-000915,USER_0141,UTILITY_METRO_POWER,272.80,2026-09-07T03:25:25.224202+00:00,USD,Monthly Bill Payment
TXN-NORM-000916,USER_0137,HEALTHCARE_CLINIC_CITY,33.48,2026-09-19T02:40:15.394398+00:00,USD,Monthly Bill Payment
TXN-NORM-000917,USER_0041,USER_0042,330.04,2026-09-15T16:16:58.247550+00:00,USD,Personal Transfer
TXN-NORM-000918,USER_0095,USER_0096,108.73,2026-09-15T14:38:19.098464+00:00,USD,Personal Transfer
TXN-NORM-000919,USER_0017,UTILITY_CITY_WATER,266.27,2026-09-29T02:33:06.881495+00:00,USD,Monthly Bill Payment
TXN-NORM-000920,USER_0104,USER_0105,314.27,2026-09-04T04:36:05.577748+00:00,USD,Personal Transfer
TXN-NORM-000921,USER_0167,USER_0168,391.46,2026-09-27T01:08:41.515851+00:00,USD,Personal Transfer
TXN-NORM-000922,USER_0195,USER_0196,68.02,2026-09-12T18:52:23.932367+00:00,USD,Personal Transfer
TXN-NORM-000923,USER_0234,USER_0235,275.87,2026-09-03T05:21:06.110495+00:00,USD,Personal Transfer
TXN-NORM-000924,USER_0021,TELECOM_APEX_MOBILE,167.86,2026-09-16T04:11:54.337201+00:00,USD,Monthly Bill Payment
TXN-NORM-000925,USER_0156,USER_0157,157.79,2026-09-09T22:17:54.270290+00:00,USD,Personal Transfer
TXN-NORM-000926,USER_0028,USER_0029,328.36,2026-09-27T13:23:04.366788+00:00,USD,Personal Transfer
TXN-NORM-000927,USER_0047,USER_0048,215.58,2026-09-05T01:35:46.898935+00:00,USD,Personal Transfer
TXN-NORM-000928,USER_0231,SUBSCRIPTION_STREAM_NOW,54.31,2026-09-14T16:07:04.634380+00:00,USD,Monthly Bill Payment
TXN-NORM-000929,USER_0166,USER_0167,370.63,2026-09-27T06:35:09.546822+00:00,USD,Personal Transfer
TXN-NORM-000930,USER_0047,MUNICIPAL_TAX_BOARD,254.87,2026-09-14T17:24:01.850554+00:00,USD,Monthly Bill Payment
TXN-NORM-000931,USER_0262,GROCERY_MARKET_CENTRAL,80.54,2026-09-06T16:30:07.747857+00:00,USD,Monthly Bill Payment
TXN-NORM-000932,USER_0172,GROCERY_MARKET_CENTRAL,72.00,2026-09-20T07:11:17.457842+00:00,USD,Monthly Bill Payment
TXN-NORM-000933,USER_0027,HEALTHCARE_CLINIC_CITY,83.73,2026-09-10T22:57:12.446354+00:00,USD,Monthly Bill Payment
TXN-NORM-000934,USER_0068,USER_0069,237.44,2026-09-02T03:45:56.264035+00:00,USD,Personal Transfer
TXN-NORM-000935,USER_0256,UTILITY_CITY_WATER,216.38,2026-09-02T12:30:02.043154+00:00,USD,Monthly Bill Payment
TXN-NORM-000936,USER_0244,MUNICIPAL_TAX_BOARD,115.39,2026-09-14T01:31:47.071412+00:00,USD,Monthly Bill Payment
TXN-NORM-000937,USER_0286,USER_0287,41.71,2026-09-07T17:35:02.895383+00:00,USD,Personal Transfer
TXN-NORM-000938,USER_0179,UTILITY_METRO_POWER,40.94,2026-09-25T22:28:26.726635+00:00,USD,Monthly Bill Payment
TXN-NORM-000939,USER_0214,USER_0215,335.55,2026-09-06T15:04:48.245835+00:00,USD,Personal Transfer
TXN-NORM-000940,USER_0294,USER_0295,295.80,2026-09-07T06:58:59.789088+00:00,USD,Personal Transfer
TXN-NORM-000941,USER_0019,SUBSCRIPTION_STREAM_NOW,291.59,2026-09-10T13:45:27.305557+00:00,USD,Monthly Bill Payment
TXN-NORM-000942,USER_0219,USER_0220,74.18,2026-09-04T04:00:27.696800+00:00,USD,Personal Transfer
TXN-NORM-000943,USER_0141,UTILITY_CITY_WATER,223.92,2026-09-13T13:11:08.265777+00:00,USD,Monthly Bill Payment
TXN-NORM-000944,USER_0056,HEALTHCARE_CLINIC_CITY,248.81,2026-09-29T03:40:21.805110+00:00,USD,Monthly Bill Payment
TXN-NORM-000945,USER_0148,MUNICIPAL_TAX_BOARD,348.38,2026-09-25T17:38:07.874205+00:00,USD,Monthly Bill Payment
TXN-NORM-000946,USER_0182,USER_0183,368.65,2026-09-19T12:16:42.856234+00:00,USD,Personal Transfer
TXN-NORM-000947,USER_0255,TELECOM_APEX_MOBILE,343.26,2026-09-07T01:36:57.176341+00:00,USD,Monthly Bill Payment
TXN-NORM-000948,USER_0001,GROCERY_MARKET_CENTRAL,92.38,2026-09-14T20:28:14.714796+00:00,USD,Monthly Bill Payment
TXN-NORM-000949,USER_0213,HEALTHCARE_CLINIC_CITY,90.39,2026-09-11T06:54:26.262874+00:00,USD,Monthly Bill Payment
TXN-NORM-000950,USER_0145,MUNICIPAL_TAX_BOARD,130.28,2026-09-04T00:21:22.901021+00:00,USD,Monthly Bill Payment
TXN-NORM-000951,USER_0004,MUNICIPAL_TAX_BOARD,225.20,2026-09-11T13:19:58.404473+00:00,USD,Monthly Bill Payment
TXN-NORM-000952,USER_0015,USER_0016,341.15,2026-09-07T14:17:46.196279+00:00,USD,Personal Transfer
TXN-NORM-000953,USER_0243,USER_0244,319.19,2026-09-20T08:52:43.417045+00:00,USD,Personal Transfer
TXN-NORM-000954,USER_0275,USER_0276,375.15,2026-09-15T05:03:11.864881+00:00,USD,Personal Transfer
TXN-NORM-000955,USER_0267,MUNICIPAL_TAX_BOARD,31.08,2026-09-22T09:25:09.591908+00:00,USD,Monthly Bill Payment
TXN-NORM-000956,USER_0296,USER_0297,485.26,2026-09-24T11:50:07.893488+00:00,USD,Personal Transfer
TXN-NORM-000957,USER_0144,USER_0145,274.12,2026-09-11T17:09:47.252625+00:00,USD,Personal Transfer
TXN-NORM-000958,USER_0085,GROCERY_MARKET_CENTRAL,269.25,2026-09-12T18:10:12.877196+00:00,USD,Monthly Bill Payment
TXN-NORM-000959,USER_0162,USER_0163,440.37,2026-09-09T09:42:40.812558+00:00,USD,Personal Transfer
TXN-NORM-000960,USER_0191,TELECOM_APEX_MOBILE,81.88,2026-09-28T12:33:23.873920+00:00,USD,Monthly Bill Payment
TXN-NORM-000961,USER_0192,USER_0193,260.41,2026-09-23T12:40:30.406040+00:00,USD,Personal Transfer
TXN-NORM-000962,USER_0248,USER_0249,249.48,2026-09-06T11:33:13.726592+00:00,USD,Personal Transfer
TXN-NORM-000963,USER_0269,MUNICIPAL_TAX_BOARD,244.93,2026-09-11T00:27:07.772454+00:00,USD,Monthly Bill Payment
TXN-NORM-000964,USER_0068,GROCERY_MARKET_CENTRAL,194.76,2026-09-03T06:37:32.083422+00:00,USD,Monthly Bill Payment
TXN-NORM-000965,USER_0003,SUBSCRIPTION_STREAM_NOW,313.99,2026-09-03T01:13:56.869213+00:00,USD,Monthly Bill Payment
TXN-NORM-000966,USER_0053,MUNICIPAL_TAX_BOARD,271.51,2026-09-20T11:40:21.162093+00:00,USD,Monthly Bill Payment
TXN-NORM-000967,USER_0108,TELECOM_APEX_MOBILE,276.16,2026-09-07T10:53:42.817051+00:00,USD,Monthly Bill Payment
TXN-NORM-000968,USER_0061,MUNICIPAL_TAX_BOARD,206.88,2026-09-06T05:51:33.593403+00:00,USD,Monthly Bill Payment
TXN-NORM-000969,USER_0053,UTILITY_CITY_WATER,331.57,2026-09-11T22:15:22.890554+00:00,USD,Monthly Bill Payment
TXN-NORM-000970,USER_0146,TELECOM_APEX_MOBILE,200.69,2026-09-06T21:44:08.604876+00:00,USD,Monthly Bill Payment
TXN-NORM-000971,USER_0026,SUBSCRIPTION_STREAM_NOW,42.48,2026-09-14T21:42:16.357335+00:00,USD,Monthly Bill Payment
TXN-NORM-000972,USER_0219,TELECOM_APEX_MOBILE,126.54,2026-09-21T23:54:07.620219+00:00,USD,Monthly Bill Payment
TXN-NORM-000973,USER_0102,USER_0103,381.54,2026-09-20T13:35:53.027044+00:00,USD,Personal Transfer
TXN-NORM-000974,USER_0239,SUBSCRIPTION_STREAM_NOW,125.88,2026-09-04T21:43:00.013190+00:00,USD,Monthly Bill Payment
TXN-NORM-000975,USER_0239,MUNICIPAL_TAX_BOARD,108.87,2026-09-28T08:43:40.902214+00:00,USD,Monthly Bill Payment
TXN-NORM-000976,USER_0187,GROCERY_MARKET_CENTRAL,311.78,2026-09-21T16:41:43.020996+00:00,USD,Monthly Bill Payment
TXN-NORM-000977,USER_0233,SUBSCRIPTION_STREAM_NOW,174.90,2026-09-03T16:32:06.733658+00:00,USD,Monthly Bill Payment
TXN-NORM-000978,USER_0088,UTILITY_METRO_POWER,156.85,2026-09-11T15:21:58.440469+00:00,USD,Monthly Bill Payment
TXN-NORM-000979,USER_0055,SUBSCRIPTION_STREAM_NOW,155.27,2026-09-20T05:50:21.597613+00:00,USD,Monthly Bill Payment
TXN-NORM-000980,USER_0212,SUBSCRIPTION_STREAM_NOW,46.47,2026-09-08T18:04:31.924123+00:00,USD,Monthly Bill Payment
TXN-NORM-000981,USER_0107,USER_0108,396.85,2026-09-18T18:42:49.123003+00:00,USD,Personal Transfer
TXN-NORM-000982,USER_0279,USER_0280,466.47,2026-09-06T16:04:52.876967+00:00,USD,Personal Transfer
TXN-NORM-000983,USER_0294,USER_0295,284.22,2026-09-05T12:17:02.114560+00:00,USD,Personal Transfer
TXN-NORM-000984,USER_0228,UTILITY_METRO_POWER,247.79,2026-09-28T12:05:34.400503+00:00,USD,Monthly Bill Payment
TXN-NORM-000985,USER_0195,UTILITY_CITY_WATER,290.54,2026-09-19T18:22:04.962134+00:00,USD,Monthly Bill Payment
TXN-NORM-000986,USER_0298,USER_0001,86.16,2026-09-19T12:09:16.330637+00:00,USD,Personal Transfer
TXN-NORM-000987,USER_0077,UTILITY_CITY_WATER,246.49,2026-09-10T10:47:26.082768+00:00,USD,Monthly Bill Payment
TXN-NORM-000988,USER_0163,SUBSCRIPTION_STREAM_NOW,258.28,2026-09-24T07:15:40.284076+00:00,USD,Monthly Bill Payment
TXN-NORM-000989,USER_0177,USER_0178,76.86,2026-09-18T12:29:38.343668+00:00,USD,Personal Transfer
TXN-NORM-000990,USER_0151,HEALTHCARE_CLINIC_CITY,207.01,2026-09-26T21:45:37.027518+00:00,USD,Monthly Bill Payment
TXN-NORM-000991,USER_0184,SUBSCRIPTION_STREAM_NOW,253.22,2026-09-09T14:37:02.320881+00:00,USD,Monthly Bill Payment
TXN-NORM-000992,USER_0202,SUBSCRIPTION_STREAM_NOW,202.16,2026-09-22T02:24:13.093866+00:00,USD,Monthly Bill Payment
TXN-NORM-000993,USER_0089,TELECOM_APEX_MOBILE,297.99,2026-09-07T12:19:12.086797+00:00,USD,Monthly Bill Payment
TXN-NORM-000994,USER_0079,UTILITY_METRO_POWER,48.32,2026-09-26T05:55:01.748725+00:00,USD,Monthly Bill Payment
TXN-NORM-000995,USER_0009,UTILITY_METRO_POWER,69.60,2026-09-26T23:03:17.262283+00:00,USD,Monthly Bill Payment
TXN-NORM-000996,USER_0213,USER_0214,102.20,2026-09-27T05:23:34.156816+00:00,USD,Personal Transfer
TXN-NORM-000997,USER_0261,UTILITY_CITY_WATER,85.38,2026-09-25T02:53:11.374047+00:00,USD,Monthly Bill Payment
TXN-NORM-000998,USER_0004,MUNICIPAL_TAX_BOARD,112.51,2026-09-25T16:10:11.577060+00:00,USD,Monthly Bill Payment
TXN-NORM-000999,USER_0280,SUBSCRIPTION_STREAM_NOW,254.09,2026-09-02T17:24:21.859934+00:00,USD,Monthly Bill Payment
TXN-NORM-001000,USER_0058,HEALTHCARE_CLINIC_CITY,262.67,2026-09-28T15:31:46.549808+00:00,USD,Monthly Bill Payment
